movieId,title,year,(no genres listed),Action,Adventure,Animation,Children,Comedy,Crime,Documentary,Drama,Fantasy,Film-Noir,Horror,IMAX,Musical,Mystery,Romance,Sci-Fi,Thriller,War,Western
1,toy story,1995.0,0,0,1,1,1,1,0,0,0,1,0,0,0,0,0,0,0,0,0,0
2,jumanji,1995.0,0,0,1,0,1,0,0,0,0,1,0,0,0,0,0,0,0,0,0,0
3,grumpier old men,1995.0,0,0,0,0,0,1,0,0,0,0,0,0,0,0,0,1,0,0,0,0
4,waiting to exhale,1995.0,0,0,0,0,0,1,0,0,1,0,0,0,0,0,0,1,0,0,0,0
5,father of the bride part ii,1995.0,0,0,0,0,0,1,0,0,0,0,0,0,0,0,0,0,0,0,0,0
6,heat,1995.0,0,1,0,0,0,0,1,0,0,0,0,0,0,0,0,0,0,1,0,0
7,sabrina,1995.0,0,0,0,0,0,1,0,0,0,0,0,0,0,0,0,1,0,0,0,0
8,tom and huck,1995.0,0,0,1,0,1,0,0,0,0,0,0,0,0,0,0,0,0,0,0,0
9,sudden death,1995.0,0,1,0,0,0,0,0,0,0,0,0,0,0,0,0,0,0,0,0,0
10,goldeneye,1995.0,0,1,1,0,0,0,0,0,0,0,0,0,0,0,0,0,0,1,0,0
11,american president the,1995.0,0,0,0,0,0,1,0,0,1,0,0,0,0,0,0,1,0,0,0,0
12,dracula dead and loving it,1995.0,0,0,0,0,0,1,0,0,0,0,0,1,0,0,0,0,0,0,0,0
13,balto,1995.0,0,0,1,1,1,0,0,0,0,0,0,0,0,0,0,0,0,0,0,0
14,nixon,1995.0,0,0,0,0,0,0,0,0,1,0,0,0,0,0,0,0,0,0,0,0
15,cutthroat island,1995.0,0,1,1,0,0,0,0,0,0,0,0,0,0,0,0,1,0,0,0,0
16,casino,1995.0,0,0,0,0,0,0,1,0,1,0,0,0,0,0,0,0,0,0,0,0
17,sense and sensibility,1995.0,0,0,0,0,0,0,0,0,1,0,0,0,0,0,0,1,0,0,0,0
18,four rooms,1995.0,0,0,0,0,0,1,0,0,0,0,0,0,0,0,0,0,0,0,0,0
19,ace ventura when nature calls,1995.0,0,0,0,0,0,1,0,0,0,0,0,0,0,0,0,0,0,0,0,0
20,money train,1995.0,0,1,0,0,0,1,1,0,1,0,0,0,0,0,0,0,0,1,0,0
21,get shorty,1995.0,0,0,0,0,0,1,1,0,0,0,0,0,0,0,0,0,0,1,0,0
22,copycat,1995.0,0,0,0,0,0,0,1,0,1,0,0,1,0,0,1,0,0,1,0,0
23,assassins,1995.0,0,1,0,0,0,0,1,0,0,0,0,0,0,0,0,0,0,1,0,0
24,powder,1995.0,0,0,0,0,0,0,0,0,1,0,0,0,0,0,0,0,1,0,0,0
25,leaving las vegas,1995.0,0,0,0,0,0,0,0,0,1,0,0,0,0,0,0,1,0,0,0,0
26,othello,1995.0,0,0,0,0,0,0,0,0,1,0,0,0,0,0,0,0,0,0,0,0
27,now and then,1995.0,0,0,0,0,1,0,0,0,1,0,0,0,0,0,0,0,0,0,0,0
28,persuasion,1995.0,0,0,0,0,0,0,0,0,1,0,0,0,0,0,0,1,0,0,0,0
29,city of lost children the cité des enfants perdus la,1995.0,0,0,1,0,0,0,0,0,1,1,0,0,0,0,1,0,1,0,0,0
30,shanghai triad yao a yao yao dao waipo qiao,1995.0,0,0,0,0,0,0,1,0,1,0,0,0,0,0,0,0,0,0,0,0
31,dangerous minds,1995.0,0,0,0,0,0,0,0,0,1,0,0,0,0,0,0,0,0,0,0,0
32,twelve monkeys aka 12 monkeys,1995.0,0,0,0,0,0,0,0,0,0,0,0,0,0,0,1,0,1,1,0,0
34,babe,1995.0,0,0,0,0,1,0,0,0,1,0,0,0,0,0,0,0,0,0,0,0
36,dead man walking,1995.0,0,0,0,0,0,0,1,0,1,0,0,0,0,0,0,0,0,0,0,0
38,it takes two,1995.0,0,0,0,0,1,1,0,0,0,0,0,0,0,0,0,0,0,0,0,0
39,clueless,1995.0,0,0,0,0,0,1,0,0,0,0,0,0,0,0,0,1,0,0,0,0
40,cry the beloved country,1995.0,0,0,0,0,0,0,0,0,1,0,0,0,0,0,0,0,0,0,0,0
41,richard iii,1995.0,0,0,0,0,0,0,0,0,1,0,0,0,0,0,0,0,0,0,1,0
42,dead presidents,1995.0,0,1,0,0,0,0,1,0,1,0,0,0,0,0,0,0,0,0,0,0
43,restoration,1995.0,0,0,0,0,0,0,0,0,1,0,0,0,0,0,0,0,0,0,0,0
44,mortal kombat,1995.0,0,1,1,0,0,0,0,0,0,1,0,0,0,0,0,0,0,0,0,0
45,to die for,1995.0,0,0,0,0,0,1,0,0,1,0,0,0,0,0,0,0,0,1,0,0
46,how to make an american quilt,1995.0,0,0,0,0,0,0,0,0,1,0,0,0,0,0,0,1,0,0,0,0
47,seven aka se7en,1995.0,0,0,0,0,0,0,0,0,0,0,0,0,0,0,1,0,0,1,0,0
48,pocahontas,1995.0,0,0,0,1,1,0,0,0,1,0,0,0,0,1,0,1,0,0,0,0
49,when night is falling,1995.0,0,0,0,0,0,0,0,0,1,0,0,0,0,0,0,1,0,0,0,0
50,usual suspects the,1995.0,0,0,0,0,0,0,1,0,0,0,0,0,0,0,1,0,0,1,0,0
52,mighty aphrodite,1995.0,0,0,0,0,0,1,0,0,1,0,0,0,0,0,0,1,0,0,0,0
53,lamerica,1994.0,0,0,1,0,0,0,0,0,1,0,0,0,0,0,0,0,0,0,0,0
54,big green the,1995.0,0,0,0,0,1,1,0,0,0,0,0,0,0,0,0,0,0,0,0,0
55,georgia,1995.0,0,0,0,0,0,0,0,0,1,0,0,0,0,0,0,0,0,0,0,0
57,home for the holidays,1995.0,0,0,0,0,0,0,0,0,1,0,0,0,0,0,0,0,0,0,0,0
58,postman the postino il,1994.0,0,0,0,0,0,1,0,0,1,0,0,0,0,0,0,1,0,0,0,0
60,indian in the cupboard the,1995.0,0,0,1,0,1,0,0,0,0,1,0,0,0,0,0,0,0,0,0,0
61,eye for an eye,1996.0,0,0,0,0,0,0,0,0,1,0,0,0,0,0,0,0,0,1,0,0
62,mr hollands opus,1995.0,0,0,0,0,0,0,0,0,1,0,0,0,0,0,0,0,0,0,0,0
63,dont be a menace to south central while drinking your juice in the hood,1996.0,0,0,0,0,0,1,1,0,0,0,0,0,0,0,0,0,0,0,0,0
64,two if by sea,1996.0,0,0,0,0,0,1,0,0,0,0,0,0,0,0,0,1,0,0,0,0
65,biodome,1996.0,0,0,0,0,0,1,0,0,0,0,0,0,0,0,0,0,0,0,0,0
66,lawnmower man 2 beyond cyberspace,1996.0,0,1,0,0,0,0,0,0,0,0,0,0,0,0,0,0,1,1,0,0
68,french twist gazon maudit,1995.0,0,0,0,0,0,1,0,0,0,0,0,0,0,0,0,1,0,0,0,0
69,friday,1995.0,0,0,0,0,0,1,0,0,0,0,0,0,0,0,0,0,0,0,0,0
70,from dusk till dawn,1996.0,0,1,0,0,0,1,0,0,0,0,0,1,0,0,0,0,0,1,0,0
71,fair game,1995.0,0,1,0,0,0,0,0,0,0,0,0,0,0,0,0,0,0,0,0,0
72,kicking and screaming,1995.0,0,0,0,0,0,1,0,0,1,0,0,0,0,0,0,0,0,0,0,0
73,misérables les,1995.0,0,0,0,0,0,0,0,0,1,0,0,0,0,0,0,0,0,0,1,0
74,bed of roses,1996.0,0,0,0,0,0,0,0,0,1,0,0,0,0,0,0,1,0,0,0,0
75,big bully,1996.0,0,0,0,0,0,1,0,0,1,0,0,0,0,0,0,0,0,0,0,0
76,screamers,1995.0,0,1,0,0,0,0,0,0,0,0,0,0,0,0,0,0,1,1,0,0
77,nico icon,1995.0,0,0,0,0,0,0,0,1,0,0,0,0,0,0,0,0,0,0,0,0
78,crossing guard the,1995.0,0,1,0,0,0,0,1,0,1,0,0,0,0,0,0,0,0,1,0,0
79,juror the,1996.0,0,0,0,0,0,0,0,0,1,0,0,0,0,0,0,0,0,1,0,0
80,white balloon the badkonake sefid,1995.0,0,0,0,0,1,0,0,0,1,0,0,0,0,0,0,0,0,0,0,0
81,things to do in denver when youre dead,1995.0,0,0,0,0,0,0,1,0,1,0,0,0,0,0,0,1,0,0,0,0
82,antonias line antonia,1995.0,0,0,0,0,0,1,0,0,1,0,0,0,0,0,0,0,0,0,0,0
83,once upon a time when we were colored,1995.0,0,0,0,0,0,0,0,0,1,0,0,0,0,0,0,1,0,0,0,0
85,angels and insects,1995.0,0,0,0,0,0,0,0,0,1,0,0,0,0,0,0,1,0,0,0,0
86,white squall,1996.0,0,1,1,0,0,0,0,0,1,0,0,0,0,0,0,0,0,0,0,0
87,dunston checks in,1996.0,0,0,0,0,1,1,0,0,0,0,0,0,0,0,0,0,0,0,0,0
88,black sheep,1996.0,0,0,0,0,0,1,0,0,0,0,0,0,0,0,0,0,0,0,0,0
89,nick of time,1995.0,0,1,0,0,0,0,0,0,0,0,0,0,0,0,0,0,0,1,0,0
92,mary reilly,1996.0,0,0,0,0,0,0,0,0,1,0,0,1,0,0,0,0,0,1,0,0
93,vampire in brooklyn,1995.0,0,0,0,0,0,1,0,0,0,0,0,1,0,0,0,1,0,0,0,0
94,beautiful girls,1996.0,0,0,0,0,0,1,0,0,1,0,0,0,0,0,0,1,0,0,0,0
95,broken arrow,1996.0,0,1,1,0,0,0,0,0,0,0,0,0,0,0,0,0,0,1,0,0
96,in the bleak midwinter,1995.0,0,0,0,0,0,1,0,0,1,0,0,0,0,0,0,0,0,0,0,0
97,hate haine la,1995.0,0,0,0,0,0,0,1,0,1,0,0,0,0,0,0,0,0,0,0,0
99,heidi fleiss hollywood madam,1995.0,0,0,0,0,0,0,0,1,0,0,0,0,0,0,0,0,0,0,0,0
100,city hall,1996.0,0,0,0,0,0,0,0,0,1,0,0,0,0,0,0,0,0,1,0,0
101,bottle rocket,1996.0,0,0,1,0,0,1,1,0,0,0,0,0,0,0,0,1,0,0,0,0
102,mr wrong,1996.0,0,0,0,0,0,1,0,0,0,0,0,0,0,0,0,0,0,0,0,0
103,unforgettable,1996.0,0,0,0,0,0,0,0,0,0,0,0,0,0,0,1,0,1,1,0,0
104,happy gilmore,1996.0,0,0,0,0,0,1,0,0,0,0,0,0,0,0,0,0,0,0,0,0
105,bridges of madison county the,1995.0,0,0,0,0,0,0,0,0,1,0,0,0,0,0,0,1,0,0,0,0
106,nobody loves me keiner liebt mich,1994.0,0,0,0,0,0,1,0,0,1,0,0,0,0,0,0,0,0,0,0,0
107,muppet treasure island,1996.0,0,0,1,0,1,1,0,0,0,0,0,0,0,1,0,0,0,0,0,0
108,catwalk,1996.0,0,0,0,0,0,0,0,1,0,0,0,0,0,0,0,0,0,0,0,0
110,braveheart,1995.0,0,1,0,0,0,0,0,0,1,0,0,0,0,0,0,0,0,0,1,0
111,taxi driver,1976.0,0,0,0,0,0,0,1,0,1,0,0,0,0,0,0,0,0,1,0,0
112,rumble in the bronx hont faan kui,1995.0,0,1,1,0,0,1,1,0,0,0,0,0,0,0,0,0,0,0,0,0
113,before and after,1996.0,0,0,0,0,0,0,0,0,1,0,0,0,0,0,1,0,0,0,0,0
116,anne frank remembered,1995.0,0,0,0,0,0,0,0,1,0,0,0,0,0,0,0,0,0,0,0,0
117,young poisoners handbook the,1995.0,0,0,0,0,0,0,1,0,1,0,0,0,0,0,0,0,0,0,0,0
118,if lucy fell,1996.0,0,0,0,0,0,1,0,0,0,0,0,0,0,0,0,1,0,0,0,0
119,steal big steal little,1995.0,0,0,0,0,0,1,0,0,0,0,0,0,0,0,0,0,0,0,0,0
121,boys of st vincent the,1992.0,0,0,0,0,0,0,0,0,1,0,0,0,0,0,0,0,0,0,0,0
122,boomerang,1992.0,0,0,0,0,0,1,0,0,0,0,0,0,0,0,0,1,0,0,0,0
123,chungking express chung hing sam lam,1994.0,0,0,0,0,0,0,0,0,1,0,0,0,0,0,1,1,0,0,0,0
125,flirting with disaster,1996.0,0,0,0,0,0,1,0,0,0,0,0,0,0,0,0,0,0,0,0,0
126,neverending story iii the,1994.0,0,0,1,0,1,0,0,0,0,1,0,0,0,0,0,0,0,0,0,0
128,jupiters wife,1994.0,0,0,0,0,0,0,0,1,0,0,0,0,0,0,0,0,0,0,0,0
129,pie in the sky,1996.0,0,0,0,0,0,1,0,0,0,0,0,0,0,0,0,1,0,0,0,0
132,jade,1995.0,0,0,0,0,0,0,0,0,0,0,0,0,0,0,0,0,0,1,0,0
135,down periscope,1996.0,0,0,0,0,0,1,0,0,0,0,0,0,0,0,0,0,0,0,0,0
137,man of the year,1995.0,0,0,0,0,0,0,0,1,0,0,0,0,0,0,0,0,0,0,0,0
140,up close and personal,1996.0,0,0,0,0,0,0,0,0,1,0,0,0,0,0,0,1,0,0,0,0
141,birdcage the,1996.0,0,0,0,0,0,1,0,0,0,0,0,0,0,0,0,0,0,0,0,0
144,brothers mcmullen the,1995.0,0,0,0,0,0,1,0,0,0,0,0,0,0,0,0,0,0,0,0,0
145,bad boys,1995.0,0,1,0,0,0,1,1,0,1,0,0,0,0,0,0,0,0,1,0,0
146,amazing panda adventure the,1995.0,0,0,1,0,1,0,0,0,0,0,0,0,0,0,0,0,0,0,0,0
147,basketball diaries the,1995.0,0,0,0,0,0,0,0,0,1,0,0,0,0,0,0,0,0,0,0,0
148,awfully big adventure an,1995.0,0,0,0,0,0,0,0,0,1,0,0,0,0,0,0,0,0,0,0,0
149,amateur,1994.0,0,0,0,0,0,0,1,0,1,0,0,0,0,0,0,0,0,1,0,0
150,apollo 13,1995.0,0,0,1,0,0,0,0,0,1,0,0,0,1,0,0,0,0,0,0,0
151,rob roy,1995.0,0,1,0,0,0,0,0,0,1,0,0,0,0,0,0,1,0,0,1,0
152,addiction the,1995.0,0,0,0,0,0,0,0,0,1,0,0,1,0,0,0,0,0,0,0,0
153,batman forever,1995.0,0,1,1,0,0,1,1,0,0,0,0,0,0,0,0,0,0,0,0,0
154,beauty of the day belle de jour,1967.0,0,0,0,0,0,0,0,0,1,0,0,0,0,0,0,0,0,0,0,0
155,beyond rangoon,1995.0,0,0,1,0,0,0,0,0,1,0,0,0,0,0,0,0,0,0,1,0
156,blue in the face,1995.0,0,0,0,0,0,1,0,0,1,0,0,0,0,0,0,0,0,0,0,0
157,canadian bacon,1995.0,0,0,0,0,0,1,0,0,0,0,0,0,0,0,0,0,0,0,1,0
158,casper,1995.0,0,0,1,0,1,0,0,0,0,0,0,0,0,0,0,0,0,0,0,0
159,clockers,1995.0,0,0,0,0,0,0,1,0,1,0,0,0,0,0,1,0,0,0,0,0
160,congo,1995.0,0,1,1,0,0,0,0,0,0,0,0,0,0,0,1,0,1,0,0,0
161,crimson tide,1995.0,0,0,0,0,0,0,0,0,1,0,0,0,0,0,0,0,0,1,1,0
162,crumb,1994.0,0,0,0,0,0,0,0,1,0,0,0,0,0,0,0,0,0,0,0,0
163,desperado,1995.0,0,1,0,0,0,0,0,0,0,0,0,0,0,0,0,1,0,0,0,1
164,devil in a blue dress,1995.0,0,0,0,0,0,0,1,0,0,0,1,0,0,0,1,0,0,1,0,0
165,die hard with a vengeance,1995.0,0,1,0,0,0,0,1,0,0,0,0,0,0,0,0,0,0,1,0,0
166,doom generation the,1995.0,0,0,0,0,0,1,1,0,1,0,0,0,0,0,0,0,0,0,0,0
168,first knight,1995.0,0,1,0,0,0,0,0,0,1,0,0,0,0,0,0,1,0,0,0,0
169,free willy 2 the adventure home,1995.0,0,0,1,0,1,0,0,0,1,0,0,0,0,0,0,0,0,0,0,0
170,hackers,1995.0,0,1,1,0,0,0,1,0,0,0,0,0,0,0,0,0,0,1,0,0
171,jeffrey,1995.0,0,0,0,0,0,1,0,0,1,0,0,0,0,0,0,0,0,0,0,0
172,johnny mnemonic,1995.0,0,1,0,0,0,0,0,0,0,0,0,0,0,0,0,0,1,1,0,0
173,judge dredd,1995.0,0,1,0,0,0,0,1,0,0,0,0,0,0,0,0,0,1,0,0,0
174,jury duty,1995.0,0,0,0,0,0,1,0,0,0,0,0,0,0,0,0,0,0,0,0,0
175,kids,1995.0,0,0,0,0,0,0,0,0,1,0,0,0,0,0,0,0,0,0,0,0
176,living in oblivion,1995.0,0,0,0,0,0,1,0,0,0,0,0,0,0,0,0,0,0,0,0,0
177,lord of illusions,1995.0,0,0,0,0,0,0,0,0,0,0,0,1,0,0,0,0,0,0,0,0
178,love  human remains,1993.0,0,0,0,0,0,1,0,0,1,0,0,0,0,0,0,0,0,0,0,0
179,mad love,1995.0,0,0,0,0,0,0,0,0,1,0,0,0,0,0,0,1,0,0,0,0
180,mallrats,1995.0,0,0,0,0,0,1,0,0,0,0,0,0,0,0,0,1,0,0,0,0
181,mighty morphin power rangers the movie,1995.0,0,1,0,0,1,0,0,0,0,0,0,0,0,0,0,0,0,0,0,0
183,mute witness,1994.0,0,0,0,0,0,1,0,0,0,0,0,1,0,0,0,0,0,1,0,0
184,nadja,1994.0,0,0,0,0,0,0,0,0,1,0,0,0,0,0,0,0,0,0,0,0
185,net the,1995.0,0,1,0,0,0,0,1,0,0,0,0,0,0,0,0,0,0,1,0,0
186,nine months,1995.0,0,0,0,0,0,1,0,0,0,0,0,0,0,0,0,1,0,0,0,0
187,party girl,1995.0,0,0,0,0,0,1,0,0,0,0,0,0,0,0,0,0,0,0,0,0
188,prophecy the,1995.0,0,0,0,0,0,0,0,0,0,1,0,1,0,0,1,0,0,0,0,0
189,reckless,1995.0,0,0,0,0,0,1,0,0,0,1,0,0,0,0,0,0,0,0,0,0
190,safe,1995.0,0,0,0,0,0,0,0,0,0,0,0,0,0,0,0,0,0,1,0,0
191,scarlet letter the,1995.0,0,0,0,0,0,0,0,0,1,0,0,0,0,0,0,1,0,0,0,0
193,showgirls,1995.0,0,0,0,0,0,0,0,0,1,0,0,0,0,0,0,0,0,0,0,0
194,smoke,1995.0,0,0,0,0,0,1,0,0,1,0,0,0,0,0,0,0,0,0,0,0
195,something to talk about,1995.0,0,0,0,0,0,1,0,0,1,0,0,0,0,0,0,1,0,0,0,0
196,species,1995.0,0,0,0,0,0,0,0,0,0,0,0,1,0,0,0,0,1,0,0,0
198,strange days,1995.0,0,1,0,0,0,0,1,0,1,0,0,0,0,0,1,0,1,1,0,0
199,umbrellas of cherbourg the parapluies de cherbourg les,1964.0,0,0,0,0,0,0,0,0,1,0,0,0,0,1,0,1,0,0,0,0
201,three wishes,1995.0,0,0,0,0,0,0,0,0,1,1,0,0,0,0,0,0,0,0,0,0
202,total eclipse,1995.0,0,0,0,0,0,0,0,0,1,0,0,0,0,0,0,1,0,0,0,0
203,to wong foo thanks for everything julie newmar,1995.0,0,0,0,0,0,1,0,0,0,0,0,0,0,0,0,0,0,0,0,0
204,under siege 2 dark territory,1995.0,0,1,0,0,0,0,0,0,0,0,0,0,0,0,0,0,0,0,0,0
205,unstrung heroes,1995.0,0,0,0,0,0,1,0,0,1,0,0,0,0,0,0,0,0,0,0,0
206,unzipped,1995.0,0,0,0,0,0,0,0,1,0,0,0,0,0,0,0,0,0,0,0,0
207,walk in the clouds a,1995.0,0,0,0,0,0,0,0,0,1,0,0,0,0,0,0,1,0,0,0,0
208,waterworld,1995.0,0,1,1,0,0,0,0,0,0,0,0,0,0,0,0,0,1,0,0,0
209,white mans burden,1995.0,0,0,0,0,0,0,0,0,1,0,0,0,0,0,0,0,0,0,0,0
210,wild bill,1995.0,0,0,0,0,0,0,0,0,0,0,0,0,0,0,0,0,0,0,0,1
211,browning version the,1994.0,0,0,0,0,0,0,0,0,1,0,0,0,0,0,0,0,0,0,0,0
212,bushwhacked,1995.0,0,0,1,0,0,1,1,0,0,0,0,0,0,0,1,0,0,0,0,0
213,burnt by the sun utomlyonnye solntsem,1994.0,0,0,0,0,0,0,0,0,1,0,0,0,0,0,0,0,0,0,0,0
214,before the rain pred dozhdot,1994.0,0,0,0,0,0,0,0,0,1,0,0,0,0,0,0,0,0,0,1,0
215,before sunrise,1995.0,0,0,0,0,0,0,0,0,1,0,0,0,0,0,0,1,0,0,0,0
216,billy madison,1995.0,0,0,0,0,0,1,0,0,0,0,0,0,0,0,0,0,0,0,0,0
217,babysitter the,1995.0,0,0,0,0,0,0,0,0,1,0,0,0,0,0,0,0,0,1,0,0
218,boys on the side,1995.0,0,0,0,0,0,1,0,0,1,0,0,0,0,0,0,0,0,0,0,0
219,cure the,1995.0,0,0,0,0,0,0,0,0,1,0,0,0,0,0,0,0,0,0,0,0
220,castle freak,1995.0,0,0,0,0,0,0,0,0,0,0,0,1,0,0,0,0,0,0,0,0
222,circle of friends,1995.0,0,0,0,0,0,0,0,0,1,0,0,0,0,0,0,1,0,0,0,0
223,clerks,1994.0,0,0,0,0,0,1,0,0,0,0,0,0,0,0,0,0,0,0,0,0
224,don juan demarco,1995.0,0,0,0,0,0,1,0,0,1,0,0,0,0,0,0,1,0,0,0,0
225,disclosure,1994.0,0,0,0,0,0,0,0,0,1,0,0,0,0,0,0,0,0,1,0,0
227,drop zone,1994.0,0,1,0,0,0,0,0,0,0,0,0,0,0,0,0,0,0,1,0,0
228,destiny turns on the radio,1995.0,0,0,0,0,0,1,0,0,0,0,0,0,0,0,0,0,0,0,0,0
229,death and the maiden,1994.0,0,0,0,0,0,0,0,0,1,0,0,0,0,0,0,0,0,1,0,0
230,dolores claiborne,1995.0,0,0,0,0,0,0,0,0,1,0,0,0,0,0,0,0,0,1,0,0
231,dumb  dumber dumb and dumber,1994.0,0,0,1,0,0,1,0,0,0,0,0,0,0,0,0,0,0,0,0,0
232,eat drink man woman yin shi nan nu,1994.0,0,0,0,0,0,1,0,0,1,0,0,0,0,0,0,1,0,0,0,0
233,exotica,1994.0,0,0,0,0,0,0,0,0,1,0,0,0,0,0,0,0,0,0,0,0
234,exit to eden,1994.0,0,0,0,0,0,1,0,0,0,0,0,0,0,0,0,0,0,0,0,0
235,ed wood,1994.0,0,0,0,0,0,1,0,0,1,0,0,0,0,0,0,0,0,0,0,0
236,french kiss,1995.0,0,1,0,0,0,1,0,0,0,0,0,0,0,0,0,1,0,0,0,0
237,forget paris,1995.0,0,0,0,0,0,1,0,0,0,0,0,0,0,0,0,1,0,0,0,0
238,far from home the adventures of yellow dog,1995.0,0,0,1,0,1,0,0,0,0,0,0,0,0,0,0,0,0,0,0,0
239,goofy movie a,1995.0,0,0,0,1,1,1,0,0,0,0,0,0,0,0,0,1,0,0,0,0
240,hideaway,1995.0,0,0,0,0,0,0,0,0,0,0,0,0,0,0,0,0,0,1,0,0
241,fluke,1995.0,0,0,0,0,1,0,0,0,1,0,0,0,0,0,0,0,0,0,0,0
242,farinelli il castrato,1994.0,0,0,0,0,0,0,0,0,1,0,0,0,0,1,0,0,0,0,0,0
243,gordy,1995.0,0,0,0,0,1,1,0,0,0,1,0,0,0,0,0,0,0,0,0,0
246,hoop dreams,1994.0,0,0,0,0,0,0,0,1,0,0,0,0,0,0,0,0,0,0,0,0
247,heavenly creatures,1994.0,0,0,0,0,0,0,1,0,1,0,0,0,0,0,0,0,0,0,0,0
248,houseguest,1994.0,0,0,0,0,0,1,0,0,0,0,0,0,0,0,0,0,0,0,0,0
249,immortal beloved,1994.0,0,0,0,0,0,0,0,0,1,0,0,0,0,0,0,1,0,0,0,0
250,heavyweights heavy weights,1995.0,0,0,0,0,1,1,0,0,0,0,0,0,0,0,0,0,0,0,0,0
251,hunted the,1995.0,0,1,0,0,0,0,0,0,0,0,0,0,0,0,0,0,0,0,0,0
252,iq,1994.0,0,0,0,0,0,1,0,0,0,0,0,0,0,0,0,1,0,0,0,0
253,interview with the vampire the vampire chronicles,1994.0,0,0,0,0,0,0,0,0,1,0,0,1,0,0,0,0,0,0,0,0
254,jefferson in paris,1995.0,0,0,0,0,0,0,0,0,1,0,0,0,0,0,0,0,0,0,0,0
255,jerky boys the,1995.0,0,0,0,0,0,1,0,0,0,0,0,0,0,0,0,0,0,0,0,0
256,junior,1994.0,0,0,0,0,0,1,0,0,0,0,0,0,0,0,0,0,1,0,0,0
257,just cause,1995.0,0,0,0,0,0,0,0,0,0,0,0,0,0,0,1,0,0,1,0,0
258,kid in king arthurs court a,1995.0,0,0,1,0,1,1,0,0,0,1,0,0,0,0,0,1,0,0,0,0
259,kiss of death,1995.0,0,0,0,0,0,0,1,0,1,0,0,0,0,0,0,0,0,1,0,0
260,star wars episode iv  a new hope,1977.0,0,1,1,0,0,0,0,0,0,0,0,0,0,0,0,0,1,0,0,0
261,little women,1994.0,0,0,0,0,0,0,0,0,1,0,0,0,0,0,0,0,0,0,0,0
262,little princess a,1995.0,0,0,0,0,1,0,0,0,1,0,0,0,0,0,0,0,0,0,0,0
263,ladybird ladybird,1994.0,0,0,0,0,0,0,0,0,1,0,0,0,0,0,0,0,0,0,0,0
265,like water for chocolate como agua para chocolate,1992.0,0,0,0,0,0,0,0,0,1,1,0,0,0,0,0,1,0,0,0,0
266,legends of the fall,1994.0,0,0,0,0,0,0,0,0,1,0,0,0,0,0,0,1,0,0,1,1
267,major payne,1995.0,0,0,0,0,0,1,0,0,0,0,0,0,0,0,0,0,0,0,0,0
269,my crazy life mi vida loca,1993.0,0,0,0,0,0,0,0,0,1,0,0,0,0,0,0,0,0,0,0,0
270,love affair,1994.0,0,0,0,0,0,0,0,0,1,0,0,0,0,0,0,1,0,0,0,0
271,losing isaiah,1995.0,0,0,0,0,0,0,0,0,1,0,0,0,0,0,0,0,0,0,0,0
272,madness of king george the,1994.0,0,0,0,0,0,1,0,0,1,0,0,0,0,0,0,0,0,0,0,0
273,mary shelleys frankenstein frankenstein,1994.0,0,0,0,0,0,0,0,0,1,0,0,1,0,0,0,0,1,0,0,0
274,man of the house,1995.0,0,0,0,0,0,1,0,0,0,0,0,0,0,0,0,0,0,0,0,0
275,mixed nuts,1994.0,0,0,0,0,0,1,0,0,0,0,0,0,0,0,0,0,0,0,0,0
276,milk money,1994.0,0,0,0,0,0,1,0,0,0,0,0,0,0,0,0,1,0,0,0,0
277,miracle on 34th street,1994.0,0,0,0,0,0,0,0,0,1,0,0,0,0,0,0,0,0,0,0,0
278,miami rhapsody,1995.0,0,0,0,0,0,1,0,0,0,0,0,0,0,0,0,0,0,0,0,0
279,my family,1995.0,0,0,0,0,0,0,0,0,1,0,0,0,0,0,0,0,0,0,0,0
280,murder in the first,1995.0,0,0,0,0,0,0,0,0,1,0,0,0,0,0,0,0,0,1,0,0
281,nobodys fool,1994.0,0,0,0,0,0,1,0,0,1,0,0,0,0,0,0,1,0,0,0,0
282,nell,1994.0,0,0,0,0,0,0,0,0,1,0,0,0,0,0,0,0,0,0,0,0
283,new jersey drive,1995.0,0,0,0,0,0,0,1,0,1,0,0,0,0,0,0,0,0,0,0,0
284,new york cop nyû yôku no koppu,1993.0,0,1,0,0,0,0,1,0,0,0,0,0,0,0,0,0,0,0,0,0
285,beyond bedlam,1993.0,0,0,0,0,0,0,0,0,1,0,0,1,0,0,0,0,0,0,0,0
287,nina takes a lover,1994.0,0,0,0,0,0,1,0,0,0,0,0,0,0,0,0,1,0,0,0,0
288,natural born killers,1994.0,0,1,0,0,0,0,1,0,0,0,0,0,0,0,0,0,0,1,0,0
289,only you,1994.0,0,0,0,0,0,1,0,0,0,0,0,0,0,0,0,1,0,0,0,0
290,once were warriors,1994.0,0,0,0,0,0,0,1,0,1,0,0,0,0,0,0,0,0,0,0,0
291,poison ivy ii,1996.0,0,0,0,0,0,0,0,0,1,0,0,0,0,0,0,0,0,1,0,0
292,outbreak,1995.0,0,1,0,0,0,0,0,0,1,0,0,0,0,0,0,0,1,1,0,0
293,léon the professional aka the professional léon,1994.0,0,1,0,0,0,0,1,0,1,0,0,0,0,0,0,0,0,1,0,0
294,perez family the,1995.0,0,0,0,0,0,1,0,0,0,0,0,0,0,0,0,1,0,0,0,0
295,pyromaniacs love story a,1995.0,0,0,0,0,0,1,0,0,0,0,0,0,0,0,0,1,0,0,0,0
296,pulp fiction,1994.0,0,0,0,0,0,1,1,0,1,0,0,0,0,0,0,0,0,1,0,0
298,pushing hands tui shou,1992.0,0,0,0,0,0,0,0,0,1,0,0,0,0,0,0,0,0,0,0,0
299,priest,1994.0,0,0,0,0,0,0,0,0,1,0,0,0,0,0,0,0,0,0,0,0
300,quiz show,1994.0,0,0,0,0,0,0,0,0,1,0,0,0,0,0,0,0,0,0,0,0
301,picture bride bijo photo,1994.0,0,0,0,0,0,0,0,0,1,0,0,0,0,0,0,1,0,0,0,0
302,queen margot reine margot la,1994.0,0,0,0,0,0,0,0,0,1,0,0,0,0,0,0,1,0,0,0,0
303,quick and the dead the,1995.0,0,1,0,0,0,0,0,0,0,0,0,0,0,0,0,0,0,1,0,1
304,roommates,1995.0,0,0,0,0,0,1,0,0,1,0,0,0,0,0,0,0,0,0,0,0
305,ready to wear pretaporter,1994.0,0,0,0,0,0,1,0,0,0,0,0,0,0,0,0,0,0,0,0,0
306,three colors red trois couleurs rouge,1994.0,0,0,0,0,0,0,0,0,1,0,0,0,0,0,0,0,0,0,0,0
307,three colors blue trois couleurs bleu,1993.0,0,0,0,0,0,0,0,0,1,0,0,0,0,0,0,0,0,0,0,0
308,three colors white trzy kolory bialy,1994.0,0,0,0,0,0,1,0,0,1,0,0,0,0,0,0,0,0,0,0,0
310,rentakid,1995.0,0,0,0,0,0,1,0,0,0,0,0,0,0,0,0,0,0,0,0,0
311,relative fear,1994.0,0,0,0,0,0,0,0,0,0,0,0,1,0,0,0,0,0,1,0,0
312,stuart saves his family,1995.0,0,0,0,0,0,1,0,0,0,0,0,0,0,0,0,0,0,0,0,0
313,swan princess the,1994.0,0,0,0,1,1,0,0,0,0,0,0,0,0,0,0,0,0,0,0,0
314,secret of roan inish the,1994.0,0,0,0,0,1,0,0,0,1,1,0,0,0,0,1,0,0,0,0,0
315,specialist the,1994.0,0,1,0,0,0,0,0,0,1,0,0,0,0,0,0,0,0,1,0,0
316,stargate,1994.0,0,1,1,0,0,0,0,0,0,0,0,0,0,0,0,0,1,0,0,0
317,santa clause the,1994.0,0,0,0,0,0,1,0,0,1,1,0,0,0,0,0,0,0,0,0,0
318,shawshank redemption the,1994.0,0,0,0,0,0,0,1,0,1,0,0,0,0,0,0,0,0,0,0,0
319,shallow grave,1994.0,0,0,0,0,0,1,0,0,1,0,0,0,0,0,0,0,0,1,0,0
320,suture,1993.0,0,0,0,0,0,0,0,0,0,0,1,0,0,0,0,0,0,1,0,0
321,strawberry and chocolate fresa y chocolate,1993.0,0,0,0,0,0,0,0,0,1,0,0,0,0,0,0,0,0,0,0,0
322,swimming with sharks,1995.0,0,0,0,0,0,1,0,0,1,0,0,0,0,0,0,0,0,0,0,0
324,sum of us the,1994.0,0,0,0,0,0,1,0,0,1,0,0,0,0,0,0,0,0,0,0,0
325,national lampoons senior trip,1995.0,0,0,0,0,0,1,0,0,0,0,0,0,0,0,0,0,0,0,0,0
326,to live huozhe,1994.0,0,0,0,0,0,0,0,0,1,0,0,0,0,0,0,0,0,0,0,0
327,tank girl,1995.0,0,1,0,0,0,1,0,0,0,0,0,0,0,0,0,0,1,0,0,0
328,tales from the crypt presents demon knight,1995.0,0,0,0,0,0,0,0,0,0,0,0,1,0,0,0,0,0,1,0,0
329,star trek generations,1994.0,0,0,1,0,0,0,0,0,1,0,0,0,0,0,0,0,1,0,0,0
330,tales from the hood,1995.0,0,1,0,0,0,0,1,0,0,0,0,1,0,0,0,0,0,0,0,0
331,tom  viv,1994.0,0,0,0,0,0,0,0,0,1,0,0,0,0,0,0,0,0,0,0,0
332,village of the damned,1995.0,0,0,0,0,0,0,0,0,0,0,0,1,0,0,0,0,1,0,0,0
333,tommy boy,1995.0,0,0,0,0,0,1,0,0,0,0,0,0,0,0,0,0,0,0,0,0
334,vanya on 42nd street,1994.0,0,0,0,0,0,0,0,0,1,0,0,0,0,0,0,0,0,0,0,0
335,underneath,1995.0,0,0,0,0,0,0,0,0,0,0,0,0,0,0,1,0,0,1,0,0
336,walking dead the,1995.0,0,0,0,0,0,0,0,0,1,0,0,0,0,0,0,0,0,0,1,0
337,whats eating gilbert grape,1993.0,0,0,0,0,0,0,0,0,1,0,0,0,0,0,0,0,0,0,0,0
338,virtuosity,1995.0,0,1,0,0,0,0,0,0,0,0,0,0,0,0,0,0,1,1,0,0
339,while you were sleeping,1995.0,0,0,0,0,0,1,0,0,0,0,0,0,0,0,0,1,0,0,0,0
340,war the,1994.0,0,0,1,0,0,0,0,0,1,0,0,0,0,0,0,0,0,0,1,0
341,double happiness,1994.0,0,0,0,0,0,0,0,0,1,0,0,0,0,0,0,0,0,0,0,0
342,muriels wedding,1994.0,0,0,0,0,0,1,0,0,0,0,0,0,0,0,0,0,0,0,0,0
343,babysitters club the,1995.0,0,0,0,0,1,0,0,0,0,0,0,0,0,0,0,0,0,0,0,0
344,ace ventura pet detective,1994.0,0,0,0,0,0,1,0,0,0,0,0,0,0,0,0,0,0,0,0,0
345,adventures of priscilla queen of the desert the,1994.0,0,0,0,0,0,1,0,0,1,0,0,0,0,0,0,0,0,0,0,0
346,backbeat,1993.0,0,0,0,0,0,0,0,0,1,0,0,0,0,1,0,0,0,0,0,0
347,bitter moon,1992.0,0,0,0,0,0,0,0,0,1,0,1,0,0,0,0,1,0,0,0,0
348,bullets over broadway,1994.0,0,0,0,0,0,1,0,0,0,0,0,0,0,0,0,0,0,0,0,0
349,clear and present danger,1994.0,0,1,0,0,0,0,1,0,1,0,0,0,0,0,0,0,0,1,0,0
350,client the,1994.0,0,0,0,0,0,0,0,0,1,0,0,0,0,0,1,0,0,1,0,0
351,corrina corrina,1994.0,0,0,0,0,0,1,0,0,1,0,0,0,0,0,0,1,0,0,0,0
352,crooklyn,1994.0,0,0,0,0,0,1,0,0,1,0,0,0,0,0,0,0,0,0,0,0
353,crow the,1994.0,0,1,0,0,0,0,1,0,0,1,0,0,0,0,0,0,0,1,0,0
354,cobb,1994.0,0,0,0,0,0,0,0,0,1,0,0,0,0,0,0,0,0,0,0,0
355,flintstones the,1994.0,0,0,0,0,1,1,0,0,0,1,0,0,0,0,0,0,0,0,0,0
356,forrest gump,1994.0,0,0,0,0,0,1,0,0,1,0,0,0,0,0,0,1,0,0,1,0
357,four weddings and a funeral,1994.0,0,0,0,0,0,1,0,0,0,0,0,0,0,0,0,1,0,0,0,0
358,higher learning,1995.0,0,0,0,0,0,0,0,0,1,0,0,0,0,0,0,0,0,0,0,0
359,i like it like that,1994.0,0,0,0,0,0,1,0,0,1,0,0,0,0,0,0,1,0,0,0,0
360,i love trouble,1994.0,0,1,0,0,0,1,0,0,0,0,0,0,0,0,0,0,0,0,0,0
361,it could happen to you,1994.0,0,0,0,0,0,1,0,0,1,0,0,0,0,0,0,1,0,0,0,0
362,jungle book the,1994.0,0,0,1,0,1,0,0,0,0,0,0,0,0,0,0,1,0,0,0,0
363,wonderful horrible life of leni riefenstahl the macht der bilder leni riefenstahl die,1993.0,0,0,0,0,0,0,0,1,0,0,0,0,0,0,0,0,0,0,0,0
364,lion king the,1994.0,0,0,1,1,1,0,0,0,1,0,0,0,1,1,0,0,0,0,0,0
365,little buddha,1993.0,0,0,0,0,0,0,0,0,1,0,0,0,0,0,0,0,0,0,0,0
366,wes cravens new nightmare nightmare on elm street part 7 freddys finale a,1994.0,0,0,0,0,0,0,0,0,1,0,0,1,0,0,1,0,0,1,0,0
367,mask the,1994.0,0,1,0,0,0,1,1,0,0,1,0,0,0,0,0,0,0,0,0,0
368,maverick,1994.0,0,0,1,0,0,1,0,0,0,0,0,0,0,0,0,0,0,0,0,1
369,mrs parker and the vicious circle,1994.0,0,0,0,0,0,0,0,0,1,0,0,0,0,0,0,0,0,0,0,0
370,naked gun 33 13 the final insult,1994.0,0,1,0,0,0,1,0,0,0,0,0,0,0,0,0,0,0,0,0,0
371,paper the,1994.0,0,0,0,0,0,1,0,0,1,0,0,0,0,0,0,0,0,0,0,0
372,reality bites,1994.0,0,0,0,0,0,1,0,0,1,0,0,0,0,0,0,1,0,0,0,0
373,red rock west,1992.0,0,0,0,0,0,0,0,0,0,0,0,0,0,0,0,0,0,1,0,0
374,richie rich,1994.0,0,0,0,0,1,1,0,0,0,0,0,0,0,0,0,0,0,0,0,0
376,river wild the,1994.0,0,1,0,0,0,0,0,0,0,0,0,0,0,0,0,0,0,1,0,0
377,speed,1994.0,0,1,0,0,0,0,0,0,0,0,0,0,0,0,0,1,0,1,0,0
378,speechless,1994.0,0,0,0,0,0,1,0,0,0,0,0,0,0,0,0,1,0,0,0,0
379,timecop,1994.0,0,1,0,0,0,0,0,0,0,0,0,0,0,0,0,0,1,1,0,0
380,true lies,1994.0,0,1,1,0,0,1,0,0,0,0,0,0,0,0,0,1,0,1,0,0
381,when a man loves a woman,1994.0,0,0,0,0,0,0,0,0,1,0,0,0,0,0,0,1,0,0,0,0
382,wolf,1994.0,0,0,0,0,0,0,0,0,1,0,0,1,0,0,0,1,0,1,0,0
383,wyatt earp,1994.0,0,0,0,0,0,0,0,0,0,0,0,0,0,0,0,0,0,0,0,1
384,bad company,1995.0,0,1,0,0,0,0,1,0,1,0,0,0,0,0,0,0,0,0,0,0
385,man of no importance a,1994.0,0,0,0,0,0,0,0,0,1,0,0,0,0,0,0,0,0,0,0,0
386,sfw,1994.0,0,0,0,0,0,0,0,0,1,0,0,0,0,0,0,0,0,0,0,0
387,low down dirty shame a,1994.0,0,1,0,0,0,1,0,0,0,0,0,0,0,0,0,0,0,0,0,0
388,boys life,1995.0,0,0,0,0,0,0,0,0,1,0,0,0,0,0,0,0,0,0,0,0
389,colonel chabert le,1994.0,0,0,0,0,0,0,0,0,1,0,0,0,0,0,0,1,0,0,1,0
390,faster pussycat kill kill,1965.0,0,1,0,0,0,0,1,0,1,0,0,0,0,0,0,0,0,0,0,0
391,jasons lyric,1994.0,0,0,0,0,0,0,1,0,1,0,0,0,0,0,0,0,0,0,0,0
393,street fighter,1994.0,0,1,1,0,0,0,0,0,0,1,0,0,0,0,0,0,0,0,0,0
405,highlander iii the sorcerer aka highlander the final dimension,1994.0,0,1,0,0,0,0,0,0,0,1,0,0,0,0,0,0,0,0,0,0
406,federal hill,1994.0,0,0,0,0,0,0,0,0,1,0,0,0,0,0,0,0,0,0,0,0
407,in the mouth of madness,1995.0,0,0,0,0,0,0,0,0,0,0,0,1,0,0,0,0,0,1,0,0
408,8 seconds,1994.0,0,0,0,0,0,0,0,0,1,0,0,0,0,0,0,0,0,0,0,0
409,above the rim,1994.0,0,0,0,0,0,0,1,0,1,0,0,0,0,0,0,0,0,0,0,0
410,addams family values,1993.0,0,0,0,0,1,1,0,0,0,1,0,0,0,0,0,0,0,0,0,0
412,age of innocence the,1993.0,0,0,0,0,0,0,0,0,1,0,0,0,0,0,0,0,0,0,0,0
413,airheads,1994.0,0,0,0,0,0,1,0,0,0,0,0,0,0,0,0,0,0,0,0,0
414,air up there the,1994.0,0,0,0,0,0,1,0,0,0,0,0,0,0,0,0,0,0,0,0,0
415,another stakeout,1993.0,0,0,0,0,0,1,0,0,0,0,0,0,0,0,0,0,0,1,0,0
416,bad girls,1994.0,0,0,0,0,0,0,0,0,0,0,0,0,0,0,0,0,0,0,0,1
417,barcelona,1994.0,0,0,0,0,0,1,0,0,0,0,0,0,0,0,0,1,0,0,0,0
418,being human,1993.0,0,0,0,0,0,0,0,0,1,0,0,0,0,0,0,0,0,0,0,0
419,beverly hillbillies the,1993.0,0,0,0,0,0,1,0,0,0,0,0,0,0,0,0,0,0,0,0,0
420,beverly hills cop iii,1994.0,0,1,0,0,0,1,1,0,0,0,0,0,0,0,0,0,0,1,0,0
421,black beauty,1994.0,0,0,1,0,1,0,0,0,1,0,0,0,0,0,0,0,0,0,0,0
422,blink,1994.0,0,0,0,0,0,0,0,0,0,0,0,0,0,0,0,0,0,1,0,0
423,blown away,1994.0,0,1,0,0,0,0,0,0,0,0,0,0,0,0,0,0,0,1,0,0
424,blue chips,1994.0,0,0,0,0,0,0,0,0,1,0,0,0,0,0,0,0,0,0,0,0
425,blue sky,1994.0,0,0,0,0,0,0,0,0,1,0,0,0,0,0,0,1,0,0,0,0
426,body snatchers,1993.0,0,0,0,0,0,0,0,0,0,0,0,1,0,0,0,0,1,1,0,0
427,boxing helena,1993.0,0,0,0,0,0,0,0,0,1,0,0,0,0,0,1,1,0,1,0,0
428,bronx tale a,1993.0,0,0,0,0,0,0,0,0,1,0,0,0,0,0,0,0,0,0,0,0
429,cabin boy,1994.0,0,0,0,0,0,1,0,0,0,0,0,0,0,0,0,0,0,0,0,0
430,calendar girl,1993.0,0,0,0,0,0,1,0,0,1,0,0,0,0,0,0,0,0,0,0,0
431,carlitos way,1993.0,0,0,0,0,0,0,1,0,1,0,0,0,0,0,0,0,0,0,0,0
432,city slickers ii the legend of curlys gold,1994.0,0,0,1,0,0,1,0,0,0,0,0,0,0,0,0,0,0,0,0,1
433,clean slate,1994.0,0,0,0,0,0,1,0,0,0,0,0,0,0,0,0,0,0,0,0,0
434,cliffhanger,1993.0,0,1,1,0,0,0,0,0,0,0,0,0,0,0,0,0,0,1,0,0
435,coneheads,1993.0,0,0,0,0,0,1,0,0,0,0,0,0,0,0,0,0,1,0,0,0
436,color of night,1994.0,0,0,0,0,0,0,0,0,1,0,0,0,0,0,0,0,0,1,0,0
437,cops and robbersons,1994.0,0,0,0,0,0,1,0,0,0,0,0,0,0,0,0,0,0,0,0,0
438,cowboy way the,1994.0,0,1,0,0,0,1,0,0,1,0,0,0,0,0,0,0,0,0,0,0
440,dave,1993.0,0,0,0,0,0,1,0,0,0,0,0,0,0,0,0,1,0,0,0,0
441,dazed and confused,1993.0,0,0,0,0,0,1,0,0,0,0,0,0,0,0,0,0,0,0,0,0
442,demolition man,1993.0,0,1,1,0,0,0,0,0,0,0,0,0,0,0,0,0,1,0,0,0
444,even cowgirls get the blues,1993.0,0,0,0,0,0,1,0,0,0,0,0,0,0,0,0,1,0,0,0,0
445,fatal instinct,1993.0,0,0,0,0,0,1,0,0,0,0,0,0,0,0,0,0,0,0,0,0
446,farewell my concubine ba wang bie ji,1993.0,0,0,0,0,0,0,0,0,1,0,0,0,0,0,0,1,0,0,0,0
448,fearless,1993.0,0,0,0,0,0,0,0,0,1,0,0,0,0,0,0,0,0,0,0,0
449,fear of a black hat,1994.0,0,0,0,0,0,1,0,0,0,0,0,0,0,0,0,0,0,0,0,0
450,with honors,1994.0,0,0,0,0,0,1,0,0,1,0,0,0,0,0,0,0,0,0,0,0
451,flesh and bone,1993.0,0,0,0,0,0,0,0,0,1,0,0,0,0,0,1,1,0,0,0,0
452,widows peak,1994.0,0,0,0,0,0,0,0,0,1,0,0,0,0,0,0,0,0,0,0,0
453,for love or money,1993.0,0,0,0,0,0,1,0,0,0,0,0,0,0,0,0,1,0,0,0,0
454,firm the,1993.0,0,0,0,0,0,0,0,0,1,0,0,0,0,0,0,0,0,1,0,0
455,free willy,1993.0,0,0,1,0,1,0,0,0,1,0,0,0,0,0,0,0,0,0,0,0
456,fresh,1994.0,0,0,0,0,0,0,1,0,1,0,0,0,0,0,0,0,0,1,0,0
457,fugitive the,1993.0,0,0,0,0,0,0,0,0,0,0,0,0,0,0,0,0,0,1,0,0
458,geronimo an american legend,1993.0,0,0,0,0,0,0,0,0,1,0,0,0,0,0,0,0,0,0,0,1
459,getaway the,1994.0,0,1,1,0,0,0,1,0,1,0,0,0,0,0,0,1,0,1,0,0
460,getting even with dad,1994.0,0,0,0,0,0,1,0,0,0,0,0,0,0,0,0,0,0,0,0,0
461,go fish,1994.0,0,0,0,0,0,0,0,0,1,0,0,0,0,0,0,1,0,0,0,0
464,hard target,1993.0,0,1,1,0,0,0,1,0,0,0,0,0,0,0,0,0,0,1,0,0
466,hot shots part deux,1993.0,0,1,0,0,0,1,0,0,0,0,0,0,0,0,0,0,0,0,1,0
467,live nude girls,1995.0,0,0,0,0,0,1,0,0,0,0,0,0,0,0,0,0,0,0,0,0
468,englishman who went up a hill but came down a mountain the,1995.0,0,0,0,0,0,1,0,0,0,0,0,0,0,0,0,1,0,0,0,0
469,house of the spirits the,1993.0,0,0,0,0,0,0,0,0,1,0,0,0,0,0,0,1,0,0,0,0
470,house party 3,1994.0,0,0,0,0,0,1,0,0,0,0,0,0,0,0,0,0,0,0,0,0
471,hudsucker proxy the,1994.0,0,0,0,0,0,1,0,0,0,0,0,0,0,0,0,0,0,0,0,0
472,ill do anything,1994.0,0,0,0,0,0,1,0,0,1,0,0,0,0,0,0,0,0,0,0,0
473,in the army now,1994.0,0,0,0,0,0,1,0,0,0,0,0,0,0,0,0,0,0,0,1,0
474,in the line of fire,1993.0,0,1,0,0,0,0,0,0,0,0,0,0,0,0,0,0,0,1,0,0
475,in the name of the father,1993.0,0,0,0,0,0,0,0,0,1,0,0,0,0,0,0,0,0,0,0,0
476,inkwell the,1994.0,0,0,0,0,0,1,0,0,1,0,0,0,0,0,0,0,0,0,0,0
477,whats love got to do with it,1993.0,0,0,0,0,0,0,0,0,1,0,0,0,0,1,0,0,0,0,0,0
478,jimmy hollywood,1994.0,0,0,0,0,0,1,1,0,1,0,0,0,0,0,0,0,0,0,0,0
479,judgment night,1993.0,0,1,0,0,0,0,1,0,0,0,0,0,0,0,0,0,0,1,0,0
480,jurassic park,1993.0,0,1,1,0,0,0,0,0,0,0,0,0,0,0,0,0,1,1,0,0
481,kalifornia,1993.0,0,0,0,0,0,0,0,0,1,0,0,0,0,0,0,0,0,1,0,0
482,killing zoe,1994.0,0,0,0,0,0,0,1,0,1,0,0,0,0,0,0,0,0,1,0,0
484,lassie,1994.0,0,0,1,0,1,0,0,0,0,0,0,0,0,0,0,0,0,0,0,0
485,last action hero,1993.0,0,1,1,0,0,1,0,0,0,1,0,0,0,0,0,0,0,0,0,0
486,life with mikey,1993.0,0,0,0,0,0,1,0,0,0,0,0,0,0,0,0,0,0,0,0,0
487,lightning jack,1994.0,0,0,0,0,0,1,0,0,0,0,0,0,0,0,0,0,0,0,0,1
488,m butterfly,1993.0,0,0,0,0,0,0,0,0,1,0,0,0,0,0,0,1,0,0,0,0
489,made in america,1993.0,0,0,0,0,0,1,0,0,0,0,0,0,0,0,0,0,0,0,0,0
490,malice,1993.0,0,0,0,0,0,0,0,0,0,0,0,0,0,0,0,0,0,1,0,0
491,man without a face the,1993.0,0,0,0,0,0,0,0,0,1,0,0,0,0,0,0,0,0,0,0,0
492,manhattan murder mystery,1993.0,0,0,0,0,0,1,0,0,0,0,0,0,0,0,1,0,0,0,0,0
493,menace ii society,1993.0,0,1,0,0,0,0,1,0,1,0,0,0,0,0,0,0,0,0,0,0
494,executive decision,1996.0,0,1,1,0,0,0,0,0,0,0,0,0,0,0,0,0,0,1,0,0
495,in the realm of the senses ai no corrida,1976.0,0,0,0,0,0,0,0,0,1,0,0,0,0,0,0,0,0,0,0,0
496,what happened was,1994.0,0,0,0,0,0,1,0,0,1,0,0,0,0,0,0,1,0,1,0,0
497,much ado about nothing,1993.0,0,0,0,0,0,1,0,0,0,0,0,0,0,0,0,1,0,0,0,0
499,mr wonderful,1993.0,0,0,0,0,0,1,0,0,0,0,0,0,0,0,0,1,0,0,0,0
500,mrs doubtfire,1993.0,0,0,0,0,0,1,0,0,1,0,0,0,0,0,0,0,0,0,0,0
501,naked,1993.0,0,0,0,0,0,0,0,0,1,0,0,0,0,0,0,0,0,0,0,0
502,next karate kid the,1994.0,0,1,0,0,1,0,0,0,0,0,0,0,0,0,0,1,0,0,0,0
504,no escape,1994.0,0,1,0,0,0,0,0,0,1,0,0,0,0,0,0,0,1,0,0,0
505,north,1994.0,0,0,0,0,0,1,0,0,0,0,0,0,0,0,0,0,0,0,0,0
506,orlando,1992.0,0,0,0,0,0,0,0,0,1,1,0,0,0,0,0,1,0,0,0,0
507,perfect world a,1993.0,0,0,0,0,0,0,1,0,1,0,0,0,0,0,0,0,0,1,0,0
508,philadelphia,1993.0,0,0,0,0,0,0,0,0,1,0,0,0,0,0,0,0,0,0,0,0
509,piano the,1993.0,0,0,0,0,0,0,0,0,1,0,0,0,0,0,0,1,0,0,0,0
510,poetic justice,1993.0,0,0,0,0,0,0,0,0,1,0,0,0,0,0,0,0,0,0,0,0
511,program the,1993.0,0,1,0,0,0,0,0,0,1,0,0,0,0,0,0,0,0,0,0,0
512,puppet masters the,1994.0,0,0,0,0,0,0,0,0,0,0,0,1,0,0,0,0,1,0,0,0
513,radioland murders,1994.0,0,0,0,0,0,1,0,0,0,0,0,0,0,0,1,1,0,0,0,0
514,ref the,1994.0,0,0,0,0,0,1,0,0,0,0,0,0,0,0,0,0,0,0,0,0
515,remains of the day the,1993.0,0,0,0,0,0,0,0,0,1,0,0,0,0,0,0,1,0,0,0,0
516,renaissance man,1994.0,0,0,0,0,0,1,0,0,1,0,0,0,0,0,0,0,0,0,0,0
517,rising sun,1993.0,0,1,0,0,0,0,0,0,1,0,0,0,0,0,1,0,0,0,0,0
518,road to wellville the,1994.0,0,0,0,0,0,1,0,0,0,0,0,0,0,0,0,0,0,0,0,0
519,robocop 3,1993.0,0,1,0,0,0,0,1,0,1,0,0,0,0,0,0,0,1,1,0,0
520,robin hood men in tights,1993.0,0,0,0,0,0,1,0,0,0,0,0,0,0,0,0,0,0,0,0,0
521,romeo is bleeding,1993.0,0,0,0,0,0,0,1,0,0,0,0,0,0,0,0,0,0,1,0,0
522,romper stomper,1992.0,0,1,0,0,0,0,0,0,1,0,0,0,0,0,0,0,0,0,0,0
523,ruby in paradise,1993.0,0,0,0,0,0,0,0,0,1,0,0,0,0,0,0,0,0,0,0,0
524,rudy,1993.0,0,0,0,0,0,0,0,0,1,0,0,0,0,0,0,0,0,0,0,0
526,savage nights nuits fauves les,1992.0,0,0,0,0,0,0,0,0,1,0,0,0,0,0,0,0,0,0,0,0
527,schindlers list,1993.0,0,0,0,0,0,0,0,0,1,0,0,0,0,0,0,0,0,0,1,0
528,scout the,1994.0,0,0,0,0,0,1,0,0,1,0,0,0,0,0,0,0,0,0,0,0
529,searching for bobby fischer,1993.0,0,0,0,0,0,0,0,0,1,0,0,0,0,0,0,0,0,0,0,0
531,secret garden the,1993.0,0,0,0,0,1,0,0,0,1,0,0,0,0,0,0,0,0,0,0,0
532,serial mom,1994.0,0,0,0,0,0,1,1,0,0,0,0,1,0,0,0,0,0,0,0,0
533,shadow the,1994.0,0,1,1,0,0,0,0,0,0,1,0,0,0,0,1,0,0,0,0,0
534,shadowlands,1993.0,0,0,0,0,0,0,0,0,1,0,0,0,0,0,0,1,0,0,0,0
535,short cuts,1993.0,0,0,0,0,0,0,0,0,1,0,0,0,0,0,0,0,0,0,0,0
536,simple twist of fate a,1994.0,0,0,0,0,0,0,0,0,1,0,0,0,0,0,0,0,0,0,0,0
537,sirens,1994.0,0,0,0,0,0,0,0,0,1,0,0,0,0,0,0,0,0,0,0,0
538,six degrees of separation,1993.0,0,0,0,0,0,0,0,0,1,0,0,0,0,0,0,0,0,0,0,0
539,sleepless in seattle,1993.0,0,0,0,0,0,1,0,0,1,0,0,0,0,0,0,1,0,0,0,0
540,sliver,1993.0,0,0,0,0,0,0,0,0,0,0,0,0,0,0,0,0,0,1,0,0
541,blade runner,1982.0,0,1,0,0,0,0,0,0,0,0,0,0,0,0,0,0,1,1,0,0
542,son in law,1993.0,0,0,0,0,0,1,0,0,1,0,0,0,0,0,0,1,0,0,0,0
543,so i married an axe murderer,1993.0,0,0,0,0,0,1,0,0,0,0,0,0,0,0,0,1,0,1,0,0
544,striking distance,1993.0,0,1,0,0,0,0,1,0,0,0,0,0,0,0,0,0,0,0,0,0
546,super mario bros,1993.0,0,1,1,0,1,1,0,0,0,1,0,0,0,0,0,0,1,0,0,0
547,surviving the game,1994.0,0,1,1,0,0,0,0,0,0,0,0,0,0,0,0,0,0,1,0,0
548,terminal velocity,1994.0,0,1,0,0,0,0,0,0,0,0,0,0,0,0,1,0,0,1,0,0
549,thirtytwo short films about glenn gould,1993.0,0,0,0,0,0,0,0,0,1,0,0,0,0,1,0,0,0,0,0,0
550,threesome,1994.0,0,0,0,0,0,1,0,0,0,0,0,0,0,0,0,1,0,0,0,0
551,nightmare before christmas the,1993.0,0,0,0,1,1,0,0,0,0,1,0,0,0,1,0,0,0,0,0,0
552,three musketeers the,1993.0,0,1,1,0,0,1,0,0,0,0,0,0,0,0,0,1,0,0,0,0
553,tombstone,1993.0,0,1,0,0,0,0,0,0,1,0,0,0,0,0,0,0,0,0,0,1
555,true romance,1993.0,0,0,0,0,0,0,1,0,0,0,0,0,0,0,0,0,0,1,0,0
556,war room the,1993.0,0,0,0,0,0,0,0,1,0,0,0,0,0,0,0,0,0,0,0,0
558,pagemaster the,1994.0,0,1,1,1,1,0,0,0,0,1,0,0,0,0,0,0,0,0,0,0
562,welcome to the dollhouse,1995.0,0,0,0,0,0,1,0,0,1,0,0,0,0,0,0,0,0,0,0,0
563,germinal,1993.0,0,0,0,0,0,0,0,0,1,0,0,0,0,0,0,1,0,0,0,0
564,chasers,1994.0,0,0,0,0,0,1,0,0,0,0,0,0,0,0,0,0,0,0,0,0
567,kika,1993.0,0,0,0,0,0,1,0,0,1,0,0,0,0,0,0,0,0,0,0,0
568,bhaji on the beach,1993.0,0,0,0,0,0,1,0,0,1,0,0,0,0,0,0,0,0,0,0,0
569,little big league,1994.0,0,0,0,0,0,1,0,0,1,0,0,0,0,0,0,0,0,0,0,0
573,ciao professore io speriamo che me la cavo,1992.0,0,0,0,0,0,0,0,0,1,0,0,0,0,0,0,0,0,0,0,0
574,spanking the monkey,1994.0,0,0,0,0,0,1,0,0,1,0,0,0,0,0,0,0,0,0,0,0
575,little rascals the,1994.0,0,0,0,0,1,1,0,0,0,0,0,0,0,0,0,0,0,0,0,0
577,andre,1994.0,0,0,1,0,1,0,0,0,1,0,0,0,0,0,0,0,0,0,0,0
579,escort the scorta la,1993.0,0,0,0,0,0,0,1,0,0,0,0,0,0,0,0,0,0,1,0,0
580,princess caraboo,1994.0,0,0,0,0,0,0,0,0,1,0,0,0,0,0,0,0,0,0,0,0
581,celluloid closet the,1995.0,0,0,0,0,0,0,0,1,0,0,0,0,0,0,0,0,0,0,0,0
583,dear diary caro diario,1994.0,0,0,0,0,0,1,0,0,1,0,0,0,0,0,0,0,0,0,0,0
585,brady bunch movie the,1995.0,0,0,0,0,0,1,0,0,0,0,0,0,0,0,0,0,0,0,0,0
586,home alone,1990.0,0,0,0,0,1,1,0,0,0,0,0,0,0,0,0,0,0,0,0,0
587,ghost,1990.0,0,0,0,0,0,1,0,0,1,1,0,0,0,0,0,1,0,1,0,0
588,aladdin,1992.0,0,0,1,1,1,1,0,0,0,0,0,0,0,1,0,0,0,0,0,0
589,terminator 2 judgment day,1991.0,0,1,0,0,0,0,0,0,0,0,0,0,0,0,0,0,1,0,0,0
590,dances with wolves,1990.0,0,0,1,0,0,0,0,0,1,0,0,0,0,0,0,0,0,0,0,1
592,batman,1989.0,0,1,0,0,0,0,1,0,0,0,0,0,0,0,0,0,0,1,0,0
593,silence of the lambs the,1991.0,0,0,0,0,0,0,1,0,0,0,0,1,0,0,0,0,0,1,0,0
594,snow white and the seven dwarfs,1937.0,0,0,0,1,1,0,0,0,1,1,0,0,0,1,0,0,0,0,0,0
595,beauty and the beast,1991.0,0,0,0,1,1,0,0,0,0,1,0,0,1,1,0,1,0,0,0,0
596,pinocchio,1940.0,0,0,0,1,1,0,0,0,0,1,0,0,0,1,0,0,0,0,0,0
597,pretty woman,1990.0,0,0,0,0,0,1,0,0,0,0,0,0,0,0,0,1,0,0,0,0
599,wild bunch the,1969.0,0,0,1,0,0,0,0,0,0,0,0,0,0,0,0,0,0,0,0,1
600,love and a 45,1994.0,0,1,0,0,0,1,1,0,0,0,0,0,0,0,0,0,0,0,0,0
602,great day in harlem a,1994.0,0,0,0,0,0,0,0,1,0,0,0,0,0,0,0,0,0,0,0,0
605,one fine day,1996.0,0,0,0,0,0,0,0,0,1,0,0,0,0,0,0,1,0,0,0,0
606,candyman farewell to the flesh,1995.0,0,0,0,0,0,0,0,0,0,1,0,1,0,0,0,0,0,0,0,0
608,fargo,1996.0,0,0,0,0,0,1,1,0,1,0,0,0,0,0,0,0,0,1,0,0
609,homeward bound ii lost in san francisco,1996.0,0,0,1,0,1,0,0,0,0,0,0,0,0,0,0,0,0,0,0,0
610,heavy metal,1981.0,0,1,1,1,0,0,0,0,0,0,0,1,0,0,0,0,1,0,0,0
611,hellraiser bloodline,1996.0,0,1,0,0,0,0,0,0,0,0,0,1,0,0,0,0,1,0,0,0
612,pallbearer the,1996.0,0,0,0,0,0,1,0,0,0,0,0,0,0,0,0,0,0,0,0,0
613,jane eyre,1996.0,0,0,0,0,0,0,0,0,1,0,0,0,0,0,0,1,0,0,0,0
615,bread and chocolate pane e cioccolata,1973.0,0,0,0,0,0,1,0,0,1,0,0,0,0,0,0,0,0,0,0,0
616,aristocats the,1970.0,0,0,0,1,1,0,0,0,0,0,0,0,0,0,0,0,0,0,0,0
617,flower of my secret the la flor de mi secreto,1995.0,0,0,0,0,0,1,0,0,1,0,0,0,0,0,0,0,0,0,0,0
618,two much,1995.0,0,0,0,0,0,1,0,0,0,0,0,0,0,0,0,1,0,0,0,0
619,ed,1996.0,0,0,0,0,0,1,0,0,0,0,0,0,0,0,0,0,0,0,0,0
626,thin line between love and hate a,1996.0,0,0,0,0,0,1,0,0,0,0,0,0,0,0,0,0,0,0,0,0
627,last supper the,1995.0,0,0,0,0,0,0,0,0,1,0,0,0,0,0,0,0,0,1,0,0
628,primal fear,1996.0,0,0,0,0,0,0,1,0,1,0,0,0,0,0,1,0,0,1,0,0
631,all dogs go to heaven 2,1996.0,0,0,1,1,1,0,0,0,0,1,0,0,0,1,0,1,0,0,0,0
632,land and freedom tierra y libertad,1995.0,0,0,0,0,0,0,0,0,1,0,0,0,0,0,0,0,0,0,1,0
633,denise calls up,1995.0,0,0,0,0,0,1,0,0,0,0,0,0,0,0,0,0,0,0,0,0
634,theodore rex,1995.0,0,0,0,0,0,1,0,0,0,0,0,0,0,0,0,0,0,0,0,0
635,family thing a,1996.0,0,0,0,0,0,1,0,0,1,0,0,0,0,0,0,0,0,0,0,0
636,frisk,1995.0,0,0,0,0,0,0,0,0,1,0,0,0,0,0,0,0,0,0,0,0
637,sgt bilko,1996.0,0,0,0,0,0,1,0,0,0,0,0,0,0,0,0,0,0,0,0,0
638,jack and sarah,1995.0,0,0,0,0,0,0,0,0,0,0,0,0,0,0,0,1,0,0,0,0
639,girl 6,1996.0,0,0,0,0,0,1,0,0,1,0,0,0,0,0,0,0,0,0,0,0
640,diabolique,1996.0,0,0,0,0,0,0,0,0,1,0,0,0,0,0,0,0,0,1,0,0
645,nelly  monsieur arnaud,1995.0,0,0,0,0,0,0,0,0,1,0,0,0,0,0,0,0,0,0,0,0
647,courage under fire,1996.0,0,1,0,0,0,0,1,0,1,0,0,0,0,0,0,0,0,0,1,0
648,mission impossible,1996.0,0,1,1,0,0,0,0,0,0,0,0,0,0,0,1,0,0,1,0,0
649,cold fever á köldum klaka,1995.0,0,0,0,0,0,1,0,0,1,0,0,0,0,0,0,0,0,0,0,0
650,moll flanders,1996.0,0,0,0,0,0,0,0,0,1,0,0,0,0,0,0,0,0,0,0,0
653,dragonheart,1996.0,0,1,1,0,0,0,0,0,0,1,0,0,0,0,0,0,0,0,0,0
656,eddie,1996.0,0,0,0,0,0,1,0,0,0,0,0,0,0,0,0,0,0,0,0,0
661,james and the giant peach,1996.0,0,0,1,1,1,0,0,0,0,1,0,0,0,1,0,0,0,0,0,0
662,fear,1996.0,0,0,0,0,0,0,0,0,0,0,0,0,0,0,0,0,0,1,0,0
663,kids in the hall brain candy,1996.0,0,0,0,0,0,1,0,0,0,0,0,0,0,0,0,0,0,0,0,0
665,underground,1995.0,0,0,0,0,0,1,0,0,1,0,0,0,0,0,0,0,0,0,1,0
667,bloodsport 2 aka bloodsport ii the next kumite,1996.0,0,1,0,0,0,0,0,0,0,0,0,0,0,0,0,0,0,0,0,0
668,song of the little road pather panchali,1955.0,0,0,0,0,0,0,0,0,1,0,0,0,0,0,0,0,0,0,0,0
670,world of apu the apur sansar,1959.0,0,0,0,0,0,0,0,0,1,0,0,0,0,0,0,0,0,0,0,0
671,mystery science theater 3000 the movie,1996.0,0,0,0,0,0,1,0,0,0,0,0,0,0,0,0,0,1,0,0,0
673,space jam,1996.0,0,0,1,1,1,1,0,0,0,1,0,0,0,0,0,0,1,0,0,0
674,barbarella,1968.0,0,0,1,0,0,1,0,0,0,0,0,0,0,0,0,0,1,0,0,0
678,some folks call it a sling blade,1993.0,0,0,0,0,0,0,0,0,1,0,0,0,0,0,0,0,0,1,0,0
679,run of the country the,1995.0,0,0,0,0,0,0,0,0,1,0,0,0,0,0,0,0,0,0,0,0
680,alphaville alphaville une étrange aventure de lemmy caution,1965.0,0,0,0,0,0,0,0,0,1,0,0,0,0,0,1,1,1,1,0,0
685,its my party,1996.0,0,0,0,0,0,0,0,0,1,0,0,0,0,0,0,0,0,0,0,0
688,operation dumbo drop,1995.0,0,1,1,0,0,1,0,0,0,0,0,0,0,0,0,0,0,0,1,0
691,mrs winterbourne,1996.0,0,0,0,0,0,1,0,0,0,0,0,0,0,0,0,1,0,0,0,0
692,solo,1996.0,0,1,0,0,0,0,0,0,0,0,0,0,0,0,0,0,1,1,0,0
694,substitute the,1996.0,0,1,0,0,0,0,1,0,1,0,0,0,0,0,0,0,0,0,0,0
695,true crime,1996.0,0,0,0,0,0,0,0,0,0,0,0,0,0,0,1,0,0,1,0,0
697,feeling minnesota,1996.0,0,0,0,0,0,0,0,0,1,0,0,0,0,0,0,1,0,0,0,0
698,delta of venus,1995.0,0,0,0,0,0,0,0,0,1,0,0,0,0,0,0,0,0,0,0,0
700,angus,1995.0,0,0,0,0,0,1,0,0,0,0,0,0,0,0,0,0,0,0,0,0
703,boys,1996.0,0,0,0,0,0,0,0,0,1,0,0,0,0,0,0,0,0,0,0,0
704,quest the,1996.0,0,1,1,0,0,0,0,0,0,0,0,0,0,0,0,0,0,0,0,0
706,sunset park,1996.0,0,0,0,0,0,0,0,0,1,0,0,0,0,0,0,0,0,0,0,0
707,mulholland falls,1996.0,0,0,0,0,0,0,1,0,1,0,0,0,0,0,0,0,0,1,0,0
708,truth about cats  dogs the,1996.0,0,0,0,0,0,1,0,0,0,0,0,0,0,0,0,1,0,0,0,0
709,oliver  company,1988.0,0,0,1,1,1,1,0,0,0,0,0,0,0,1,0,0,0,0,0,0
710,celtic pride,1996.0,0,0,0,0,0,1,0,0,0,0,0,0,0,0,0,0,0,0,0,0
711,flipper,1996.0,0,0,1,0,1,0,0,0,0,0,0,0,0,0,0,0,0,0,0,0
714,dead man,1995.0,0,0,0,0,0,0,0,0,1,0,0,0,0,0,1,0,0,0,0,1
715,horseman on the roof the hussard sur le toit le,1995.0,0,0,0,0,0,0,0,0,1,0,0,0,0,0,0,1,0,0,0,0
718,visitors the visiteurs les,1993.0,0,0,0,0,0,1,0,0,0,1,0,0,0,0,0,0,1,0,0,0
719,multiplicity,1996.0,0,0,0,0,0,1,0,0,0,0,0,0,0,0,0,0,0,0,0,0
720,wallace  gromit the best of aardman animation,1996.0,0,0,1,1,0,1,0,0,0,0,0,0,0,0,0,0,0,0,0,0
722,haunted world of edward d wood jr the,1996.0,0,0,0,0,0,0,0,1,0,0,0,0,0,0,0,0,0,0,0,0
724,craft the,1996.0,0,0,0,0,0,0,0,0,1,1,0,1,0,0,0,0,0,1,0,0
725,great white hype the,1996.0,0,0,0,0,0,1,0,0,0,0,0,0,0,0,0,0,0,0,0,0
726,last dance,1996.0,0,0,0,0,0,0,0,0,1,0,0,0,0,0,0,0,0,0,0,0
728,cold comfort farm,1995.0,0,0,0,0,0,1,0,0,0,0,0,0,0,0,0,0,0,0,0,0
731,heavens prisoners,1996.0,0,0,0,0,0,0,1,0,0,0,0,0,0,0,0,0,0,1,0,0
733,rock the,1996.0,0,1,1,0,0,0,0,0,0,0,0,0,0,0,0,0,0,1,0,0
735,cemetery man dellamorte dellamore,1994.0,0,0,0,0,0,0,0,0,0,0,0,1,0,0,0,0,0,0,0,0
736,twister,1996.0,0,1,1,0,0,0,0,0,0,0,0,0,0,0,0,1,0,1,0,0
737,barb wire,1996.0,0,1,0,0,0,0,0,0,0,0,0,0,0,0,0,0,1,0,0,0
741,ghost in the shell kôkaku kidôtai,1995.0,0,0,0,1,0,0,0,0,0,0,0,0,0,0,0,0,1,0,0,0
742,thinner,1996.0,0,0,0,0,0,0,0,0,0,0,0,1,0,0,0,0,0,1,0,0
743,spy hard,1996.0,0,0,0,0,0,1,0,0,0,0,0,0,0,0,0,0,0,0,0,0
745,wallace  gromit a close shave,1995.0,0,0,0,1,1,1,0,0,0,0,0,0,0,0,0,0,0,0,0,0
747,stupids the,1996.0,0,0,0,0,0,1,0,0,0,0,0,0,0,0,0,0,0,0,0,0
748,arrival the,1996.0,0,1,0,0,0,0,0,0,0,0,0,0,0,0,0,0,1,1,0,0
750,dr strangelove or how i learned to stop worrying and love the bomb,1964.0,0,0,0,0,0,1,0,0,0,0,0,0,0,0,0,0,0,0,1,0
757,ashes of time dung che sai duk,1994.0,0,0,0,0,0,0,0,0,1,0,0,0,0,0,0,0,0,0,0,0
759,maya lin a strong clear vision,1994.0,0,0,0,0,0,0,0,1,0,0,0,0,0,0,0,0,0,0,0,0
760,stalingrad,1993.0,0,0,0,0,0,0,0,0,1,0,0,0,0,0,0,0,0,0,1,0
761,phantom the,1996.0,0,1,1,0,0,0,0,0,0,0,0,0,0,0,0,0,0,0,0,0
762,striptease,1996.0,0,0,0,0,0,1,1,0,0,0,0,0,0,0,0,0,0,0,0,0
764,heavy,1995.0,0,0,0,0,0,0,0,0,1,0,0,0,0,0,0,1,0,0,0,0
765,jack,1996.0,0,0,0,0,0,1,0,0,1,0,0,0,0,0,0,0,0,0,0,0
766,i shot andy warhol,1996.0,0,0,0,0,0,0,0,0,1,0,0,0,0,0,0,0,0,0,0,0
773,touki bouki,1973.0,0,0,0,0,0,0,0,0,1,0,0,0,0,0,0,0,0,0,0,0
775,spirits of the dead,1968.0,0,0,0,0,0,0,0,0,0,0,0,1,0,0,1,0,0,0,0,0
778,trainspotting,1996.0,0,0,0,0,0,1,1,0,1,0,0,0,0,0,0,0,0,0,0,0
779,til there was you,1997.0,0,0,0,0,0,0,0,0,1,0,0,0,0,0,0,1,0,0,0,0
780,independence day aka id4,1996.0,0,1,1,0,0,0,0,0,0,0,0,0,0,0,0,0,1,1,0,0
781,stealing beauty,1996.0,0,0,0,0,0,0,0,0,1,0,0,0,0,0,0,0,0,0,0,0
782,fan the,1996.0,0,0,0,0,0,0,0,0,1,0,0,0,0,0,0,0,0,1,0,0
783,hunchback of notre dame the,1996.0,0,0,0,1,1,0,0,0,1,0,0,0,0,1,0,1,0,0,0,0
784,cable guy the,1996.0,0,0,0,0,0,1,0,0,0,0,0,0,0,0,0,0,0,1,0,0
785,kingpin,1996.0,0,0,0,0,0,1,0,0,0,0,0,0,0,0,0,0,0,0,0,0
786,eraser,1996.0,0,1,0,0,0,0,0,0,1,0,0,0,0,0,0,0,0,1,0,0
788,nutty professor the,1996.0,0,0,0,0,0,1,0,0,0,1,0,0,0,0,0,1,1,0,0,0
790,unforgettable summer an un été inoubliable,1994.0,0,0,0,0,0,0,0,0,1,0,0,0,0,0,0,0,0,0,0,0
791,last klezmer leopold kozlowski his life and music the,1994.0,0,0,0,0,0,0,0,1,0,0,0,0,0,0,0,0,0,0,0,0
795,somebody to love,1994.0,0,0,0,0,0,0,0,0,1,0,0,0,0,0,0,0,0,0,0,0
798,daylight,1996.0,0,1,1,0,0,0,0,0,1,0,0,0,0,0,0,0,0,1,0,0
799,frighteners the,1996.0,0,0,0,0,0,1,0,0,0,0,0,1,0,0,0,0,0,1,0,0
800,lone star,1996.0,0,0,0,0,0,0,0,0,1,0,0,0,0,0,1,0,0,0,0,1
801,harriet the spy,1996.0,0,0,0,0,1,1,0,0,0,0,0,0,0,0,0,0,0,0,0,0
802,phenomenon,1996.0,0,0,0,0,0,0,0,0,1,0,0,0,0,0,0,1,0,0,0,0
803,walking and talking,1996.0,0,0,0,0,0,1,0,0,1,0,0,0,0,0,0,1,0,0,0,0
804,shes the one,1996.0,0,0,0,0,0,1,0,0,0,0,0,0,0,0,0,1,0,0,0,0
805,time to kill a,1996.0,0,0,0,0,0,0,0,0,1,0,0,0,0,0,0,0,0,1,0,0
806,american buffalo,1996.0,0,0,0,0,0,0,1,0,1,0,0,0,0,0,0,0,0,0,0,0
808,alaska,1996.0,0,0,1,0,1,0,0,0,0,0,0,0,0,0,0,0,0,0,0,0
809,fled,1996.0,0,1,1,0,0,0,0,0,0,0,0,0,0,0,0,0,0,0,0,0
810,kazaam,1996.0,0,0,0,0,1,1,0,0,0,1,0,0,0,0,0,0,0,0,0,0
813,larger than life,1996.0,0,0,0,0,0,1,0,0,0,0,0,0,0,0,0,0,0,0,0,0
818,very brady sequel a,1996.0,0,0,0,0,0,1,0,0,0,0,0,0,0,0,0,0,0,0,0,0
823,collector the la collectionneuse,1967.0,0,0,0,0,0,0,0,0,1,0,0,0,0,0,0,0,0,0,0,0
824,kaspar hauser,1993.0,0,0,0,0,0,0,0,0,1,0,0,0,0,0,1,0,0,0,0,0
828,adventures of pinocchio the,1996.0,0,0,1,0,1,0,0,0,0,0,0,0,0,0,0,0,0,0,0,0
829,joes apartment,1996.0,0,0,0,0,0,1,0,0,0,1,0,0,0,1,0,0,0,0,0,0
830,first wives club the,1996.0,0,0,0,0,0,1,0,0,0,0,0,0,0,0,0,0,0,0,0,0
832,ransom,1996.0,0,0,0,0,0,0,1,0,0,0,0,0,0,0,0,0,0,1,0,0
833,high school high,1996.0,0,0,0,0,0,1,0,0,0,0,0,0,0,0,0,0,0,0,0,0
835,foxfire,1996.0,0,0,0,0,0,0,0,0,1,0,0,0,0,0,0,0,0,0,0,0
836,chain reaction,1996.0,0,1,1,0,0,0,0,0,0,0,0,0,0,0,0,0,0,1,0,0
837,matilda,1996.0,0,0,0,0,1,1,0,0,0,1,0,0,0,0,0,0,0,0,0,0
838,emma,1996.0,0,0,0,0,0,1,0,0,1,0,0,0,0,0,0,1,0,0,0,0
839,crow city of angels the,1996.0,0,1,0,0,0,0,0,0,0,0,0,0,0,0,0,0,0,1,0,0
840,house arrest,1996.0,0,0,0,0,1,1,0,0,0,0,0,0,0,0,0,0,0,0,0,0
841,eyes without a face yeux sans visage les,1959.0,0,0,0,0,0,0,0,0,0,0,0,1,0,0,0,0,0,0,0,0
842,tales from the crypt presents bordello of blood,1996.0,0,0,0,0,0,1,0,0,0,0,0,1,0,0,0,0,0,0,0,0
848,spitfire grill the,1996.0,0,0,0,0,0,0,0,0,1,0,0,0,0,0,0,0,0,0,0,0
849,escape from la,1996.0,0,1,1,0,0,0,0,0,0,0,0,0,0,0,0,0,1,1,0,0
851,basquiat,1996.0,0,0,0,0,0,0,0,0,1,0,0,0,0,0,0,0,0,0,0,0
852,tin cup,1996.0,0,0,0,0,0,1,0,0,1,0,0,0,0,0,0,1,0,0,0,0
858,godfather the,1972.0,0,0,0,0,0,0,1,0,1,0,0,0,0,0,0,0,0,0,0,0
861,supercop police story 3 supercop jing cha gu shi iii chao ji jing cha,1992.0,0,1,0,0,0,1,1,0,0,0,0,0,0,0,0,0,0,1,0,0
866,bound,1996.0,0,0,0,0,0,0,1,0,1,0,0,0,0,0,0,1,0,1,0,0
867,carpool,1996.0,0,0,0,0,0,1,1,0,0,0,0,0,0,0,0,0,0,0,0,0
869,kansas city,1996.0,0,0,0,0,0,0,1,0,1,0,0,0,0,1,0,0,0,1,0,0
870,gone fishin,1997.0,0,0,0,0,0,1,0,0,0,0,0,0,0,0,0,0,0,0,0,0
875,nothing to lose,1994.0,0,1,0,0,0,0,1,0,1,0,0,0,0,0,0,0,0,0,0,0
876,supercop 2 project s chao ji ji hua,1993.0,0,1,0,0,0,1,1,0,0,0,0,0,0,0,0,0,0,1,0,0
879,relic the,1997.0,0,0,0,0,0,0,0,0,0,0,0,1,0,0,0,0,0,1,0,0
880,island of dr moreau the,1996.0,0,0,0,0,0,0,0,0,0,0,0,0,0,0,0,0,1,1,0,0
881,first kid,1996.0,0,0,0,0,1,1,0,0,0,0,0,0,0,0,0,0,0,0,0,0
882,trigger effect the,1996.0,0,0,0,0,0,0,0,0,1,0,0,0,0,0,0,0,0,1,0,0
885,bogus,1996.0,0,0,0,0,1,0,0,0,1,1,0,0,0,0,0,0,0,0,0,0
886,bulletproof,1996.0,0,1,0,0,0,1,1,0,0,0,0,0,0,0,0,0,0,0,0,0
888,land before time iii the time of the great giving,1995.0,0,0,1,1,1,0,0,0,0,0,0,0,0,1,0,0,0,0,0,0
889,1900 06,1994.0,0,0,0,0,0,0,0,0,1,0,0,0,0,0,0,1,0,0,0,0
891,halloween the curse of michael myers halloween 6 the curse of michael myers,1995.0,0,0,0,0,0,0,0,0,0,0,0,1,0,0,0,0,0,1,0,0
892,twelfth night,1996.0,0,0,0,0,0,1,0,0,1,0,0,0,0,0,0,1,0,0,0,0
893,mother night,1996.0,0,0,0,0,0,0,0,0,1,0,0,0,0,0,0,0,0,0,0,0
896,wild reeds les roseaux sauvages,1994.0,0,0,0,0,0,0,0,0,1,0,0,0,0,0,0,0,0,0,0,0
897,for whom the bell tolls,1943.0,0,0,1,0,0,0,0,0,1,0,0,0,0,0,0,1,0,0,1,0
898,philadelphia story the,1940.0,0,0,0,0,0,1,0,0,1,0,0,0,0,0,0,1,0,0,0,0
899,singin in the rain,1952.0,0,0,0,0,0,1,0,0,0,0,0,0,0,1,0,1,0,0,0,0
900,american in paris an,1951.0,0,0,0,0,0,0,0,0,0,0,0,0,0,1,0,1,0,0,0,0
901,funny face,1957.0,0,0,0,0,0,1,0,0,0,0,0,0,0,1,0,0,0,0,0,0
902,breakfast at tiffanys,1961.0,0,0,0,0,0,0,0,0,1,0,0,0,0,0,0,1,0,0,0,0
903,vertigo,1958.0,0,0,0,0,0,0,0,0,1,0,0,0,0,0,1,1,0,1,0,0
904,rear window,1954.0,0,0,0,0,0,0,0,0,0,0,0,0,0,0,1,0,0,1,0,0
905,it happened one night,1934.0,0,0,0,0,0,1,0,0,0,0,0,0,0,0,0,1,0,0,0,0
906,gaslight,1944.0,0,0,0,0,0,0,0,0,1,0,0,0,0,0,0,0,0,1,0,0
907,gay divorcee the,1934.0,0,0,0,0,0,1,0,0,0,0,0,0,0,1,0,1,0,0,0,0
908,north by northwest,1959.0,0,1,1,0,0,0,0,0,0,0,0,0,0,0,1,1,0,1,0,0
909,apartment the,1960.0,0,0,0,0,0,1,0,0,1,0,0,0,0,0,0,1,0,0,0,0
910,some like it hot,1959.0,0,0,0,0,0,1,1,0,0,0,0,0,0,0,0,0,0,0,0,0
911,charade,1963.0,0,0,0,0,0,1,1,0,0,0,0,0,0,0,1,1,0,1,0,0
912,casablanca,1942.0,0,0,0,0,0,0,0,0,1,0,0,0,0,0,0,1,0,0,0,0
913,maltese falcon the,1941.0,0,0,0,0,0,0,0,0,0,0,1,0,0,0,1,0,0,0,0,0
914,my fair lady,1964.0,0,0,0,0,0,1,0,0,1,0,0,0,0,1,0,1,0,0,0,0
915,sabrina,1954.0,0,0,0,0,0,1,0,0,0,0,0,0,0,0,0,1,0,0,0,0
916,roman holiday,1953.0,0,0,0,0,0,1,0,0,1,0,0,0,0,0,0,1,0,0,0,0
917,little princess the,1939.0,0,0,0,0,1,0,0,0,1,0,0,0,0,0,0,0,0,0,0,0
918,meet me in st louis,1944.0,0,0,0,0,0,0,0,0,0,0,0,0,0,1,0,0,0,0,0,0
919,wizard of oz the,1939.0,0,0,1,0,1,0,0,0,0,1,0,0,0,1,0,0,0,0,0,0
920,gone with the wind,1939.0,0,0,0,0,0,0,0,0,1,0,0,0,0,0,0,1,0,0,1,0
921,my favorite year,1982.0,0,0,0,0,0,1,0,0,0,0,0,0,0,0,0,0,0,0,0,0
922,sunset blvd aka sunset boulevard,1950.0,0,0,0,0,0,0,0,0,1,0,1,0,0,0,0,1,0,0,0,0
923,citizen kane,1941.0,0,0,0,0,0,0,0,0,1,0,0,0,0,0,1,0,0,0,0,0
924,2001 a space odyssey,1968.0,0,0,1,0,0,0,0,0,1,0,0,0,0,0,0,0,1,0,0,0
926,all about eve,1950.0,0,0,0,0,0,0,0,0,1,0,0,0,0,0,0,0,0,0,0,0
927,women the,1939.0,0,0,0,0,0,1,0,0,0,0,0,0,0,0,0,0,0,0,0,0
928,rebecca,1940.0,0,0,0,0,0,0,0,0,1,0,0,0,0,0,1,1,0,1,0,0
929,foreign correspondent,1940.0,0,0,0,0,0,0,0,0,1,0,1,0,0,0,1,0,0,1,0,0
930,notorious,1946.0,0,0,0,0,0,0,0,0,0,0,1,0,0,0,0,1,0,1,0,0
931,spellbound,1945.0,0,0,0,0,0,0,0,0,0,0,0,0,0,0,1,1,0,1,0,0
932,affair to remember an,1957.0,0,0,0,0,0,0,0,0,1,0,0,0,0,0,0,1,0,0,0,0
933,to catch a thief,1955.0,0,0,0,0,0,0,1,0,0,0,0,0,0,0,1,1,0,1,0,0
934,father of the bride,1950.0,0,0,0,0,0,1,0,0,0,0,0,0,0,0,0,0,0,0,0,0
935,band wagon the,1953.0,0,0,0,0,0,1,0,0,0,0,0,0,0,1,0,0,0,0,0,0
936,ninotchka,1939.0,0,0,0,0,0,1,0,0,0,0,0,0,0,0,0,1,0,0,0,0
937,love in the afternoon,1957.0,0,0,0,0,0,1,0,0,0,0,0,0,0,0,0,1,0,0,0,0
938,gigi,1958.0,0,0,0,0,0,0,0,0,0,0,0,0,0,1,0,0,0,0,0,0
940,adventures of robin hood the,1938.0,0,1,1,0,0,0,0,0,0,0,0,0,0,0,0,1,0,0,0,0
941,mark of zorro the,1940.0,0,0,1,0,0,0,0,0,0,0,0,0,0,0,0,0,0,0,0,0
942,laura,1944.0,0,0,0,0,0,0,1,0,0,0,1,0,0,0,1,0,0,0,0,0
943,ghost and mrs muir the,1947.0,0,0,0,0,0,0,0,0,1,1,0,0,0,0,0,1,0,0,0,0
944,lost horizon,1937.0,0,0,0,0,0,0,0,0,1,0,0,0,0,0,0,0,0,0,0,0
945,top hat,1935.0,0,0,0,0,0,1,0,0,0,0,0,0,0,1,0,1,0,0,0,0
946,to be or not to be,1942.0,0,0,0,0,0,1,0,0,1,0,0,0,0,0,0,0,0,0,1,0
947,my man godfrey,1936.0,0,0,0,0,0,1,0,0,0,0,0,0,0,0,0,1,0,0,0,0
948,giant,1956.0,0,0,0,0,0,0,0,0,1,0,0,0,0,0,0,1,0,0,0,1
949,east of eden,1955.0,0,0,0,0,0,0,0,0,1,0,0,0,0,0,0,0,0,0,0,0
950,thin man the,1934.0,0,0,0,0,0,1,1,0,0,0,0,0,0,0,0,0,0,0,0,0
951,his girl friday,1940.0,0,0,0,0,0,1,0,0,0,0,0,0,0,0,0,1,0,0,0,0
952,around the world in 80 days,1956.0,0,0,1,0,0,1,0,0,0,0,0,0,0,0,0,0,0,0,0,0
953,its a wonderful life,1946.0,0,0,0,0,1,0,0,0,1,1,0,0,0,0,0,1,0,0,0,0
954,mr smith goes to washington,1939.0,0,0,0,0,0,0,0,0,1,0,0,0,0,0,0,0,0,0,0,0
955,bringing up baby,1938.0,0,0,0,0,0,1,0,0,0,0,0,0,0,0,0,1,0,0,0,0
956,penny serenade,1941.0,0,0,0,0,0,0,0,0,1,0,0,0,0,0,0,1,0,0,0,0
959,of human bondage,1934.0,0,0,0,0,0,0,0,0,1,0,0,0,0,0,0,0,0,0,0,0
961,little lord fauntleroy,1936.0,0,0,0,0,0,0,0,0,1,0,0,0,0,0,0,0,0,0,0,0
963,inspector general the,1949.0,0,0,0,0,0,0,0,0,0,0,0,0,0,1,0,0,0,0,0,0
965,39 steps the,1935.0,0,0,0,0,0,0,0,0,1,0,0,0,0,0,1,0,0,1,0,0
968,night of the living dead,1968.0,0,0,0,0,0,0,0,0,0,0,0,1,0,0,0,0,1,1,0,0
969,african queen the,1951.0,0,0,1,0,0,1,0,0,0,0,0,0,0,0,0,1,0,0,1,0
970,beat the devil,1953.0,0,0,1,0,0,1,1,0,1,0,0,0,0,0,0,1,0,0,0,0
971,cat on a hot tin roof,1958.0,0,0,0,0,0,0,0,0,1,0,0,0,0,0,0,0,0,0,0,0
973,meet john doe,1941.0,0,0,0,0,0,1,0,0,1,0,0,0,0,0,0,0,0,0,0,0
976,farewell to arms a,1932.0,0,0,0,0,0,0,0,0,0,0,0,0,0,0,0,1,0,0,1,0
979,nothing personal,1995.0,0,0,0,0,0,0,0,0,1,0,0,0,0,0,0,0,0,0,1,0
981,dangerous ground,1997.0,0,0,0,0,0,0,0,0,1,0,0,0,0,0,0,0,0,0,0,0
982,picnic,1955.0,0,0,0,0,0,0,0,0,1,0,0,0,0,0,0,0,0,0,0,0
984,pompatus of love the,1996.0,0,0,0,0,0,1,0,0,1,0,0,0,0,0,0,0,0,0,0,0
986,fly away home,1996.0,0,0,1,0,1,0,0,0,0,0,0,0,0,0,0,0,0,0,0,0
987,bliss,1997.0,0,0,0,0,0,0,0,0,1,0,0,0,0,0,0,1,0,0,0,0
988,grace of my heart,1996.0,0,0,0,0,0,1,0,0,1,0,0,0,0,0,0,0,0,0,0,0
990,maximum risk,1996.0,0,1,1,0,0,0,0,0,0,0,0,0,0,0,0,0,0,1,0,0
991,michael collins,1996.0,0,0,0,0,0,0,0,0,1,0,0,0,0,0,0,0,0,0,0,0
993,infinity,1996.0,0,0,0,0,0,0,0,0,1,0,0,0,0,0,0,0,0,0,0,0
994,big night,1996.0,0,0,0,0,0,1,0,0,1,0,0,0,0,0,0,0,0,0,0,0
996,last man standing,1996.0,0,1,0,0,0,0,1,0,1,0,0,0,0,0,0,0,0,1,0,0
998,set it off,1996.0,0,1,0,0,0,0,1,0,0,0,0,0,0,0,0,0,0,0,0,0
999,2 days in the valley,1996.0,0,0,0,0,0,0,1,0,0,0,1,0,0,0,0,0,0,0,0,0
1003,extreme measures,1996.0,0,0,0,0,0,0,0,0,1,0,0,0,0,0,0,0,0,1,0,0
1004,glimmer man the,1996.0,0,1,0,0,0,0,0,0,0,0,0,0,0,0,0,0,0,1,0,0
1005,d3 the mighty ducks,1996.0,0,0,0,0,1,1,0,0,0,0,0,0,0,0,0,0,0,0,0,0
1006,chamber the,1996.0,0,0,0,0,0,0,0,0,1,0,0,0,0,0,0,0,0,0,0,0
1007,apple dumpling gang the,1975.0,0,0,0,0,1,1,0,0,0,0,0,0,0,0,0,0,0,0,0,1
1008,davy crockett king of the wild frontier,1955.0,0,0,1,0,0,0,0,0,0,0,0,0,0,0,0,0,0,0,0,1
1009,escape to witch mountain,1975.0,0,0,1,0,1,0,0,0,0,1,0,0,0,0,0,0,0,0,0,0
1010,love bug the,1969.0,0,0,0,0,1,1,0,0,0,0,0,0,0,0,0,0,0,0,0,0
1011,herbie rides again,1974.0,0,0,0,0,1,1,0,0,0,1,0,0,0,0,0,1,0,0,0,0
1012,old yeller,1957.0,0,0,0,0,1,0,0,0,1,0,0,0,0,0,0,0,0,0,0,0
1013,parent trap the,1961.0,0,0,0,0,1,1,0,0,0,0,0,0,0,0,0,1,0,0,0,0
1014,pollyanna,1960.0,0,0,0,0,1,1,0,0,1,0,0,0,0,0,0,0,0,0,0,0
1015,homeward bound the incredible journey,1993.0,0,0,1,0,1,0,0,0,1,0,0,0,0,0,0,0,0,0,0,0
1016,shaggy dog the,1959.0,0,0,0,0,1,1,0,0,0,0,0,0,0,0,0,0,0,0,0,0
1017,swiss family robinson,1960.0,0,0,1,0,1,0,0,0,0,0,0,0,0,0,0,0,0,0,0,0
1018,that darn cat,1965.0,0,0,0,0,1,1,0,0,0,0,0,0,0,0,1,0,0,0,0,0
1019,20000 leagues under the sea,1954.0,0,0,1,0,0,0,0,0,1,0,0,0,0,0,0,0,1,0,0,0
1020,cool runnings,1993.0,0,0,0,0,0,1,0,0,0,0,0,0,0,0,0,0,0,0,0,0
1021,angels in the outfield,1994.0,0,0,0,0,1,1,0,0,0,0,0,0,0,0,0,0,0,0,0,0
1022,cinderella,1950.0,0,0,0,1,1,0,0,0,0,1,0,0,0,1,0,1,0,0,0,0
1023,winnie the pooh and the blustery day,1968.0,0,0,0,1,1,0,0,0,0,0,0,0,0,1,0,0,0,0,0,0
1024,three caballeros the,1945.0,0,0,0,1,1,0,0,0,0,0,0,0,0,1,0,0,0,0,0,0
1025,sword in the stone the,1963.0,0,0,0,1,1,0,0,0,0,1,0,0,0,1,0,0,0,0,0,0
1027,robin hood prince of thieves,1991.0,0,0,1,0,0,0,0,0,1,0,0,0,0,0,0,0,0,0,0,0
1028,mary poppins,1964.0,0,0,0,0,1,1,0,0,0,1,0,0,0,1,0,0,0,0,0,0
1029,dumbo,1941.0,0,0,0,1,1,0,0,0,1,0,0,0,0,1,0,0,0,0,0,0
1030,petes dragon,1977.0,0,0,1,1,1,0,0,0,0,0,0,0,0,1,0,0,0,0,0,0
1031,bedknobs and broomsticks,1971.0,0,0,1,0,1,0,0,0,0,0,0,0,0,1,0,0,0,0,0,0
1032,alice in wonderland,1951.0,0,0,1,1,1,0,0,0,0,1,0,0,0,1,0,0,0,0,0,0
1033,fox and the hound the,1981.0,0,0,0,1,1,0,0,0,1,0,0,0,0,0,0,0,0,0,0,0
1034,freeway,1996.0,0,0,0,0,0,1,1,0,1,0,0,0,0,0,0,0,0,1,0,0
1035,sound of music the,1965.0,0,0,0,0,0,0,0,0,0,0,0,0,0,1,0,1,0,0,0,0
1036,die hard,1988.0,0,1,0,0,0,0,1,0,0,0,0,0,0,0,0,0,0,1,0,0
1037,lawnmower man the,1992.0,0,1,0,0,0,0,0,0,0,0,0,1,0,0,0,0,1,1,0,0
1040,secret agent the,1996.0,0,0,0,0,0,0,0,0,1,0,0,0,0,0,0,0,0,0,0,0
1041,secrets  lies,1996.0,0,0,0,0,0,0,0,0,1,0,0,0,0,0,0,0,0,0,0,0
1042,that thing you do,1996.0,0,0,0,0,0,1,0,0,1,0,0,0,0,0,0,0,0,0,0,0
1043,to gillian on her 37th birthday,1996.0,0,0,0,0,0,0,0,0,1,0,0,0,0,0,0,1,0,0,0,0
1046,beautiful thing,1996.0,0,0,0,0,0,0,0,0,1,0,0,0,0,0,0,1,0,0,0,0
1047,long kiss goodnight the,1996.0,0,1,0,0,0,0,0,0,1,0,0,0,0,0,0,0,0,1,0,0
1049,ghost and the darkness the,1996.0,0,1,1,0,0,0,0,0,0,0,0,0,0,0,0,0,0,0,0,0
1050,looking for richard,1996.0,0,0,0,0,0,0,0,1,1,0,0,0,0,0,0,0,0,0,0,0
1051,trees lounge,1996.0,0,0,0,0,0,0,0,0,1,0,0,0,0,0,0,0,0,0,0,0
1053,normal life,1996.0,0,0,0,0,0,0,1,0,1,0,0,0,0,0,0,1,0,0,0,0
1054,get on the bus,1996.0,0,0,0,0,0,0,0,0,1,0,0,0,0,0,0,0,0,0,0,0
1055,shadow conspiracy,1997.0,0,0,0,0,0,0,0,0,0,0,0,0,0,0,0,0,0,1,0,0
1056,jude,1996.0,0,0,0,0,0,0,0,0,1,0,0,0,0,0,0,0,0,0,0,0
1057,everyone says i love you,1996.0,0,0,0,0,0,1,0,0,0,0,0,0,0,1,0,1,0,0,0,0
1059,william shakespeares romeo  juliet,1996.0,0,0,0,0,0,0,0,0,1,0,0,0,0,0,0,1,0,0,0,0
1060,swingers,1996.0,0,0,0,0,0,1,0,0,1,0,0,0,0,0,0,0,0,0,0,0
1061,sleepers,1996.0,0,0,0,0,0,0,0,0,0,0,0,0,0,0,0,0,0,1,0,0
1064,aladdin and the king of thieves,1996.0,0,0,0,1,1,1,0,0,0,1,0,0,0,1,0,1,0,0,0,0
1066,shall we dance,1937.0,0,0,0,0,0,1,0,0,0,0,0,0,0,1,0,1,0,0,0,0
1068,crossfire,1947.0,0,0,0,0,0,0,1,0,0,0,1,0,0,0,0,0,0,0,0,0
1073,willy wonka  the chocolate factory,1971.0,0,0,0,0,1,1,0,0,0,1,0,0,0,1,0,0,0,0,0,0
1076,innocents the,1961.0,0,0,0,0,0,0,0,0,1,0,0,1,0,0,0,0,0,1,0,0
1077,sleeper,1973.0,0,0,0,0,0,1,0,0,0,0,0,0,0,0,0,0,1,0,0,0
1078,bananas,1971.0,0,0,0,0,0,1,0,0,0,0,0,0,0,0,0,0,0,0,1,0
1079,fish called wanda a,1988.0,0,0,0,0,0,1,1,0,0,0,0,0,0,0,0,0,0,0,0,0
1080,monty pythons life of brian,1979.0,0,0,0,0,0,1,0,0,0,0,0,0,0,0,0,0,0,0,0,0
1081,victorvictoria,1982.0,0,0,0,0,0,1,0,0,0,0,0,0,0,1,0,1,0,0,0,0
1082,candidate the,1972.0,0,0,0,0,0,0,0,0,1,0,0,0,0,0,0,0,0,0,0,0
1083,great race the,1965.0,0,0,0,0,0,1,0,0,0,0,0,0,0,1,0,0,0,0,0,0
1084,bonnie and clyde,1967.0,0,0,0,0,0,0,1,0,1,0,0,0,0,0,0,0,0,0,0,0
1085,old man and the sea the,1958.0,0,0,1,0,0,0,0,0,1,0,0,0,0,0,0,0,0,0,0,0
1086,dial m for murder,1954.0,0,0,0,0,0,0,1,0,0,0,0,0,0,0,1,0,0,1,0,0
1088,dirty dancing,1987.0,0,0,0,0,0,0,0,0,1,0,0,0,0,1,0,1,0,0,0,0
1089,reservoir dogs,1992.0,0,0,0,0,0,0,1,0,0,0,0,0,0,0,1,0,0,1,0,0
1090,platoon,1986.0,0,0,0,0,0,0,0,0,1,0,0,0,0,0,0,0,0,0,1,0
1091,weekend at bernies,1989.0,0,0,0,0,0,1,0,0,0,0,0,0,0,0,0,0,0,0,0,0
1092,basic instinct,1992.0,0,0,0,0,0,0,1,0,0,0,0,0,0,0,1,0,0,1,0,0
1093,doors the,1991.0,0,0,0,0,0,0,0,0,1,0,0,0,0,0,0,0,0,0,0,0
1094,crying game the,1992.0,0,0,0,0,0,0,0,0,1,0,0,0,0,0,0,1,0,1,0,0
1095,glengarry glen ross,1992.0,0,0,0,0,0,0,0,0,1,0,0,0,0,0,0,0,0,0,0,0
1096,sophies choice,1982.0,0,0,0,0,0,0,0,0,1,0,0,0,0,0,0,0,0,0,0,0
1097,et the extraterrestrial,1982.0,0,0,0,0,1,0,0,0,1,0,0,0,0,0,0,0,1,0,0,0
1099,christmas carol a,1938.0,0,0,0,0,1,0,0,0,1,1,0,0,0,0,0,0,0,0,0,0
1100,days of thunder,1990.0,0,1,0,0,0,0,0,0,1,0,0,0,0,0,0,1,0,0,0,0
1101,top gun,1986.0,0,1,0,0,0,0,0,0,0,0,0,0,0,0,0,1,0,0,0,0
1103,rebel without a cause,1955.0,0,0,0,0,0,0,0,0,1,0,0,0,0,0,0,0,0,0,0,0
1104,streetcar named desire a,1951.0,0,0,0,0,0,0,0,0,1,0,0,0,0,0,0,0,0,0,0,0
1105,children of the corn iv the gathering,1996.0,0,0,0,0,0,0,0,0,0,0,0,1,0,0,0,0,0,0,0,0
1107,loser,1991.0,0,0,0,0,0,1,0,0,0,0,0,0,0,0,0,0,0,0,0,0
1111,microcosmos microcosmos le peuple de lherbe,1996.0,0,0,0,0,0,0,0,1,0,0,0,0,0,0,0,0,0,0,0,0
1112,palookaville,1996.0,0,1,0,0,0,1,0,0,1,0,0,0,0,0,0,0,0,0,0,0
1114,funeral the,1996.0,0,0,0,0,0,0,1,0,1,0,0,0,0,0,0,0,0,0,0,0
1116,single girl a fille seule la,1995.0,0,0,0,0,0,0,0,0,1,0,0,0,0,0,0,0,0,0,0,0
1117,eighth day the huitième jour le,1996.0,0,0,0,0,0,0,0,0,1,0,0,0,0,0,0,0,0,0,0,0
1119,drunks,1995.0,0,0,0,0,0,0,0,0,1,0,0,0,0,0,0,0,0,0,0,0
1120,people vs larry flynt the,1996.0,0,0,0,0,0,1,0,0,1,0,0,0,0,0,0,0,0,0,0,0
1121,glory daze,1995.0,0,0,0,0,0,0,0,0,1,0,0,0,0,0,0,0,0,0,0,0
1123,perfect candidate a,1996.0,0,0,0,0,0,0,0,1,0,0,0,0,0,0,0,0,0,0,0,0
1124,on golden pond,1981.0,0,0,0,0,0,0,0,0,1,0,0,0,0,0,0,0,0,0,0,0
1125,return of the pink panther the,1975.0,0,0,0,0,0,1,1,0,0,0,0,0,0,0,0,0,0,0,0,0
1126,drop dead fred,1991.0,0,0,0,0,0,1,0,0,0,1,0,0,0,0,0,0,0,0,0,0
1127,abyss the,1989.0,0,1,1,0,0,0,0,0,0,0,0,0,0,0,0,0,1,1,0,0
1128,fog the,1980.0,0,0,0,0,0,0,0,0,0,0,0,1,0,0,0,0,0,0,0,0
1129,escape from new york,1981.0,0,1,1,0,0,0,0,0,0,0,0,0,0,0,0,0,1,1,0,0
1130,howling the,1980.0,0,0,0,0,0,0,0,0,0,0,0,1,0,0,1,0,0,0,0,0
1131,jean de florette,1986.0,0,0,0,0,0,0,0,0,1,0,0,0,0,0,1,0,0,0,0,0
1132,manon of the spring manon des sources,1986.0,0,0,0,0,0,0,0,0,1,0,0,0,0,0,0,0,0,0,0,0
1135,private benjamin,1980.0,0,0,0,0,0,1,0,0,0,0,0,0,0,0,0,0,0,0,0,0
1136,monty python and the holy grail,1975.0,0,0,1,0,0,1,0,0,0,1,0,0,0,0,0,0,0,0,0,0
1137,hustler white,1996.0,0,0,0,0,0,0,0,0,0,0,0,0,0,0,0,1,0,0,0,0
1140,entertaining angels the dorothy day story,1996.0,0,0,0,0,0,0,0,0,1,0,0,0,0,0,0,0,0,0,0,0
1144,line king the al hirschfeld story the,1996.0,0,0,0,0,0,0,0,1,0,0,0,0,0,0,0,0,0,0,0,0
1147,when we were kings,1996.0,0,0,0,0,0,0,0,1,0,0,0,0,0,0,0,0,0,0,0,0
1148,wallace  gromit the wrong trousers,1993.0,0,0,0,1,1,1,1,0,0,0,0,0,0,0,0,0,0,0,0,0
1150,return of martin guerre the retour de martin guerre le,1982.0,0,0,0,0,0,0,0,0,1,0,0,0,0,0,0,0,0,0,0,0
1151,lesson faust,1994.0,0,0,0,1,0,1,0,0,1,1,0,0,0,0,0,0,0,0,0,0
1156,children are watching us the bambini ci guardano i,1944.0,0,0,0,0,0,0,0,0,1,0,0,0,0,0,0,0,0,0,0,0
1161,tin drum the blechtrommel die,1979.0,0,0,0,0,0,0,0,0,1,0,0,0,0,0,0,0,0,0,1,0
1162,ruling class the,1972.0,0,0,0,0,0,1,0,0,1,0,0,0,0,0,0,0,0,0,0,0
1163,mina tannenbaum,1994.0,0,0,0,0,0,0,0,0,1,0,0,0,0,0,0,0,0,0,0,0
1167,dear god,1996.0,0,0,0,0,0,1,0,0,0,0,0,0,0,0,0,0,0,0,0,0
1170,best of the best 3 no turning back,1995.0,0,1,0,0,0,0,0,0,0,0,0,0,0,0,0,0,0,0,0,0
1171,bob roberts,1992.0,0,0,0,0,0,1,0,0,0,0,0,0,0,0,0,0,0,0,0,0
1172,cinema paradiso nuovo cinema paradiso,1989.0,0,0,0,0,0,0,0,0,1,0,0,0,0,0,0,0,0,0,0,0
1173,cook the thief his wife  her lover the,1989.0,0,0,0,0,0,1,0,0,1,0,0,0,0,0,0,0,0,0,0,0
1175,delicatessen,1991.0,0,0,0,0,0,1,0,0,1,0,0,0,0,0,0,1,0,0,0,0
1176,double life of veronique the double vie de véronique la,1991.0,0,0,0,0,0,0,0,0,1,1,0,0,0,0,0,1,0,0,0,0
1177,enchanted april,1992.0,0,0,0,0,0,0,0,0,1,0,0,0,0,0,0,1,0,0,0,0
1178,paths of glory,1957.0,0,0,0,0,0,0,0,0,1,0,0,0,0,0,0,0,0,0,1,0
1179,grifters the,1990.0,0,0,0,0,0,0,1,0,1,0,1,0,0,0,0,0,0,0,0,0
1180,hear my song,1991.0,0,0,0,0,0,1,0,0,0,0,0,0,0,0,0,0,0,0,0,0
1183,english patient the,1996.0,0,0,0,0,0,0,0,0,1,0,0,0,0,0,0,1,0,0,1,0
1184,mediterraneo,1991.0,0,0,0,0,0,1,0,0,1,0,0,0,0,0,0,0,0,0,0,0
1185,my left foot,1989.0,0,0,0,0,0,0,0,0,1,0,0,0,0,0,0,0,0,0,0,0
1186,sex lies and videotape,1989.0,0,0,0,0,0,0,0,0,1,0,0,0,0,0,0,0,0,0,0,0
1187,passion fish,1992.0,0,0,0,0,0,0,0,0,1,0,0,0,0,0,0,0,0,0,0,0
1188,strictly ballroom,1992.0,0,0,0,0,0,1,0,0,0,0,0,0,0,0,0,1,0,0,0,0
1189,thin blue line the,1988.0,0,0,0,0,0,0,0,1,0,0,0,0,0,0,0,0,0,0,0,0
1190,tie me up tie me down átame,1990.0,0,0,0,0,0,0,1,0,1,0,0,0,0,0,0,1,0,0,0,0
1191,madonna truth or dare,1991.0,0,0,0,0,0,0,0,1,0,0,0,0,0,1,0,0,0,0,0,0
1192,paris is burning,1990.0,0,0,0,0,0,0,0,1,0,0,0,0,0,0,0,0,0,0,0,0
1193,one flew over the cuckoos nest,1975.0,0,0,0,0,0,0,0,0,1,0,0,0,0,0,0,0,0,0,0,0
1194,cheech and chongs up in smoke,1978.0,0,0,0,0,0,1,0,0,0,0,0,0,0,0,0,0,0,0,0,0
1196,star wars episode v  the empire strikes back,1980.0,0,1,1,0,0,0,0,0,0,0,0,0,0,0,0,0,1,0,0,0
1197,princess bride the,1987.0,0,1,1,0,0,1,0,0,0,1,0,0,0,0,0,1,0,0,0,0
1198,raiders of the lost ark indiana jones and the raiders of the lost ark,1981.0,0,1,1,0,0,0,0,0,0,0,0,0,0,0,0,0,0,0,0,0
1199,brazil,1985.0,0,0,0,0,0,0,0,0,0,1,0,0,0,0,0,0,1,0,0,0
1200,aliens,1986.0,0,1,1,0,0,0,0,0,0,0,0,1,0,0,0,0,1,0,0,0
1201,good the bad and the ugly the buono il brutto il cattivo il,1966.0,0,1,1,0,0,0,0,0,0,0,0,0,0,0,0,0,0,0,0,1
1202,withnail  i,1987.0,0,0,0,0,0,1,0,0,0,0,0,0,0,0,0,0,0,0,0,0
1203,12 angry men,1957.0,0,0,0,0,0,0,0,0,1,0,0,0,0,0,0,0,0,0,0,0
1204,lawrence of arabia,1962.0,0,0,1,0,0,0,0,0,1,0,0,0,0,0,0,0,0,0,1,0
1206,clockwork orange a,1971.0,0,0,0,0,0,0,1,0,1,0,0,0,0,0,0,0,1,1,0,0
1207,to kill a mockingbird,1962.0,0,0,0,0,0,0,0,0,1,0,0,0,0,0,0,0,0,0,0,0
1208,apocalypse now,1979.0,0,1,0,0,0,0,0,0,1,0,0,0,0,0,0,0,0,0,1,0
1209,once upon a time in the west cera una volta il west,1968.0,0,1,0,0,0,0,0,0,1,0,0,0,0,0,0,0,0,0,0,1
1210,star wars episode vi  return of the jedi,1983.0,0,1,1,0,0,0,0,0,0,0,0,0,0,0,0,0,1,0,0,0
1211,wings of desire himmel über berlin der,1987.0,0,0,0,0,0,0,0,0,1,1,0,0,0,0,0,1,0,0,0,0
1212,third man the,1949.0,0,0,0,0,0,0,0,0,0,0,1,0,0,0,1,0,0,1,0,0
1213,goodfellas,1990.0,0,0,0,0,0,0,1,0,1,0,0,0,0,0,0,0,0,0,0,0
1214,alien,1979.0,0,0,0,0,0,0,0,0,0,0,0,1,0,0,0,0,1,0,0,0
1215,army of darkness,1993.0,0,1,1,0,0,1,0,0,0,1,0,1,0,0,0,0,0,0,0,0
1216,big blue the grand bleu le,1988.0,0,0,1,0,0,0,0,0,1,0,0,0,0,0,0,1,0,0,0,0
1217,ran,1985.0,0,0,0,0,0,0,0,0,1,0,0,0,0,0,0,0,0,0,1,0
1218,killer the die xue shuang xiong,1989.0,0,1,0,0,0,0,1,0,1,0,0,0,0,0,0,0,0,1,0,0
1219,psycho,1960.0,0,0,0,0,0,0,1,0,0,0,0,1,0,0,0,0,0,0,0,0
1220,blues brothers the,1980.0,0,1,0,0,0,1,0,0,0,0,0,0,0,1,0,0,0,0,0,0
1221,godfather part ii the,1974.0,0,0,0,0,0,0,1,0,1,0,0,0,0,0,0,0,0,0,0,0
1222,full metal jacket,1987.0,0,0,0,0,0,0,0,0,1,0,0,0,0,0,0,0,0,0,1,0
1223,grand day out with wallace and gromit a,1989.0,0,0,1,1,1,1,0,0,0,0,0,0,0,0,0,0,1,0,0,0
1224,henry v,1989.0,0,1,0,0,0,0,0,0,1,0,0,0,0,0,0,1,0,0,1,0
1225,amadeus,1984.0,0,0,0,0,0,0,0,0,1,0,0,0,0,0,0,0,0,0,0,0
1226,quiet man the,1952.0,0,0,0,0,0,0,0,0,1,0,0,0,0,0,0,1,0,0,0,0
1227,once upon a time in america,1984.0,0,0,0,0,0,0,1,0,1,0,0,0,0,0,0,0,0,0,0,0
1228,raging bull,1980.0,0,0,0,0,0,0,0,0,1,0,0,0,0,0,0,0,0,0,0,0
1230,annie hall,1977.0,0,0,0,0,0,1,0,0,0,0,0,0,0,0,0,1,0,0,0,0
1231,right stuff the,1983.0,0,0,0,0,0,0,0,0,1,0,0,0,0,0,0,0,0,0,0,0
1232,stalker,1979.0,0,0,0,0,0,0,0,0,1,0,0,0,0,0,1,0,1,0,0,0
1233,boot das boat the,1981.0,0,1,0,0,0,0,0,0,1,0,0,0,0,0,0,0,0,0,1,0
1234,sting the,1973.0,0,0,0,0,0,1,1,0,0,0,0,0,0,0,0,0,0,0,0,0
1235,harold and maude,1971.0,0,0,0,0,0,1,0,0,1,0,0,0,0,0,0,1,0,0,0,0
1236,trust,1990.0,0,0,0,0,0,1,0,0,1,0,0,0,0,0,0,1,0,0,0,0
1237,seventh seal the sjunde inseglet det,1957.0,0,0,0,0,0,0,0,0,1,0,0,0,0,0,0,0,0,0,0,0
1238,local hero,1983.0,0,0,0,0,0,1,0,0,0,0,0,0,0,0,0,0,0,0,0,0
1240,terminator the,1984.0,0,1,0,0,0,0,0,0,0,0,0,0,0,0,0,0,1,1,0,0
1241,dead alive braindead,1992.0,0,0,0,0,0,1,0,0,0,1,0,1,0,0,0,0,0,0,0,0
1242,glory,1989.0,0,0,0,0,0,0,0,0,1,0,0,0,0,0,0,0,0,0,1,0
1243,rosencrantz and guildenstern are dead,1990.0,0,0,0,0,0,1,0,0,1,0,0,0,0,0,0,0,0,0,0,0
1244,manhattan,1979.0,0,0,0,0,0,1,0,0,1,0,0,0,0,0,0,1,0,0,0,0
1245,millers crossing,1990.0,0,0,0,0,0,0,1,0,1,0,1,0,0,0,0,0,0,1,0,0
1246,dead poets society,1989.0,0,0,0,0,0,0,0,0,1,0,0,0,0,0,0,0,0,0,0,0
1247,graduate the,1967.0,0,0,0,0,0,1,0,0,1,0,0,0,0,0,0,1,0,0,0,0
1248,touch of evil,1958.0,0,0,0,0,0,0,1,0,0,0,1,0,0,0,0,0,0,1,0,0
1249,femme nikita la nikita,1990.0,0,1,0,0,0,0,1,0,0,0,0,0,0,0,0,1,0,1,0,0
1250,bridge on the river kwai the,1957.0,0,0,1,0,0,0,0,0,1,0,0,0,0,0,0,0,0,0,1,0
1251,8 12 8½,1963.0,0,0,0,0,0,0,0,0,1,1,0,0,0,0,0,0,0,0,0,0
1252,chinatown,1974.0,0,0,0,0,0,0,1,0,0,0,1,0,0,0,1,0,0,1,0,0
1253,day the earth stood still the,1951.0,0,0,0,0,0,0,0,0,1,0,0,0,0,0,0,0,1,1,0,0
1254,treasure of the sierra madre the,1948.0,0,1,1,0,0,0,0,0,1,0,0,0,0,0,0,0,0,0,0,1
1255,bad taste,1987.0,0,0,0,0,0,1,0,0,0,0,0,1,0,0,0,0,1,0,0,0
1256,duck soup,1933.0,0,0,0,0,0,1,0,0,0,0,0,0,0,1,0,0,0,0,1,0
1257,better off dead,1985.0,0,0,0,0,0,1,0,0,0,0,0,0,0,0,0,1,0,0,0,0
1258,shining the,1980.0,0,0,0,0,0,0,0,0,0,0,0,1,0,0,0,0,0,0,0,0
1259,stand by me,1986.0,0,0,1,0,0,0,0,0,1,0,0,0,0,0,0,0,0,0,0,0
1260,m,1931.0,0,0,0,0,0,0,1,0,0,0,1,0,0,0,0,0,0,1,0,0
1261,evil dead ii dead by dawn,1987.0,0,1,0,0,0,1,0,0,0,1,0,1,0,0,0,0,0,0,0,0
1262,great escape the,1963.0,0,1,1,0,0,0,0,0,1,0,0,0,0,0,0,0,0,0,1,0
1263,deer hunter the,1978.0,0,0,0,0,0,0,0,0,1,0,0,0,0,0,0,0,0,0,1,0
1264,diva,1981.0,0,1,0,0,0,0,0,0,1,0,0,0,0,0,1,1,0,1,0,0
1265,groundhog day,1993.0,0,0,0,0,0,1,0,0,0,1,0,0,0,0,0,1,0,0,0,0
1266,unforgiven,1992.0,0,0,0,0,0,0,0,0,1,0,0,0,0,0,0,0,0,0,0,1
1267,manchurian candidate the,1962.0,0,0,0,0,0,0,1,0,0,0,0,0,0,0,0,0,0,1,1,0
1268,pump up the volume,1990.0,0,0,0,0,0,1,0,0,1,0,0,0,0,0,0,0,0,0,0,0
1269,arsenic and old lace,1944.0,0,0,0,0,0,1,0,0,0,0,0,0,0,0,1,0,0,1,0,0
1270,back to the future,1985.0,0,0,1,0,0,1,0,0,0,0,0,0,0,0,0,0,1,0,0,0
1271,fried green tomatoes,1991.0,0,0,0,0,0,1,1,0,1,0,0,0,0,0,0,0,0,0,0,0
1272,patton,1970.0,0,0,0,0,0,0,0,0,1,0,0,0,0,0,0,0,0,0,1,0
1273,down by law,1986.0,0,0,0,0,0,1,0,0,1,0,1,0,0,0,0,0,0,0,0,0
1274,akira,1988.0,0,1,1,1,0,0,0,0,0,0,0,0,0,0,0,0,1,0,0,0
1275,highlander,1986.0,0,1,1,0,0,0,0,0,0,1,0,0,0,0,0,0,0,0,0,0
1276,cool hand luke,1967.0,0,0,0,0,0,0,0,0,1,0,0,0,0,0,0,0,0,0,0,0
1277,cyrano de bergerac,1990.0,0,0,0,0,0,1,0,0,1,0,0,0,0,0,0,1,0,0,0,0
1278,young frankenstein,1974.0,0,0,0,0,0,1,0,0,0,1,0,0,0,0,0,0,0,0,0,0
1279,night on earth,1991.0,0,0,0,0,0,1,0,0,1,0,0,0,0,0,0,0,0,0,0,0
1280,raise the red lantern da hong deng long gao gao gua,1991.0,0,0,0,0,0,0,0,0,1,0,0,0,0,0,0,0,0,0,0,0
1281,great dictator the,1940.0,0,0,0,0,0,1,0,0,1,0,0,0,0,0,0,0,0,0,1,0
1282,fantasia,1940.0,0,0,0,1,1,0,0,0,0,1,0,0,0,1,0,0,0,0,0,0
1283,high noon,1952.0,0,0,0,0,0,0,0,0,1,0,0,0,0,0,0,0,0,0,0,1
1284,big sleep the,1946.0,0,0,0,0,0,0,1,0,0,0,1,0,0,0,1,0,0,0,0,0
1285,heathers,1989.0,0,0,0,0,0,1,0,0,0,0,0,0,0,0,0,0,0,0,0,0
1286,somewhere in time,1980.0,0,0,0,0,0,0,0,0,1,0,0,0,0,0,0,1,0,0,0,0
1287,benhur,1959.0,0,1,1,0,0,0,0,0,1,0,0,0,0,0,0,0,0,0,0,0
1288,this is spinal tap,1984.0,0,0,0,0,0,1,0,0,0,0,0,0,0,0,0,0,0,0,0,0
1289,koyaanisqatsi aka koyaanisqatsi life out of balance,1983.0,0,0,0,0,0,0,0,1,0,0,0,0,0,0,0,0,0,0,0,0
1290,some kind of wonderful,1987.0,0,0,0,0,0,0,0,0,1,0,0,0,0,0,0,1,0,0,0,0
1291,indiana jones and the last crusade,1989.0,0,1,1,0,0,0,0,0,0,0,0,0,0,0,0,0,0,0,0,0
1292,being there,1979.0,0,0,0,0,0,1,0,0,1,0,0,0,0,0,0,0,0,0,0,0
1293,gandhi,1982.0,0,0,0,0,0,0,0,0,1,0,0,0,0,0,0,0,0,0,0,0
1295,unbearable lightness of being the,1988.0,0,0,0,0,0,0,0,0,1,0,0,0,0,0,0,0,0,0,0,0
1296,room with a view a,1986.0,0,0,0,0,0,0,0,0,1,0,0,0,0,0,0,1,0,0,0,0
1297,real genius,1985.0,0,0,0,0,0,1,0,0,0,0,0,0,0,0,0,0,0,0,0,0
1298,pink floyd the wall,1982.0,0,0,0,0,0,0,0,0,1,0,0,0,0,1,0,0,0,0,0,0
1299,killing fields the,1984.0,0,0,0,0,0,0,0,0,1,0,0,0,0,0,0,0,0,0,1,0
1300,my life as a dog mitt liv som hund,1985.0,0,0,0,0,0,1,0,0,1,0,0,0,0,0,0,0,0,0,0,0
1301,forbidden planet,1956.0,0,0,0,0,0,0,0,0,1,0,0,0,0,0,0,0,1,0,0,0
1302,field of dreams,1989.0,0,0,0,0,1,0,0,0,1,1,0,0,0,0,0,0,0,0,0,0
1303,man who would be king the,1975.0,0,0,1,0,0,0,0,0,1,0,0,0,0,0,0,0,0,0,0,0
1304,butch cassidy and the sundance kid,1969.0,0,1,0,0,0,0,0,0,0,0,0,0,0,0,0,0,0,0,0,1
1305,paris texas,1984.0,0,0,0,0,0,0,0,0,1,0,0,0,0,0,0,1,0,0,0,0
1306,until the end of the world bis ans ende der welt,1991.0,0,0,1,0,0,0,0,0,1,0,0,0,0,0,0,0,1,0,0,0
1307,when harry met sally,1989.0,0,0,0,0,0,1,0,0,0,0,0,0,0,0,0,1,0,0,0,0
1310,hype,1996.0,0,0,0,0,0,0,0,1,0,0,0,0,0,0,0,0,0,0,0,0
1312,female perversions,1996.0,0,0,0,0,0,0,0,0,1,0,0,0,0,0,0,0,0,0,0,0
1318,blue juice,1995.0,0,0,0,0,0,1,0,0,1,0,0,0,0,0,0,0,0,0,0,0
1320,alien³ aka alien 3,1992.0,0,1,0,0,0,0,0,0,0,0,0,1,0,0,0,0,1,1,0,0
1321,american werewolf in london an,1981.0,0,0,0,0,0,1,0,0,0,0,0,1,0,0,0,0,0,1,0,0
1322,amityville 1992 its about time,1992.0,0,0,0,0,0,0,0,0,0,0,0,1,0,0,0,0,0,0,0,0
1323,amityville 3d,1983.0,0,0,0,0,0,0,0,0,0,0,0,1,0,0,0,0,0,0,0,0
1324,amityville dollhouse,1996.0,0,0,0,0,0,0,0,0,0,0,0,1,0,0,0,0,0,0,0,0
1325,amityville a new generation,1993.0,0,0,0,0,0,0,0,0,0,0,0,1,0,0,0,0,0,0,0,0
1326,amityville ii the possession,1982.0,0,0,0,0,0,0,0,0,0,0,0,1,0,0,0,0,0,0,0,0
1327,amityville horror the,1979.0,0,0,0,0,0,0,0,0,1,0,0,1,0,0,1,0,0,1,0,0
1328,amityville curse the,1990.0,0,0,0,0,0,0,0,0,0,0,0,1,0,0,0,0,0,0,0,0
1329,blood for dracula andy warhols dracula,1974.0,0,0,0,0,0,0,0,0,0,0,0,1,0,0,0,0,0,0,0,0
1330,april fools day,1986.0,0,0,0,0,0,0,0,0,0,0,0,1,0,0,0,0,0,0,0,0
1331,audrey rose,1977.0,0,0,0,0,0,0,0,0,0,0,0,1,0,0,0,0,0,0,0,0
1332,believers the,1987.0,0,0,0,0,0,0,0,0,0,0,0,1,0,0,0,0,0,1,0,0
1333,birds the,1963.0,0,0,0,0,0,0,0,0,0,0,0,1,0,0,0,0,0,1,0,0
1334,blob the,1958.0,0,0,0,0,0,0,0,0,0,0,0,1,0,0,0,0,1,0,0,0
1335,blood beach,1981.0,0,0,0,0,0,0,0,0,0,0,0,1,0,0,1,0,0,0,0,0
1336,body parts,1991.0,0,0,0,0,0,0,0,0,0,0,0,1,0,0,0,0,0,1,0,0
1337,body snatcher the,1945.0,0,0,0,0,0,0,0,0,1,0,0,1,0,0,0,0,0,1,0,0
1339,dracula bram stokers dracula,1992.0,0,0,0,0,0,0,0,0,0,1,0,1,0,0,0,1,0,1,0,0
1340,bride of frankenstein the bride of frankenstein,1935.0,0,0,0,0,0,0,0,0,1,0,0,1,0,0,0,0,1,0,0,0
1341,burnt offerings,1976.0,0,0,0,0,0,0,0,0,0,0,0,1,0,0,0,0,0,0,0,0
1342,candyman,1992.0,0,0,0,0,0,0,0,0,0,0,0,1,0,0,0,0,0,1,0,0
1343,cape fear,1991.0,0,0,0,0,0,0,0,0,0,0,0,0,0,0,0,0,0,1,0,0
1344,cape fear,1962.0,0,0,0,0,0,0,1,0,1,0,0,0,0,0,0,0,0,1,0,0
1345,carrie,1976.0,0,0,0,0,0,0,0,0,1,1,0,1,0,0,0,0,0,1,0,0
1346,cat people,1982.0,0,0,0,0,0,0,0,0,1,1,0,1,0,0,0,0,0,0,0,0
1347,nightmare on elm street a,1984.0,0,0,0,0,0,0,0,0,0,0,0,1,0,0,0,0,0,1,0,0
1348,nosferatu nosferatu eine symphonie des grauens,1922.0,0,0,0,0,0,0,0,0,0,0,0,1,0,0,0,0,0,0,0,0
1349,vampire in venice nosferatu a venezia nosferatu in venice,1986.0,0,0,0,0,0,0,0,0,0,0,0,1,0,0,0,0,0,0,0,0
1350,omen the,1976.0,0,0,0,0,0,0,0,0,0,0,0,1,0,0,1,0,0,1,0,0
1351,blood and wine blood  wine,1996.0,0,0,0,0,0,0,1,0,1,0,0,0,0,0,0,0,0,1,0,0
1352,albino alligator,1996.0,0,0,0,0,0,0,1,0,0,0,0,0,0,0,0,0,0,1,0,0
1353,mirror has two faces the,1996.0,0,0,0,0,0,1,0,0,1,0,0,0,0,0,0,1,0,0,0,0
1354,breaking the waves,1996.0,0,0,0,0,0,0,0,0,1,0,0,0,0,0,1,0,0,0,0,0
1355,nightwatch,1997.0,0,0,0,0,0,0,0,0,0,0,0,1,0,0,0,0,0,1,0,0
1356,star trek first contact,1996.0,0,1,1,0,0,0,0,0,0,0,0,0,0,0,0,0,1,1,0,0
1357,shine,1996.0,0,0,0,0,0,0,0,0,1,0,0,0,0,0,0,1,0,0,0,0
1358,sling blade,1996.0,0,0,0,0,0,0,0,0,1,0,0,0,0,0,0,0,0,0,0,0
1359,jingle all the way,1996.0,0,0,0,0,1,1,0,0,0,0,0,0,0,0,0,0,0,0,0,0
1361,paradise lost the child murders at robin hood hills,1996.0,0,0,0,0,0,0,0,1,0,0,0,0,0,0,0,0,0,0,0,0
1363,preachers wife the,1996.0,0,0,0,0,0,0,0,0,1,0,0,0,0,0,0,0,0,0,0,0
1365,ridicule,1996.0,0,0,0,0,0,0,0,0,1,0,0,0,0,0,0,0,0,0,0,0
1366,crucible the,1996.0,0,0,0,0,0,0,0,0,1,0,0,0,0,0,0,0,0,0,0,0
1367,101 dalmatians,1996.0,0,0,1,0,1,1,0,0,0,0,0,0,0,0,0,0,0,0,0,0
1370,die hard 2,1990.0,0,1,1,0,0,0,0,0,0,0,0,0,0,0,0,0,0,1,0,0
1371,star trek the motion picture,1979.0,0,0,1,0,0,0,0,0,0,0,0,0,0,0,0,0,1,0,0,0
1372,star trek vi the undiscovered country,1991.0,0,1,0,0,0,0,0,0,0,0,0,0,0,0,1,0,1,0,0,0
1373,star trek v the final frontier,1989.0,0,1,0,0,0,0,0,0,0,0,0,0,0,0,0,0,1,0,0,0
1374,star trek ii the wrath of khan,1982.0,0,1,1,0,0,0,0,0,0,0,0,0,0,0,0,0,1,1,0,0
1375,star trek iii the search for spock,1984.0,0,1,1,0,0,0,0,0,0,0,0,0,0,0,0,0,1,0,0,0
1376,star trek iv the voyage home,1986.0,0,0,1,0,0,1,0,0,0,0,0,0,0,0,0,0,1,0,0,0
1377,batman returns,1992.0,0,1,0,0,0,0,1,0,0,0,0,0,0,0,0,0,0,0,0,0
1378,young guns,1988.0,0,1,0,0,0,1,0,0,0,0,0,0,0,0,0,0,0,0,0,1
1379,young guns ii,1990.0,0,1,0,0,0,0,0,0,0,0,0,0,0,0,0,0,0,0,0,1
1380,grease,1978.0,0,0,0,0,0,1,0,0,0,0,0,0,0,1,0,1,0,0,0,0
1381,grease 2,1982.0,0,0,0,0,0,1,0,0,0,0,0,0,0,1,0,1,0,0,0,0
1382,marked for death,1990.0,0,1,0,0,0,0,0,0,1,0,0,0,0,0,0,0,0,0,0,0
1385,under siege,1992.0,0,1,0,0,0,0,0,0,1,0,0,0,0,0,0,0,0,1,0,0
1387,jaws,1975.0,0,1,0,0,0,0,0,0,0,0,0,1,0,0,0,0,0,0,0,0
1388,jaws 2,1978.0,0,0,0,0,0,0,0,0,0,0,0,1,0,0,0,0,0,1,0,0
1389,jaws 3d,1983.0,0,1,0,0,0,0,0,0,0,0,0,1,0,0,0,0,0,0,0,0
1390,my fellow americans,1996.0,0,0,0,0,0,1,0,0,0,0,0,0,0,0,0,0,0,0,0,0
1391,mars attacks,1996.0,0,1,0,0,0,1,0,0,0,0,0,0,0,0,0,0,1,0,0,0
1392,citizen ruth,1996.0,0,0,0,0,0,1,0,0,1,0,0,0,0,0,0,0,0,0,0,0
1393,jerry maguire,1996.0,0,0,0,0,0,0,0,0,1,0,0,0,0,0,0,1,0,0,0,0
1394,raising arizona,1987.0,0,0,0,0,0,1,0,0,0,0,0,0,0,0,0,0,0,0,0,0
1395,tin men,1987.0,0,0,0,0,0,1,0,0,1,0,0,0,0,0,0,0,0,0,0,0
1396,sneakers,1992.0,0,1,0,0,0,1,1,0,1,0,0,0,0,0,0,0,1,0,0,0
1397,bastard out of carolina,1996.0,0,0,0,0,0,0,0,0,1,0,0,0,0,0,0,0,0,0,0,0
1398,in love and war,1996.0,0,0,0,0,0,0,0,0,0,0,0,0,0,0,0,1,0,0,1,0
1399,marvins room,1996.0,0,0,0,0,0,0,0,0,1,0,0,0,0,0,0,0,0,0,0,0
1401,ghosts of mississippi,1996.0,0,0,0,0,0,0,0,0,1,0,0,0,0,0,0,0,0,0,0,0
1405,beavis and butthead do america,1996.0,0,0,1,1,0,1,1,0,0,0,0,0,0,0,0,0,0,0,0,0
1406,la cérémonie,1995.0,0,0,0,0,0,0,1,0,1,0,0,0,0,0,1,0,0,1,0,0
1407,scream,1996.0,0,0,0,0,0,1,0,0,0,0,0,1,0,0,1,0,0,1,0,0
1408,last of the mohicans the,1992.0,0,1,0,0,0,0,0,0,0,0,0,0,0,0,0,1,0,0,1,1
1409,michael,1996.0,0,0,0,0,0,1,0,0,1,1,0,0,0,0,0,1,0,0,0,0
1411,hamlet,1996.0,0,0,0,0,0,0,1,0,1,0,0,0,0,0,0,1,0,0,0,0
1412,some mothers son,1996.0,0,0,0,0,0,0,0,0,1,0,0,0,0,0,0,0,0,0,0,0
1413,whole wide world the,1996.0,0,0,0,0,0,0,0,0,1,0,0,0,0,0,0,0,0,0,0,0
1414,mother,1996.0,0,0,0,0,0,1,0,0,0,0,0,0,0,0,0,0,0,0,0,0
1415,thieves voleurs les,1996.0,0,0,0,0,0,0,1,0,1,0,0,0,0,0,0,1,0,0,0,0
1416,evita,1996.0,0,0,0,0,0,0,0,0,1,0,0,0,0,1,0,0,0,0,0,0
1417,portrait of a lady the,1996.0,0,0,0,0,0,0,0,0,1,0,0,0,0,0,0,0,0,0,0,0
1419,walkabout,1971.0,0,0,1,0,0,0,0,0,1,0,0,0,0,0,0,0,0,0,0,0
1422,murder at 1600,1997.0,0,0,0,0,0,0,1,0,1,0,0,0,0,0,1,0,0,1,0,0
1423,hearts and minds,1996.0,0,0,0,0,0,0,0,0,1,0,0,0,0,0,0,0,0,0,0,0
1425,fierce creatures,1997.0,0,0,0,0,0,1,0,0,0,0,0,0,0,0,0,0,0,0,0,0
1426,zeus and roxanne,1997.0,0,0,0,0,1,0,0,0,0,0,0,0,0,0,0,0,0,0,0,0
1427,turbulence,1997.0,0,1,0,0,0,0,0,0,0,0,0,0,0,0,0,0,0,1,0,0
1428,angel baby,1995.0,0,0,0,0,0,0,0,0,1,0,0,0,0,0,0,0,0,0,0,0
1429,first strike police story 4 first strike ging chaat goo si 4 ji gaan daan yam mo,1996.0,0,1,1,0,0,1,0,0,0,0,0,0,0,0,0,0,0,1,0,0
1430,underworld,1996.0,0,0,0,0,0,1,0,0,0,0,0,0,0,0,0,0,0,1,0,0
1431,beverly hills ninja,1997.0,0,1,0,0,0,1,0,0,0,0,0,0,0,0,0,0,0,0,0,0
1432,metro,1997.0,0,1,0,0,0,1,1,0,1,0,0,0,0,0,0,0,0,1,0,0
1437,cement garden the,1993.0,0,0,0,0,0,0,0,0,1,0,0,0,0,0,0,0,0,0,0,0
1438,dantes peak,1997.0,0,1,0,0,0,0,0,0,0,0,0,0,0,0,0,0,0,1,0,0
1439,meet wally sparks,1997.0,0,0,0,0,0,1,0,0,0,0,0,0,0,0,0,0,0,0,0,0
1440,amos  andrew,1993.0,0,0,0,0,0,1,0,0,0,0,0,0,0,0,0,0,0,0,0,0
1441,benny  joon,1993.0,0,0,0,0,0,1,0,0,0,0,0,0,0,0,0,1,0,0,0,0
1442,prefontaine,1997.0,0,0,0,0,0,0,0,0,1,0,0,0,0,0,0,0,0,0,0,0
1445,mchales navy,1997.0,0,0,0,0,0,1,0,0,0,0,0,0,0,0,0,0,0,0,1,0
1446,kolya kolja,1996.0,0,0,0,0,0,1,0,0,1,0,0,0,0,0,0,0,0,0,0,0
1447,gridlockd,1997.0,0,0,0,0,0,0,1,0,0,0,0,0,0,0,0,0,0,0,0,0
1449,waiting for guffman,1996.0,0,0,0,0,0,1,0,0,0,0,0,0,0,0,0,0,0,0,0,0
1453,beautician and the beast the,1997.0,0,0,0,0,0,1,0,0,0,0,0,0,0,0,0,1,0,0,0,0
1454,suburbia,1997.0,0,0,0,0,0,1,0,0,1,0,0,0,0,0,0,0,0,0,0,0
1456,pest the,1997.0,0,0,0,0,0,1,0,0,0,0,0,0,0,0,0,0,0,0,0,0
1457,fools rush in,1997.0,0,0,0,0,0,1,0,0,1,0,0,0,0,0,0,1,0,0,0,0
1458,touch,1997.0,0,0,0,0,0,0,0,0,1,1,0,0,0,0,0,1,0,0,0,0
1459,absolute power,1997.0,0,0,0,0,0,0,0,0,0,0,0,0,0,0,1,0,0,1,0,0
1460,that darn cat,1997.0,0,0,0,0,1,1,0,0,0,0,0,0,0,0,1,0,0,0,0,0
1461,vegas vacation national lampoons las vegas vacation,1997.0,0,0,0,0,0,1,0,0,0,0,0,0,0,0,0,0,0,0,0,0
1464,lost highway,1997.0,0,0,0,0,0,0,1,0,1,1,1,0,0,0,1,1,0,0,0,0
1465,rosewood,1997.0,0,1,0,0,0,0,0,0,1,0,0,0,0,0,0,0,0,0,0,0
1466,donnie brasco,1997.0,0,0,0,0,0,0,1,0,1,0,0,0,0,0,0,0,0,0,0,0
1468,booty call,1997.0,0,0,0,0,0,1,0,0,0,0,0,0,0,0,0,1,0,0,0,0
1473,best men,1997.0,0,1,0,0,0,1,1,0,1,0,0,0,0,0,0,0,0,0,0,0
1474,jungle2jungle aka jungle 2 jungle,1997.0,0,0,0,0,1,1,0,0,0,0,0,0,0,0,0,0,0,0,0,0
1475,kama sutra a tale of love,1996.0,0,0,0,0,0,0,0,0,0,0,0,0,0,0,0,1,0,0,0,0
1476,private parts,1997.0,0,0,0,0,0,1,0,0,1,0,0,0,0,0,0,0,0,0,0,0
1477,love jones,1997.0,0,0,0,0,0,0,0,0,0,0,0,0,0,0,0,1,0,0,0,0
1479,saint the,1997.0,0,1,0,0,0,0,0,0,0,0,0,0,0,0,0,1,1,1,0,0
1480,smillas sense of snow,1997.0,0,0,0,0,0,0,0,0,1,0,0,0,0,0,0,0,0,1,0,0
1483,crash,1996.0,0,0,0,0,0,0,0,0,1,0,0,0,0,0,0,0,0,1,0,0
1484,daytrippers the,1996.0,0,0,0,0,0,1,0,0,1,0,0,0,0,0,1,1,0,0,0,0
1485,liar liar,1997.0,0,0,0,0,0,1,0,0,0,0,0,0,0,0,0,0,0,0,0,0
1487,selena,1997.0,0,0,0,0,0,0,0,0,1,0,0,0,0,1,0,0,0,0,0,0
1488,devils own the,1997.0,0,1,0,0,0,0,0,0,1,0,0,0,0,0,0,0,0,1,0,0
1489,cats dont dance,1997.0,0,0,0,1,1,0,0,0,0,0,0,0,0,1,0,0,0,0,0,0
1490,baps,1997.0,0,0,0,0,0,1,0,0,0,0,0,0,0,0,0,0,0,0,0,0
1493,love and other catastrophes,1996.0,0,0,0,0,0,0,0,0,0,0,0,0,0,0,0,1,0,0,0,0
1495,turbo a power rangers movie,1997.0,0,1,1,0,1,0,0,0,0,0,0,0,0,0,0,0,0,0,0,0
1496,anna karenina,1997.0,0,0,0,0,0,0,0,0,1,0,0,0,0,0,0,1,0,0,0,0
1497,double team,1997.0,0,1,0,0,0,0,0,0,0,0,0,0,0,0,0,0,0,0,0,0
1498,inventing the abbotts,1997.0,0,0,0,0,0,0,0,0,1,0,0,0,0,0,0,1,0,0,0,0
1499,anaconda,1997.0,0,1,1,0,0,0,0,0,0,0,0,0,0,0,0,0,0,1,0,0
1500,grosse pointe blank,1997.0,0,0,0,0,0,1,1,0,0,0,0,0,0,0,0,1,0,0,0,0
1502,kissed,1996.0,0,0,0,0,0,0,0,0,1,0,0,0,0,0,0,1,0,0,0,0
1503,8 heads in a duffel bag,1997.0,0,0,0,0,0,1,0,0,0,0,0,0,0,0,0,0,0,0,0,0
1507,paradise road,1997.0,0,0,0,0,0,0,0,0,1,0,0,0,0,0,0,0,0,0,1,0
1513,romy and micheles high school reunion,1997.0,0,0,0,0,0,1,0,0,0,0,0,0,0,0,0,0,0,0,0,0
1514,temptress moon feng yue,1996.0,0,0,0,0,0,0,0,0,0,0,0,0,0,0,0,1,0,0,0,0
1515,volcano,1997.0,0,1,0,0,0,0,0,0,1,0,0,0,0,0,0,0,0,1,0,0
1516,children of the revolution,1996.0,0,0,0,0,0,1,0,0,0,0,0,0,0,0,0,0,0,0,0,0
1517,austin powers international man of mystery,1997.0,0,1,1,0,0,1,0,0,0,0,0,0,0,0,0,0,0,0,0,0
1518,breakdown,1997.0,0,1,0,0,0,0,0,0,0,0,0,0,0,0,0,0,0,1,0,0
1519,broken english,1996.0,0,0,0,0,0,0,0,0,1,0,0,0,0,0,0,0,0,0,0,0
1526,fathers day,1997.0,0,0,0,0,0,1,0,0,0,0,0,0,0,0,0,0,0,0,0,0
1527,fifth element the,1997.0,0,1,1,0,0,1,0,0,0,0,0,0,0,0,0,0,1,0,0,0
1529,nowhere,1997.0,0,0,0,0,0,1,0,0,1,0,0,0,0,0,0,0,0,0,0,0
1533,promise the la promesse,1996.0,0,0,0,0,0,0,0,0,1,0,0,0,0,0,0,0,0,0,0,0
1537,shall we dance shall we dansu,1996.0,0,0,0,0,0,1,0,0,1,0,0,0,0,0,0,1,0,0,0,0
1541,addicted to love,1997.0,0,0,0,0,0,1,0,0,0,0,0,0,0,0,0,1,0,0,0,0
1542,brassed off,1996.0,0,0,0,0,0,1,0,0,1,0,0,0,0,0,0,1,0,0,0,0
1544,lost world jurassic park the,1997.0,0,1,1,0,0,0,0,0,0,0,0,0,0,0,0,0,1,1,0,0
1545,ponette,1996.0,0,0,0,0,0,0,0,0,1,0,0,0,0,0,0,0,0,0,0,0
1546,schizopolis,1996.0,0,0,0,0,0,1,0,0,0,0,0,0,0,0,0,0,0,0,0,0
1547,shiloh,1997.0,0,0,0,0,1,0,0,0,1,0,0,0,0,0,0,0,0,0,0,0
1549,rough magic,1995.0,0,0,0,0,0,0,0,0,1,0,0,0,0,0,0,1,0,0,0,0
1550,trial and error,1997.0,0,0,0,0,0,1,0,0,0,0,0,0,0,0,0,1,0,0,0,0
1551,buddy,1997.0,0,0,1,0,1,0,0,0,1,0,0,0,0,0,0,0,0,0,0,0
1552,con air,1997.0,0,1,1,0,0,0,0,0,0,0,0,0,0,0,0,0,0,1,0,0
1554,pillow book the,1996.0,0,0,0,0,0,0,0,0,1,0,0,0,0,0,0,1,0,0,0,0
1556,speed 2 cruise control,1997.0,0,1,0,0,0,0,0,0,0,0,0,0,0,0,0,1,0,1,0,0
1562,batman  robin,1997.0,0,1,1,0,0,0,0,0,0,1,0,0,0,0,0,0,0,1,0,0
1564,for roseanna roseannas grave,1997.0,0,0,0,0,0,1,0,0,1,0,0,0,0,0,0,1,0,0,0,0
1565,head above water,1996.0,0,0,0,0,0,1,0,0,0,0,0,0,0,0,0,0,0,1,0,0
1566,hercules,1997.0,0,0,1,1,1,1,0,0,0,0,0,0,0,1,0,0,0,0,0,0
1569,my best friends wedding,1997.0,0,0,0,0,0,1,0,0,0,0,0,0,0,0,0,1,0,0,0,0
1571,when the cats away chacun cherche son chat,1996.0,0,0,0,0,0,1,0,0,0,0,0,0,0,0,0,1,0,0,0,0
1572,contempt mépris le,1963.0,0,0,0,0,0,0,0,0,1,0,0,0,0,0,0,0,0,0,0,0
1573,faceoff,1997.0,0,1,0,0,0,0,1,0,1,0,0,0,0,0,0,0,0,1,0,0
1574,fall,1997.0,0,0,0,0,0,0,0,0,0,0,0,0,0,0,0,1,0,0,0,0
1580,men in black aka mib,1997.0,0,1,0,0,0,1,0,0,0,0,0,0,0,0,0,0,1,0,0,0
1581,out to sea,1997.0,0,0,0,0,0,1,0,0,0,0,0,0,0,0,0,0,0,0,0,0
1582,wild america,1997.0,0,0,1,0,1,0,0,0,0,0,0,0,0,0,0,0,0,0,0,0
1583,simple wish a,1997.0,0,0,0,0,1,0,0,0,0,1,0,0,0,0,0,0,0,0,0,0
1584,contact,1997.0,0,0,0,0,0,0,0,0,1,0,0,0,0,0,0,0,1,0,0,0
1585,love serenade,1996.0,0,0,0,0,0,1,0,0,0,0,0,0,0,0,0,0,0,0,0,0
1586,gi jane,1997.0,0,1,0,0,0,0,0,0,1,0,0,0,0,0,0,0,0,0,0,0
1587,conan the barbarian,1982.0,0,1,1,0,0,0,0,0,0,1,0,0,0,0,0,0,0,0,0,0
1588,george of the jungle,1997.0,0,0,0,0,1,1,0,0,0,0,0,0,0,0,0,0,0,0,0,0
1589,cop land,1997.0,0,1,0,0,0,0,1,0,1,0,0,0,0,0,0,0,0,1,0,0
1590,event horizon,1997.0,0,0,0,0,0,0,0,0,0,0,0,1,0,0,0,0,1,1,0,0
1591,spawn,1997.0,0,1,1,0,0,0,0,0,0,0,0,0,0,0,0,0,1,1,0,0
1592,air bud,1997.0,0,0,0,0,1,1,0,0,0,0,0,0,0,0,0,0,0,0,0,0
1593,picture perfect,1997.0,0,0,0,0,0,1,0,0,0,0,0,0,0,0,0,1,0,0,0,0
1594,in the company of men,1997.0,0,0,0,0,0,1,0,0,1,0,0,0,0,0,0,0,0,0,0,0
1596,career girls,1997.0,0,0,0,0,0,0,0,0,1,0,0,0,0,0,0,0,0,0,0,0
1597,conspiracy theory,1997.0,0,0,0,0,0,0,0,0,1,0,0,0,0,0,1,1,0,1,0,0
1598,desperate measures,1998.0,0,0,0,0,0,0,1,0,1,0,0,0,0,0,0,0,0,1,0,0
1599,steel,1997.0,0,1,0,0,0,0,0,0,0,0,0,0,0,0,0,0,0,0,0,0
1600,shes so lovely,1997.0,0,0,0,0,0,0,0,0,1,0,0,0,0,0,0,1,0,0,0,0
1601,hoodlum,1997.0,0,0,0,0,0,0,1,0,1,0,1,0,0,0,0,0,0,0,0,0
1602,leave it to beaver,1997.0,0,0,0,0,0,1,0,0,0,0,0,0,0,0,0,0,0,0,0,0
1603,mimic,1997.0,0,0,0,0,0,0,0,0,0,0,0,1,0,0,0,0,1,1,0,0
1604,money talks,1997.0,0,1,0,0,0,1,0,0,0,0,0,0,0,0,0,0,0,0,0,0
1605,excess baggage,1997.0,0,0,1,0,0,0,0,0,0,0,0,0,0,0,0,1,0,0,0,0
1606,kull the conqueror,1997.0,0,1,1,0,0,0,0,0,0,0,0,0,0,0,0,0,0,0,0,0
1608,air force one,1997.0,0,1,0,0,0,0,0,0,0,0,0,0,0,0,0,0,0,1,0,0
1609,187 one eight seven,1997.0,0,0,0,0,0,0,0,0,1,0,0,0,0,0,0,0,0,1,0,0
1610,hunt for red october the,1990.0,0,1,1,0,0,0,0,0,0,0,0,0,0,0,0,0,0,1,0,0
1611,my own private idaho,1991.0,0,0,0,0,0,0,0,0,1,0,0,0,0,0,0,1,0,0,0,0
1612,kiss me guido,1997.0,0,0,0,0,0,1,0,0,0,0,0,0,0,0,0,0,0,0,0,0
1613,star maps,1997.0,0,0,0,0,0,0,0,0,1,0,0,0,0,0,0,0,0,0,0,0
1614,in  out,1997.0,0,0,0,0,0,1,0,0,0,0,0,0,0,0,0,0,0,0,0,0
1615,edge the,1997.0,0,0,1,0,0,0,0,0,1,0,0,0,0,0,0,0,0,0,0,0
1616,peacemaker the,1997.0,0,1,0,0,0,0,0,0,0,0,0,0,0,0,0,0,0,1,1,0
1617,la confidential,1997.0,0,0,0,0,0,0,1,0,0,0,1,0,0,0,1,0,0,1,0,0
1619,seven years in tibet,1997.0,0,0,1,0,0,0,0,0,1,0,0,0,0,0,0,0,0,0,1,0
1620,kiss the girls,1997.0,0,0,0,0,0,0,1,0,1,0,0,0,0,0,1,0,0,1,0,0
1621,soul food,1997.0,0,0,0,0,0,0,0,0,1,0,0,0,0,0,0,0,0,0,0,0
1623,wishmaster,1997.0,0,0,0,0,0,0,0,0,0,0,0,1,0,0,0,0,0,0,0,0
1624,thousand acres a,1997.0,0,0,0,0,0,0,0,0,1,0,0,0,0,0,0,0,0,0,0,0
1625,game the,1997.0,0,0,0,0,0,0,0,0,1,0,0,0,0,0,1,0,0,1,0,0
1626,fire down below,1997.0,0,1,0,0,0,0,0,0,1,0,0,0,0,0,0,0,0,1,0,0
1627,u turn,1997.0,0,0,0,0,0,0,1,0,1,0,0,0,0,0,1,0,0,0,0,0
1629,matchmaker the,1997.0,0,0,0,0,0,1,0,0,0,0,0,0,0,0,0,1,0,0,0,0
1631,assignment the,1997.0,0,1,0,0,0,0,0,0,0,0,0,0,0,0,0,0,0,1,0,0
1633,ulees gold,1997.0,0,0,0,0,0,0,0,0,1,0,0,0,0,0,0,0,0,0,0,0
1635,ice storm the,1997.0,0,0,0,0,0,0,0,0,1,0,0,0,0,0,0,0,0,0,0,0
1639,chasing amy,1997.0,0,0,0,0,0,1,0,0,1,0,0,0,0,0,0,1,0,0,0,0
1641,full monty the,1997.0,0,0,0,0,0,1,0,0,1,0,0,0,0,0,0,0,0,0,0,0
1642,indian summer aka alive  kicking,1996.0,0,0,0,0,0,1,0,0,1,0,0,0,0,0,0,0,0,0,0,0
1643,mrs brown aka her majesty mrs brown,1997.0,0,0,0,0,0,0,0,0,1,0,0,0,0,0,0,1,0,0,0,0
1644,i know what you did last summer,1997.0,0,0,0,0,0,0,0,0,0,0,0,1,0,0,1,0,0,1,0,0
1645,the devils advocate,1997.0,0,0,0,0,0,0,0,0,1,0,0,0,0,0,1,0,0,1,0,0
1646,rocketman aka rocket man,1997.0,0,0,0,0,1,1,0,0,0,0,0,0,0,0,0,1,1,0,0,0
1647,playing god,1997.0,0,0,0,0,0,0,1,0,1,0,0,0,0,0,0,0,0,1,0,0
1648,house of yes the,1997.0,0,0,0,0,0,1,0,0,1,0,0,0,0,0,0,0,0,0,0,0
1649,fast cheap  out of control,1997.0,0,0,0,0,0,0,0,1,0,0,0,0,0,0,0,0,0,0,0,0
1650,washington square,1997.0,0,0,0,0,0,0,0,0,1,0,0,0,0,0,0,0,0,0,0,0
1652,year of the horse,1997.0,0,0,0,0,0,0,0,1,0,0,0,0,0,0,0,0,0,0,0,0
1653,gattaca,1997.0,0,0,0,0,0,0,0,0,1,0,0,0,0,0,0,0,1,1,0,0
1654,fairytale a true story,1997.0,0,0,0,0,1,0,0,0,1,1,0,0,0,0,0,0,0,0,0,0
1655,phantoms,1998.0,0,0,0,0,0,0,0,0,1,0,0,1,0,0,0,0,0,1,0,0
1656,swept from the sea,1997.0,0,0,0,0,0,0,0,0,1,0,0,0,0,0,0,1,0,0,0,0
1658,life less ordinary a,1997.0,0,0,0,0,0,0,0,0,0,0,0,0,0,0,0,1,0,1,0,0
1659,hurricane streets,1997.0,0,0,0,0,0,0,0,0,1,0,0,0,0,0,0,0,0,0,0,0
1660,eves bayou,1997.0,0,0,0,0,0,0,0,0,1,0,0,0,0,0,0,0,0,0,0,0
1661,switchback,1997.0,0,0,0,0,0,0,1,0,0,0,0,0,0,0,1,0,0,1,0,0
1662,gang related,1997.0,0,0,0,0,0,0,1,0,0,0,0,0,0,0,0,0,0,0,0,0
1663,stripes,1981.0,0,0,0,0,0,1,0,0,0,0,0,0,0,0,0,0,0,0,1,0
1665,bean,1997.0,0,0,0,0,0,1,0,0,0,0,0,0,0,0,0,0,0,0,0,0
1667,mad city,1997.0,0,1,0,0,0,0,0,0,1,0,0,0,0,0,0,0,0,0,0,0
1670,welcome to sarajevo,1997.0,0,0,0,0,0,0,0,0,1,0,0,0,0,0,0,0,0,0,1,0
1671,deceiver,1997.0,0,0,0,0,0,0,1,0,1,0,0,0,0,0,0,0,0,1,0,0
1672,rainmaker the,1997.0,0,0,0,0,0,0,0,0,1,0,0,0,0,0,0,0,0,0,0,0
1673,boogie nights,1997.0,0,0,0,0,0,0,0,0,1,0,0,0,0,0,0,0,0,0,0,0
1674,witness,1985.0,0,0,0,0,0,0,0,0,1,0,0,0,0,0,0,1,0,1,0,0
1675,incognito,1997.0,0,0,0,0,0,0,1,0,0,0,0,0,0,0,0,0,0,1,0,0
1676,starship troopers,1997.0,0,1,0,0,0,0,0,0,0,0,0,0,0,0,0,0,1,0,0,0
1677,critical care,1997.0,0,0,0,0,0,1,0,0,1,0,0,0,0,0,0,0,0,0,0,0
1678,joy luck club the,1993.0,0,0,0,0,0,0,0,0,1,0,0,0,0,0,0,1,0,0,0,0
1679,chairman of the board,1998.0,0,0,0,0,0,1,0,0,0,0,0,0,0,0,0,0,0,0,0,0
1680,sliding doors,1998.0,0,0,0,0,0,0,0,0,1,0,0,0,0,0,0,1,0,0,0,0
1681,mortal kombat annihilation,1997.0,0,1,1,0,0,0,0,0,0,1,0,0,0,0,0,0,0,0,0,0
1682,truman show the,1998.0,0,0,0,0,0,1,0,0,1,0,0,0,0,0,0,0,1,0,0,0
1683,wings of the dove the,1997.0,0,0,0,0,0,0,0,0,1,0,0,0,0,0,0,1,0,0,0,0
1684,mrs dalloway,1997.0,0,0,0,0,0,0,0,0,1,0,0,0,0,0,0,1,0,0,0,0
1685,i love you i love you not,1996.0,0,0,0,0,0,0,0,0,1,0,0,0,0,0,0,1,0,0,0,0
1686,red corner,1997.0,0,0,0,0,0,0,1,0,0,0,0,0,0,0,0,0,0,1,0,0
1687,jackal the,1997.0,0,1,0,0,0,0,0,0,0,0,0,0,0,0,0,0,0,1,0,0
1688,anastasia,1997.0,0,0,1,1,1,0,0,0,1,0,0,0,0,1,0,0,0,0,0,0
1689,man who knew too little the,1997.0,0,0,0,0,0,1,1,0,0,0,0,0,0,0,0,0,0,1,0,0
1690,alien resurrection,1997.0,0,1,0,0,0,0,0,0,0,0,0,1,0,0,0,0,1,0,0,0
1693,amistad,1997.0,0,0,0,0,0,0,0,0,1,0,0,0,0,0,1,0,0,0,0,0
1694,apostle the,1997.0,0,0,0,0,0,0,0,0,1,0,0,0,0,0,0,0,0,0,0,0
1695,artemisia,1997.0,0,0,0,0,0,0,0,0,1,0,0,0,0,0,0,0,0,0,0,0
1696,bent,1997.0,0,0,0,0,0,0,0,0,1,0,0,0,0,0,0,0,0,0,1,0
1699,butcher boy the,1997.0,0,0,0,0,0,1,0,0,1,0,0,0,0,0,0,0,0,0,0,0
1701,deconstructing harry,1997.0,0,0,0,0,0,1,0,0,1,0,0,0,0,0,0,0,0,0,0,0
1702,flubber,1997.0,0,0,0,0,1,1,0,0,0,1,0,0,0,0,0,0,0,0,0,0
1703,for richer or poorer,1997.0,0,0,0,0,0,1,0,0,0,0,0,0,0,0,0,0,0,0,0,0
1704,good will hunting,1997.0,0,0,0,0,0,0,0,0,1,0,0,0,0,0,0,1,0,0,0,0
1707,home alone 3,1997.0,0,0,0,0,1,1,0,0,0,0,0,0,0,0,0,0,0,0,0,0
1711,midnight in the garden of good and evil,1997.0,0,0,0,0,0,0,1,0,1,0,0,0,0,0,1,0,0,0,0,0
1713,mouse hunt,1997.0,0,0,0,0,1,1,0,0,0,0,0,0,0,0,0,0,0,0,0,0
1717,scream 2,1997.0,0,0,0,0,0,1,0,0,0,0,0,1,0,0,1,0,0,1,0,0
1718,stranger in the house,1997.0,0,0,0,0,0,0,0,0,0,0,0,0,0,0,0,0,0,1,0,0
1719,sweet hereafter the,1997.0,0,0,0,0,0,0,0,0,1,0,0,0,0,0,0,0,0,0,0,0
1721,titanic,1997.0,0,0,0,0,0,0,0,0,1,0,0,0,0,0,0,1,0,0,0,0
1722,tomorrow never dies,1997.0,0,1,1,0,0,0,0,0,0,0,0,0,0,0,0,0,0,1,0,0
1726,postman the,1997.0,0,1,1,0,0,0,0,0,1,0,0,0,0,0,0,0,1,0,0,0
1727,horse whisperer the,1998.0,0,0,0,0,0,0,0,0,1,0,0,0,0,0,0,1,0,0,0,0
1729,jackie brown,1997.0,0,0,0,0,0,0,1,0,1,0,0,0,0,0,0,0,0,1,0,0
1730,kundun,1997.0,0,0,0,0,0,0,0,0,1,0,0,0,0,0,0,0,0,0,0,0
1731,mr magoo,1997.0,0,0,0,0,0,1,0,0,0,0,0,0,0,0,0,0,0,0,0,0
1732,big lebowski the,1998.0,0,0,0,0,0,1,1,0,0,0,0,0,0,0,0,0,0,0,0,0
1733,afterglow,1997.0,0,0,0,0,0,0,0,0,1,0,0,0,0,0,0,1,0,0,0,0
1734,my life in pink ma vie en rose,1997.0,0,0,0,0,0,1,0,0,1,0,0,0,0,0,0,0,0,0,0,0
1735,great expectations,1998.0,0,0,0,0,0,0,0,0,1,0,0,0,0,0,0,1,0,0,0,0
1739,3 ninjas high noon on mega mountain,1998.0,0,1,0,0,1,1,0,0,0,0,0,0,0,0,0,0,0,0,0,0
1746,senseless,1998.0,0,0,0,0,0,1,0,0,0,0,0,0,0,0,0,0,0,0,0,0
1747,wag the dog,1997.0,0,0,0,0,0,1,0,0,0,0,0,0,0,0,0,0,0,0,0,0
1748,dark city,1998.0,0,0,1,0,0,0,0,0,0,0,1,0,0,0,0,0,1,1,0,0
1752,hard rain,1998.0,0,1,0,0,0,0,1,0,0,0,0,0,0,0,0,0,0,1,0,0
1753,half baked,1998.0,0,0,0,0,0,1,0,0,0,0,0,0,0,0,0,0,0,0,0,0
1754,fallen,1998.0,0,0,0,0,0,0,1,0,1,1,0,0,0,0,0,0,0,1,0,0
1755,shooting fish,1997.0,0,0,0,0,0,1,0,0,0,0,0,0,0,0,0,1,0,0,0,0
1757,fallen angels duo luo tian shi,1995.0,0,0,0,0,0,0,0,0,1,0,0,0,0,0,0,1,0,0,0,0
1759,four days in september o que é isso companheiro,1997.0,0,0,0,0,0,0,0,0,1,0,0,0,0,0,0,0,0,0,0,0
1760,spice world,1997.0,0,0,0,0,0,1,0,0,0,0,0,0,0,0,0,0,0,0,0,0
1762,deep rising,1998.0,0,1,0,0,0,0,0,0,0,0,0,1,0,0,0,0,1,0,0,0
1767,music from another room,1998.0,0,0,0,0,0,0,0,0,1,0,0,0,0,0,0,1,0,0,0,0
1769,replacement killers the,1998.0,0,1,0,0,0,0,1,0,0,0,0,0,0,0,0,0,0,1,0,0
1770,b monkey,1998.0,0,0,0,0,0,0,1,0,0,0,0,0,0,0,0,1,0,1,0,0
1771,night flier,1997.0,0,0,0,0,0,0,0,0,0,0,0,1,0,0,0,0,0,0,0,0
1772,blues brothers 2000,1998.0,0,1,0,0,0,1,0,0,0,0,0,0,0,1,0,0,0,0,0,0
1777,wedding singer the,1998.0,0,0,0,0,0,1,0,0,0,0,0,0,0,0,0,1,0,0,0,0
1779,sphere,1998.0,0,0,0,0,0,0,0,0,0,0,0,0,0,0,0,0,1,1,0,0
1783,palmetto,1998.0,0,0,0,0,0,0,1,0,1,0,0,0,0,0,1,1,0,1,0,0
1784,as good as it gets,1997.0,0,0,0,0,0,1,0,0,1,0,0,0,0,0,0,1,0,0,0,0
1785,king of new york,1990.0,0,0,0,0,0,0,1,0,0,0,0,0,0,0,0,0,0,1,0,0
1791,twilight,1998.0,0,0,0,0,0,0,1,0,1,0,0,0,0,0,0,0,0,1,0,0
1792,us marshals,1998.0,0,1,0,0,0,0,1,0,0,0,0,0,0,0,0,0,0,1,0,0
1793,welcome to woopwoop,1997.0,0,0,0,0,0,1,0,0,0,0,0,0,0,0,0,0,0,0,0,0
1794,love and death on long island,1997.0,0,0,0,0,0,1,0,0,1,0,0,0,0,0,0,0,0,0,0,0
1797,everest,1998.0,0,0,0,0,0,0,0,1,0,0,0,0,1,0,0,0,0,0,0,0
1798,hush,1998.0,0,0,0,0,0,0,0,0,0,0,0,0,0,0,0,0,0,1,0,0
1799,suicide kings,1997.0,0,0,0,0,0,1,1,0,1,0,0,0,0,0,1,0,0,1,0,0
1801,man in the iron mask the,1998.0,0,1,1,0,0,0,0,0,1,0,0,0,0,0,0,0,0,0,0,0
1804,newton boys the,1998.0,0,0,0,0,0,0,1,0,1,0,0,0,0,0,0,0,0,0,0,0
1805,wild things,1998.0,0,0,0,0,0,0,1,0,1,0,0,0,0,0,1,0,0,1,0,0
1806,paulie,1998.0,0,0,1,0,1,1,0,0,0,0,0,0,0,0,0,0,0,0,0,0
1807,cool dry place a,1998.0,0,0,0,0,0,0,0,0,1,0,0,0,0,0,0,0,0,0,0,0
1809,fireworks hanabi,1997.0,0,0,0,0,0,0,1,0,1,0,0,0,0,0,0,0,0,0,0,0
1810,primary colors,1998.0,0,0,0,0,0,1,0,0,1,0,0,0,0,0,0,0,0,0,0,0
1812,wide awake,1998.0,0,0,0,0,1,1,0,0,1,0,0,0,0,0,0,0,0,0,0,0
1816,two girls and a guy,1997.0,0,0,0,0,0,1,0,0,1,0,0,0,0,0,0,0,0,0,0,0
1821,object of my affection the,1998.0,0,0,0,0,0,1,0,0,0,0,0,0,0,0,0,1,0,0,0,0
1824,homegrown,1998.0,0,0,0,0,0,1,0,0,0,0,0,0,0,0,0,0,0,1,0,0
1825,the players club,1998.0,0,0,0,0,0,1,0,0,1,0,0,0,0,0,0,0,0,0,0,0
1826,barneys great adventure,1998.0,0,0,1,0,1,0,0,0,0,0,0,0,0,0,0,0,0,0,0,0
1827,big one the,1997.0,0,0,0,0,0,1,0,1,0,0,0,0,0,0,0,0,0,0,0,0
1829,chinese box,1997.0,0,0,0,0,0,0,0,0,1,0,0,0,0,0,0,1,0,0,0,0
1831,lost in space,1998.0,0,1,1,0,0,0,0,0,0,0,0,0,0,0,0,0,1,0,0,0
1833,mercury rising,1998.0,0,1,0,0,0,0,0,0,1,0,0,0,0,0,0,0,0,1,0,0
1834,spanish prisoner the,1997.0,0,0,0,0,0,0,1,0,1,0,0,0,0,0,1,0,0,1,0,0
1835,city of angels,1998.0,0,0,0,0,0,0,0,0,1,1,0,0,0,0,0,1,0,0,0,0
1836,last days of disco the,1998.0,0,0,0,0,0,1,0,0,1,0,0,0,0,0,0,0,0,0,0,0
1837,odd couple ii the,1998.0,0,0,0,0,0,1,0,0,0,0,0,0,0,0,0,0,0,0,0,0
1839,my giant,1998.0,0,0,0,0,0,1,0,0,0,0,0,0,0,0,0,0,0,0,0,0
1840,he got game,1998.0,0,0,0,0,0,0,0,0,1,0,0,0,0,0,0,0,0,0,0,0
1841,gingerbread man the,1998.0,0,0,0,0,0,0,0,0,1,0,0,0,0,0,0,0,0,1,0,0
1844,live flesh carne trémula,1997.0,0,0,0,0,0,0,0,0,1,0,0,0,0,0,0,1,0,0,0,0
1845,zero effect,1998.0,0,0,0,0,0,1,0,0,0,0,0,0,0,0,1,0,0,1,0,0
1848,borrowers the,1997.0,0,0,1,0,1,1,0,0,0,1,0,0,0,0,0,0,0,0,0,0
1855,krippendorfs tribe,1998.0,0,0,0,0,0,1,0,0,0,0,0,0,0,0,0,0,0,0,0,0
1856,kurt  courtney,1998.0,0,0,0,0,0,0,0,1,0,0,0,0,0,0,0,0,0,0,0,0
1857,real blonde the,1997.0,0,0,0,0,0,1,0,0,0,0,0,0,0,0,0,0,0,0,0,0
1858,mr nice guy yat goh ho yan,1997.0,0,1,0,0,0,1,0,0,0,0,0,0,0,0,0,0,0,0,0,0
1859,taste of cherry tam e guilass,1997.0,0,0,0,0,0,0,0,0,1,0,0,0,0,0,0,0,0,0,0,0
1860,character karakter,1997.0,0,0,0,0,0,0,0,0,1,0,0,0,0,0,0,0,0,0,0,0
1862,species ii,1998.0,0,0,0,0,0,0,0,0,0,0,0,1,0,0,0,0,1,0,0,0
1863,major league back to the minors,1998.0,0,0,0,0,0,1,0,0,0,0,0,0,0,0,0,0,0,0,0,0
1866,big hit the,1998.0,0,1,0,0,0,1,1,0,0,0,0,0,0,0,0,0,0,0,0,0
1867,tarzan and the lost city,1998.0,0,1,1,0,0,0,0,0,0,0,0,0,0,0,0,0,0,0,0,0
1870,dancer texas pop 81,1998.0,0,0,0,0,0,1,0,0,1,0,0,0,0,0,0,0,0,0,0,0
1873,misérables les,1998.0,0,0,0,0,0,0,1,0,1,0,0,0,0,0,0,1,0,0,1,0
1875,clockwatchers,1997.0,0,0,0,0,0,1,0,0,0,0,0,0,0,0,0,0,0,0,0,0
1876,deep impact,1998.0,0,0,0,0,0,0,0,0,1,0,0,0,0,0,0,0,1,1,0,0
1881,quest for camelot,1998.0,0,0,1,1,1,0,0,0,0,1,0,0,0,1,0,0,0,0,0,0
1882,godzilla,1998.0,0,1,0,0,0,0,0,0,0,0,0,0,0,0,0,0,1,1,0,0
1883,bulworth,1998.0,0,0,0,0,0,1,0,0,1,0,0,0,0,0,0,1,0,0,0,0
1884,fear and loathing in las vegas,1998.0,0,0,1,0,0,1,0,0,1,0,0,0,0,0,0,0,0,0,0,0
1885,opposite of sex the,1998.0,0,0,0,0,0,1,0,0,1,0,0,0,0,0,0,1,0,0,0,0
1887,almost heroes,1998.0,0,0,1,0,0,1,0,0,0,0,0,0,0,0,0,0,0,0,0,1
1888,hope floats,1998.0,0,0,0,0,0,1,0,0,1,0,0,0,0,0,0,1,0,0,0,0
1889,insomnia,1997.0,0,0,0,0,0,0,0,0,1,0,0,0,0,0,1,0,0,1,0,0
1891,ugly the,1997.0,0,0,0,0,0,0,0,0,0,0,0,1,0,0,0,0,0,1,0,0
1892,perfect murder a,1998.0,0,0,0,0,0,0,0,0,0,0,0,0,0,0,0,0,0,1,0,0
1893,beyond silence jenseits der stille,1996.0,0,0,0,0,0,0,0,0,1,0,0,0,0,0,0,0,0,0,0,0
1894,six days seven nights,1998.0,0,0,1,0,0,1,0,0,0,0,0,0,0,0,0,1,0,0,0,0
1895,cant hardly wait,1998.0,0,0,0,0,0,1,0,0,1,0,0,0,0,0,0,1,0,0,0,0
1897,high art,1998.0,0,0,0,0,0,0,0,0,1,0,0,0,0,0,0,1,0,0,0,0
1900,children of heaven the bachehaye aseman,1997.0,0,0,0,0,0,1,0,0,1,0,0,0,0,0,0,0,0,0,0,0
1902,dream for an insomniac,1996.0,0,0,0,0,0,0,0,0,1,0,0,0,0,0,0,1,0,0,0,0
1904,henry fool,1997.0,0,0,0,0,0,1,0,0,1,0,0,0,0,0,0,0,0,0,0,0
1906,mr jealousy,1997.0,0,0,0,0,0,1,0,0,0,0,0,0,0,0,0,1,0,0,0,0
1907,mulan,1998.0,0,0,1,1,1,1,0,0,1,0,0,0,0,1,0,1,0,0,0,0
1909,xfiles fight the future the,1998.0,0,1,0,0,0,0,1,0,0,0,0,0,0,0,1,0,1,1,0,0
1910,i went down,1997.0,0,0,0,0,0,1,1,0,1,0,0,0,0,0,0,0,0,0,0,0
1911,dr dolittle,1998.0,0,0,0,0,0,1,0,0,0,0,0,0,0,0,0,0,0,0,0,0
1912,out of sight,1998.0,0,0,0,0,0,1,1,0,1,0,0,0,0,0,0,1,0,1,0,0
1913,picnic at hanging rock,1975.0,0,0,0,0,0,0,0,0,1,0,0,0,0,0,1,0,0,0,0,0
1914,smoke signals,1998.0,0,0,0,0,0,1,0,0,1,0,0,0,0,0,0,0,0,0,0,0
1916,buffalo 66 aka buffalo 66,1998.0,0,0,0,0,0,0,0,0,1,0,0,0,0,0,0,1,0,0,0,0
1917,armageddon,1998.0,0,1,0,0,0,0,0,0,0,0,0,0,0,0,0,1,1,1,0,0
1918,lethal weapon 4,1998.0,0,1,0,0,0,1,1,0,0,0,0,0,0,0,0,0,0,1,0,0
1919,madeline,1998.0,0,0,0,0,1,1,0,0,0,0,0,0,0,0,0,0,0,0,0,0
1920,small soldiers,1998.0,0,0,0,1,1,0,0,0,0,1,0,0,0,0,0,0,0,0,1,0
1921,pi,1998.0,0,0,0,0,0,0,0,0,1,0,0,0,0,0,0,0,1,1,0,0
1922,whatever,1998.0,0,0,0,0,0,0,0,0,1,0,0,0,0,0,0,0,0,0,0,0
1923,theres something about mary,1998.0,0,0,0,0,0,1,0,0,0,0,0,0,0,0,0,1,0,0,0,0
1924,plan 9 from outer space,1959.0,0,0,0,0,0,0,0,0,0,0,0,1,0,0,0,0,1,0,0,0
1926,broadway melody the,1929.0,0,0,0,0,0,0,0,0,0,0,0,0,0,1,0,0,0,0,0,0
1927,all quiet on the western front,1930.0,0,1,0,0,0,0,0,0,1,0,0,0,0,0,0,0,0,0,1,0
1928,cimarron,1931.0,0,0,0,0,0,0,0,0,1,0,0,0,0,0,0,0,0,0,0,1
1929,grand hotel,1932.0,0,0,0,0,0,0,0,0,1,0,0,0,0,0,0,1,0,0,0,0
1931,mutiny on the bounty,1935.0,0,0,1,0,0,0,0,0,1,0,0,0,0,0,0,0,0,0,0,0
1932,great ziegfeld the,1936.0,0,0,0,0,0,0,0,0,1,0,0,0,0,1,0,0,0,0,0,0
1933,life of emile zola the,1937.0,0,0,0,0,0,0,0,0,1,0,0,0,0,0,0,0,0,0,0,0
1934,you cant take it with you,1938.0,0,0,0,0,0,1,0,0,0,0,0,0,0,0,0,1,0,0,0,0
1936,mrs miniver,1942.0,0,0,0,0,0,0,0,0,1,0,0,0,0,0,0,0,0,0,1,0
1937,going my way,1944.0,0,0,0,0,0,1,0,0,1,0,0,0,0,1,0,0,0,0,0,0
1938,lost weekend the,1945.0,0,0,0,0,0,0,0,0,1,0,0,0,0,0,0,0,0,0,0,0
1939,best years of our lives the,1946.0,0,0,0,0,0,0,0,0,1,0,0,0,0,0,0,0,0,0,1,0
1940,gentlemans agreement,1947.0,0,0,0,0,0,0,0,0,1,0,0,0,0,0,0,0,0,0,0,0
1941,hamlet,1948.0,0,0,0,0,0,0,0,0,1,0,0,0,0,0,0,0,0,0,0,0
1942,all the kings men,1949.0,0,0,0,0,0,0,0,0,1,0,0,0,0,0,0,0,0,0,0,0
1944,from here to eternity,1953.0,0,0,0,0,0,0,0,0,1,0,0,0,0,0,0,1,0,0,1,0
1945,on the waterfront,1954.0,0,0,0,0,0,0,1,0,1,0,0,0,0,0,0,0,0,0,0,0
1946,marty,1955.0,0,0,0,0,0,0,0,0,1,0,0,0,0,0,0,1,0,0,0,0
1947,west side story,1961.0,0,0,0,0,0,0,0,0,1,0,0,0,0,1,0,1,0,0,0,0
1948,tom jones,1963.0,0,0,1,0,0,1,0,0,0,0,0,0,0,0,0,1,0,0,0,0
1949,man for all seasons a,1966.0,0,0,0,0,0,0,0,0,1,0,0,0,0,0,0,0,0,0,0,0
1950,in the heat of the night,1967.0,0,0,0,0,0,0,0,0,1,0,0,0,0,0,1,0,0,0,0,0
1951,oliver,1968.0,0,0,0,0,0,0,0,0,1,0,0,0,0,1,0,0,0,0,0,0
1952,midnight cowboy,1969.0,0,0,0,0,0,0,0,0,1,0,0,0,0,0,0,0,0,0,0,0
1953,french connection the,1971.0,0,1,0,0,0,0,1,0,0,0,0,0,0,0,0,0,0,1,0,0
1954,rocky,1976.0,0,0,0,0,0,0,0,0,1,0,0,0,0,0,0,0,0,0,0,0
1955,kramer vs kramer,1979.0,0,0,0,0,0,0,0,0,1,0,0,0,0,0,0,0,0,0,0,0
1956,ordinary people,1980.0,0,0,0,0,0,0,0,0,1,0,0,0,0,0,0,0,0,0,0,0
1957,chariots of fire,1981.0,0,0,0,0,0,0,0,0,1,0,0,0,0,0,0,0,0,0,0,0
1958,terms of endearment,1983.0,0,0,0,0,0,1,0,0,1,0,0,0,0,0,0,0,0,0,0,0
1959,out of africa,1985.0,0,0,0,0,0,0,0,0,1,0,0,0,0,0,0,1,0,0,0,0
1960,last emperor the,1987.0,0,0,0,0,0,0,0,0,1,0,0,0,0,0,0,0,0,0,0,0
1961,rain man,1988.0,0,0,0,0,0,0,0,0,1,0,0,0,0,0,0,0,0,0,0,0
1962,driving miss daisy,1989.0,0,0,0,0,0,0,0,0,1,0,0,0,0,0,0,0,0,0,0,0
1963,take the money and run,1969.0,0,0,0,0,0,1,1,0,0,0,0,0,0,0,0,0,0,0,0,0
1964,klute,1971.0,0,0,0,0,0,0,0,0,1,0,0,0,0,0,1,0,0,0,0,0
1965,repo man,1984.0,0,0,0,0,0,1,0,0,0,0,0,0,0,0,0,0,1,0,0,0
1966,metropolitan,1990.0,0,0,0,0,0,1,0,0,0,0,0,0,0,0,0,0,0,0,0,0
1967,labyrinth,1986.0,0,0,1,0,0,0,0,0,0,1,0,0,0,1,0,0,0,0,0,0
1968,breakfast club the,1985.0,0,0,0,0,0,1,0,0,1,0,0,0,0,0,0,0,0,0,0,0
1969,nightmare on elm street 2 freddys revenge a,1985.0,0,0,0,0,0,0,0,0,0,0,0,1,0,0,0,0,0,0,0,0
1970,nightmare on elm street 3 dream warriors a,1987.0,0,0,0,0,0,0,0,0,0,0,0,1,0,0,0,0,0,1,0,0
1971,nightmare on elm street 4 the dream master a,1988.0,0,0,0,0,0,0,0,0,0,0,0,1,0,0,0,0,0,1,0,0
1972,nightmare on elm street 5 the dream child a,1989.0,0,0,0,0,0,0,0,0,0,0,0,1,0,0,0,0,0,0,0,0
1973,freddys dead the final nightmare nightmare on elm street part 6 freddys dead a,1991.0,0,0,0,0,0,0,0,0,0,0,0,1,0,0,0,0,0,0,0,0
1974,friday the 13th,1980.0,0,0,0,0,0,0,0,0,0,0,0,1,0,0,1,0,0,1,0,0
1975,friday the 13th part 2,1981.0,0,0,0,0,0,0,0,0,0,0,0,1,0,0,0,0,0,0,0,0
1976,friday the 13th part 3 3d,1982.0,0,0,0,0,0,0,0,0,0,0,0,1,0,0,0,0,0,0,0,0
1977,friday the 13th part iv the final chapter,1984.0,0,0,0,0,0,0,0,0,0,0,0,1,0,0,0,0,0,0,0,0
1978,friday the 13th part v a new beginning,1985.0,0,0,0,0,0,0,0,0,0,0,0,1,0,0,0,0,0,0,0,0
1979,friday the 13th part vi jason lives,1986.0,0,0,0,0,0,0,0,0,0,0,0,1,0,0,0,0,0,0,0,0
1980,friday the 13th part vii the new blood,1988.0,0,0,0,0,0,0,0,0,0,0,0,1,0,0,0,0,0,0,0,0
1981,friday the 13th part viii jason takes manhattan,1989.0,0,0,0,0,0,0,0,0,0,0,0,1,0,0,0,0,0,0,0,0
1982,halloween,1978.0,0,0,0,0,0,0,0,0,0,0,0,1,0,0,0,0,0,0,0,0
1983,halloween ii,1981.0,0,0,0,0,0,0,0,0,0,0,0,1,0,0,0,0,0,0,0,0
1984,halloween iii season of the witch,1982.0,0,0,0,0,0,0,0,0,0,0,0,1,0,0,0,0,0,0,0,0
1985,halloween 4 the return of michael myers,1988.0,0,0,0,0,0,0,0,0,0,0,0,1,0,0,0,0,0,0,0,0
1986,halloween 5 the revenge of michael myers,1989.0,0,0,0,0,0,0,0,0,0,0,0,1,0,0,0,0,0,0,0,0
1987,prom night,1980.0,0,0,0,0,0,0,0,0,0,0,0,1,0,0,0,0,0,0,0,0
1990,prom night iv deliver us from evil,1992.0,0,0,0,0,0,0,0,0,0,0,0,1,0,0,0,0,0,0,0,0
1991,childs play,1988.0,0,0,0,0,0,0,0,0,0,0,0,1,0,0,0,0,0,1,0,0
1992,childs play 2,1990.0,0,0,0,0,0,0,0,0,0,0,0,1,0,0,0,0,0,1,0,0
1993,childs play 3,1991.0,0,0,0,0,0,1,0,0,0,0,0,1,0,0,0,0,0,1,0,0
1994,poltergeist,1982.0,0,0,0,0,0,0,0,0,0,0,0,1,0,0,0,0,0,1,0,0
1995,poltergeist ii the other side,1986.0,0,0,0,0,0,0,0,0,0,0,0,1,0,0,0,0,0,1,0,0
1996,poltergeist iii,1988.0,0,0,0,0,0,0,0,0,0,0,0,1,0,0,0,0,0,1,0,0
1997,exorcist the,1973.0,0,0,0,0,0,0,0,0,0,0,0,1,0,0,1,0,0,0,0,0
1998,exorcist ii the heretic,1977.0,0,0,0,0,0,0,0,0,0,0,0,1,0,0,0,0,0,0,0,0
1999,exorcist iii the,1990.0,0,0,0,0,0,0,0,0,0,0,0,1,0,0,0,0,0,0,0,0
2000,lethal weapon,1987.0,0,1,0,0,0,1,1,0,1,0,0,0,0,0,0,0,0,0,0,0
2001,lethal weapon 2,1989.0,0,1,0,0,0,1,1,0,1,0,0,0,0,0,0,0,0,0,0,0
2002,lethal weapon 3,1992.0,0,1,0,0,0,1,1,0,1,0,0,0,0,0,0,0,0,0,0,0
2003,gremlins,1984.0,0,0,0,0,0,1,0,0,0,0,0,1,0,0,0,0,0,0,0,0
2004,gremlins 2 the new batch,1990.0,0,0,0,0,0,1,0,0,0,0,0,1,0,0,0,0,0,0,0,0
2005,goonies the,1985.0,0,1,1,0,1,1,0,0,0,1,0,0,0,0,0,0,0,0,0,0
2006,mask of zorro the,1998.0,0,1,0,0,0,1,0,0,0,0,0,0,0,0,0,1,0,0,0,0
2007,polish wedding,1998.0,0,0,0,0,0,1,0,0,0,0,0,0,0,0,0,0,0,0,0,0
2008,this world then the fireworks,1997.0,0,0,0,0,0,0,1,0,1,0,1,0,0,0,0,0,0,0,0,0
2009,soylent green,1973.0,0,0,0,0,0,0,0,0,1,0,0,0,0,0,1,0,1,1,0,0
2010,metropolis,1927.0,0,0,0,0,0,0,0,0,1,0,0,0,0,0,0,0,1,0,0,0
2011,back to the future part ii,1989.0,0,0,1,0,0,1,0,0,0,0,0,0,0,0,0,0,1,0,0,0
2012,back to the future part iii,1990.0,0,0,1,0,0,1,0,0,0,0,0,0,0,0,0,0,1,0,0,1
2013,poseidon adventure the,1972.0,0,1,1,0,0,0,0,0,1,0,0,0,0,0,0,0,0,0,0,0
2014,freaky friday,1977.0,0,0,0,0,1,1,0,0,0,1,0,0,0,0,0,0,0,0,0,0
2015,absentminded professor the,1961.0,0,0,0,0,1,1,0,0,0,1,0,0,0,0,0,0,0,0,0,0
2016,apple dumpling gang rides again the,1979.0,0,0,0,0,1,1,0,0,0,0,0,0,0,0,0,0,0,0,0,1
2017,babes in toyland,1961.0,0,0,0,0,1,0,0,0,0,1,0,0,0,1,0,0,0,0,0,0
2018,bambi,1942.0,0,0,0,1,1,0,0,0,1,0,0,0,0,0,0,0,0,0,0,0
2019,seven samurai shichinin no samurai,1954.0,0,1,1,0,0,0,0,0,1,0,0,0,0,0,0,0,0,0,0,0
2020,dangerous liaisons,1988.0,0,0,0,0,0,0,0,0,1,0,0,0,0,0,0,1,0,0,0,0
2021,dune,1984.0,0,0,1,0,0,0,0,0,0,0,0,0,0,0,0,0,1,0,0,0
2022,last temptation of christ the,1988.0,0,0,0,0,0,0,0,0,1,0,0,0,0,0,0,0,0,0,0,0
2023,godfather part iii the,1990.0,0,0,0,0,0,0,1,0,1,0,0,0,0,0,1,0,0,1,0,0
2024,rapture the,1991.0,0,0,0,0,0,0,0,0,1,0,0,0,0,0,1,0,0,0,0,0
2025,lolita,1997.0,0,0,0,0,0,0,0,0,1,0,0,0,0,0,0,1,0,0,0,0
2026,disturbing behavior,1998.0,0,0,0,0,0,0,0,0,0,0,0,1,0,0,0,0,0,1,0,0
2027,jane austens mafia,1998.0,0,0,0,0,0,1,1,0,0,0,0,0,0,0,0,0,0,0,0,0
2028,saving private ryan,1998.0,0,1,0,0,0,0,0,0,1,0,0,0,0,0,0,0,0,0,1,0
2032,barefoot executive the,1971.0,0,0,0,0,1,1,0,0,0,0,0,0,0,0,0,0,0,0,0,0
2033,black cauldron the,1985.0,0,0,1,1,1,0,0,0,0,1,0,0,0,0,0,0,0,0,0,0
2034,black hole the,1979.0,0,0,0,0,1,0,0,0,0,0,0,0,0,0,0,0,1,0,0,0
2035,blackbeards ghost,1968.0,0,0,0,0,1,1,0,0,0,0,0,0,0,0,0,0,0,0,0,0
2036,blank check,1994.0,0,0,0,0,1,1,0,0,0,0,0,0,0,0,0,0,0,0,0,0
2037,candleshoe,1977.0,0,0,1,0,1,1,0,0,0,0,0,0,0,0,0,0,0,0,0,0
2038,cat from outer space the,1978.0,0,0,0,0,1,1,0,0,0,0,0,0,0,0,0,0,1,0,0,0
2040,computer wore tennis shoes the,1969.0,0,0,0,0,1,1,0,0,0,0,0,0,0,0,0,0,0,0,0,0
2041,condorman,1981.0,0,1,1,0,1,1,0,0,0,0,0,0,0,0,0,0,0,0,0,0
2042,d2 the mighty ducks,1994.0,0,0,0,0,1,1,0,0,0,0,0,0,0,0,0,0,0,0,0,0
2043,darby ogill and the little people,1959.0,0,0,1,0,1,0,0,0,0,1,0,0,0,0,0,0,0,0,0,0
2044,devil and max devlin the,1981.0,0,0,0,0,0,1,0,0,0,1,0,0,0,0,0,0,0,0,0,0
2046,flight of the navigator,1986.0,0,0,1,0,1,0,0,0,0,0,0,0,0,0,0,0,1,0,0,0
2048,great mouse detective the,1986.0,0,1,0,1,1,0,1,0,0,0,0,0,0,0,0,0,0,0,0,0
2050,herbie goes bananas,1980.0,0,0,1,0,1,1,0,0,0,0,0,0,0,0,0,0,0,0,0,0
2051,herbie goes to monte carlo,1977.0,0,0,1,0,1,1,0,0,0,0,0,0,0,0,0,0,0,0,0,0
2052,hocus pocus,1993.0,0,0,0,0,1,1,0,0,0,1,0,1,0,0,0,0,0,0,0,0
2053,honey i blew up the kid,1992.0,0,0,0,0,1,1,0,0,0,0,0,0,0,0,0,0,1,0,0,0
2054,honey i shrunk the kids,1989.0,0,0,1,0,1,1,0,0,0,1,0,0,0,0,0,0,1,0,0,0
2055,hot lead and cold feet,1978.0,0,1,0,0,0,1,0,0,0,0,0,0,0,0,0,0,0,0,0,1
2056,in search of the castaways,1962.0,0,0,1,0,1,0,0,0,0,0,0,0,0,0,0,0,0,0,0,0
2057,incredible journey the,1963.0,0,0,1,0,1,0,0,0,0,0,0,0,0,0,0,0,0,0,0,0
2058,negotiator the,1998.0,0,1,0,0,0,0,1,0,1,0,0,0,0,0,1,0,0,1,0,0
2059,parent trap the,1998.0,0,0,0,0,1,1,0,0,0,0,0,0,0,0,0,1,0,0,0,0
2060,baseketball,1998.0,0,0,0,0,0,1,0,0,0,0,0,0,0,0,0,0,0,0,0,0
2064,roger  me,1989.0,0,0,0,0,0,0,0,1,0,0,0,0,0,0,0,0,0,0,0,0
2065,purple rose of cairo the,1985.0,0,0,0,0,0,1,0,0,1,1,0,0,0,0,0,1,0,0,0,0
2066,out of the past,1947.0,0,0,0,0,0,0,0,0,0,0,1,0,0,0,0,0,0,0,0,0
2067,doctor zhivago,1965.0,0,0,0,0,0,0,0,0,1,0,0,0,0,0,0,1,0,0,1,0
2068,fanny and alexander fanny och alexander,1982.0,0,0,0,0,0,0,0,0,1,1,0,0,0,0,1,0,0,0,0,0
2069,trip to bountiful the,1985.0,0,0,0,0,0,0,0,0,1,0,0,0,0,0,0,0,0,0,0,0
2070,tender mercies,1983.0,0,0,0,0,0,0,0,0,1,0,0,0,0,0,0,1,0,0,0,1
2071,and the band played on,1993.0,0,0,0,0,0,0,0,0,1,0,0,0,0,0,0,0,0,0,0,0
2072,burbs the,1989.0,0,0,0,0,0,1,0,0,0,0,0,0,0,0,0,0,0,0,0,0
2073,fandango,1985.0,0,0,0,0,0,1,0,0,0,0,0,0,0,0,0,0,0,0,0,0
2074,night porter the portiere di notte il,1974.0,0,0,0,0,0,0,1,0,1,0,0,0,0,0,0,1,0,0,0,0
2075,mephisto,1981.0,0,0,0,0,0,0,0,0,1,0,0,0,0,0,0,0,0,0,1,0
2076,blue velvet,1986.0,0,0,0,0,0,0,0,0,1,0,0,0,0,0,1,0,0,1,0,0
2077,journey of natty gann the,1985.0,0,0,1,0,1,0,0,0,0,0,0,0,0,0,0,0,0,0,0,0
2078,jungle book the,1967.0,0,0,0,1,1,1,0,0,0,0,0,0,0,1,0,0,0,0,0,0
2080,lady and the tramp,1955.0,0,0,0,1,1,1,0,0,0,0,0,0,0,0,0,1,0,0,0,0
2081,little mermaid the,1989.0,0,0,0,1,1,1,0,0,0,0,0,0,0,1,0,1,0,0,0,0
2082,mighty ducks the,1992.0,0,0,0,0,1,1,0,0,0,0,0,0,0,0,0,0,0,0,0,0
2083,muppet christmas carol the,1992.0,0,0,0,0,1,1,0,0,0,0,0,0,0,1,0,0,0,0,0,0
2084,newsies,1992.0,0,0,0,0,1,0,0,0,0,0,0,0,0,1,0,0,0,0,0,0
2085,101 dalmatians one hundred and one dalmatians,1961.0,0,0,1,1,1,0,0,0,0,0,0,0,0,0,0,0,0,0,0,0
2087,peter pan,1953.0,0,0,0,1,1,0,0,0,0,1,0,0,0,1,0,0,0,0,0,0
2088,popeye,1980.0,0,0,1,0,0,1,0,0,0,0,0,0,0,1,0,0,0,0,0,0
2089,rescuers down under the,1990.0,0,0,1,1,1,0,0,0,0,0,0,0,0,0,0,0,0,0,0,0
2090,rescuers the,1977.0,0,0,1,1,1,0,1,0,1,0,0,0,0,0,0,0,0,0,0,0
2091,return from witch mountain,1978.0,0,0,0,0,1,0,0,0,0,0,0,0,0,0,0,0,1,0,0,0
2092,return of jafar the,1994.0,0,0,1,1,1,0,0,0,0,1,0,0,0,1,0,1,0,0,0,0
2093,return to oz,1985.0,0,0,1,0,1,0,0,0,0,1,0,0,0,0,0,0,0,0,0,0
2094,rocketeer the,1991.0,0,1,1,0,0,0,0,0,0,0,0,0,0,0,0,0,1,0,0,0
2095,shaggy da the,1976.0,0,0,0,0,1,1,0,0,0,0,0,0,0,0,0,0,0,0,0,0
2096,sleeping beauty,1959.0,0,0,0,1,1,0,0,0,0,0,0,0,0,1,0,0,0,0,0,0
2097,something wicked this way comes,1983.0,0,0,0,0,1,0,0,0,1,1,0,0,0,0,1,0,0,1,0,0
2098,son of flubber,1963.0,0,0,0,0,1,1,0,0,0,0,0,0,0,0,0,0,0,0,0,0
2099,song of the south,1946.0,0,0,1,1,1,0,0,0,0,0,0,0,0,1,0,0,0,0,0,0
2100,splash,1984.0,0,0,0,0,0,1,0,0,0,1,0,0,0,0,0,1,0,0,0,0
2102,steamboat willie,1928.0,0,0,0,1,1,1,0,0,0,0,0,0,0,1,0,0,0,0,0,0
2103,tall tale,1995.0,0,0,1,0,1,0,0,0,0,1,0,0,0,0,0,0,0,0,0,1
2104,tex,1982.0,0,0,0,0,0,0,0,0,1,0,0,0,0,0,0,0,0,0,0,0
2105,tron,1982.0,0,1,1,0,0,0,0,0,0,0,0,0,0,0,0,0,1,0,0,0
2106,swing kids,1993.0,0,0,0,0,0,0,0,0,1,0,0,0,0,0,0,0,0,0,1,0
2107,halloween h20 20 years later halloween 7 the revenge of laurie strode,1998.0,0,0,0,0,0,0,0,0,0,0,0,1,0,0,0,0,0,1,0,0
2108,la story,1991.0,0,0,0,0,0,1,0,0,0,0,0,0,0,0,0,1,0,0,0,0
2109,jerk the,1979.0,0,0,0,0,0,1,0,0,0,0,0,0,0,0,0,0,0,0,0,0
2110,dead men dont wear plaid,1982.0,0,0,0,0,0,1,1,0,0,0,0,0,0,0,0,0,0,1,0,0
2111,man with two brains the,1983.0,0,0,0,0,0,1,0,0,0,0,0,0,0,0,0,0,0,0,0,0
2112,grand canyon,1991.0,0,0,0,0,0,0,1,0,1,0,0,0,0,0,0,0,0,0,0,0
2114,outsiders the,1983.0,0,0,0,0,0,0,0,0,1,0,0,0,0,0,0,0,0,0,0,0
2115,indiana jones and the temple of doom,1984.0,0,1,1,0,0,0,0,0,0,1,0,0,0,0,0,0,0,0,0,0
2116,lord of the rings the,1978.0,0,0,1,1,1,0,0,0,0,1,0,0,0,0,0,0,0,0,0,0
2117,1984 nineteen eightyfour,1984.0,0,0,0,0,0,0,0,0,1,0,0,0,0,0,0,0,1,0,0,0
2118,dead zone the,1983.0,0,0,0,0,0,0,0,0,0,0,0,0,0,0,0,0,0,1,0,0
2119,maximum overdrive,1986.0,0,0,0,0,0,0,0,0,0,0,0,1,0,0,0,0,0,0,0,0
2120,needful things,1993.0,0,0,0,0,0,0,0,0,1,0,0,1,0,0,0,0,0,0,0,0
2121,cujo,1983.0,0,0,0,0,0,0,0,0,0,0,0,1,0,0,0,0,0,1,0,0
2122,children of the corn,1984.0,0,0,0,0,0,0,0,0,0,0,0,1,0,0,0,0,0,1,0,0
2123,all dogs go to heaven,1989.0,0,0,0,1,1,1,0,0,1,1,0,0,0,0,0,0,0,0,0,0
2124,addams family the,1991.0,0,0,0,0,1,1,0,0,0,1,0,0,0,0,0,0,0,0,0,0
2125,ever after a cinderella story,1998.0,0,0,0,0,0,1,0,0,1,0,0,0,0,0,0,1,0,0,0,0
2126,snake eyes,1998.0,0,1,0,0,0,0,1,0,0,0,0,0,0,0,1,0,0,1,0,0
2130,atlantic city,1980.0,0,0,0,0,0,0,1,0,1,0,0,0,0,0,0,1,0,0,0,0
2131,autumn sonata höstsonaten,1978.0,0,0,0,0,0,0,0,0,1,0,0,0,0,0,0,0,0,0,0,0
2132,whos afraid of virginia woolf,1966.0,0,0,0,0,0,0,0,0,1,0,0,0,0,0,0,0,0,0,0,0
2133,adventures in babysitting,1987.0,0,0,1,0,0,1,0,0,0,0,0,0,0,0,0,0,0,0,0,0
2134,weird science,1985.0,0,0,0,0,0,1,0,0,0,1,0,0,0,0,0,0,1,0,0,0
2135,doctor dolittle,1967.0,0,0,1,0,1,0,0,0,0,0,0,0,0,1,0,0,0,0,0,0
2136,nutty professor the,1963.0,0,0,0,0,0,1,0,0,0,0,0,0,0,0,0,0,1,0,0,0
2137,charlottes web,1973.0,0,0,0,1,1,0,0,0,0,0,0,0,0,0,0,0,0,0,0,0
2138,watership down,1978.0,0,0,1,1,1,0,0,0,1,1,0,0,0,0,0,0,0,0,0,0
2139,secret of nimh the,1982.0,0,0,1,1,1,0,0,0,1,0,0,0,0,0,0,0,0,0,0,0
2140,dark crystal the,1982.0,0,0,1,0,0,0,0,0,0,1,0,0,0,0,0,0,0,0,0,0
2141,american tail an,1986.0,0,0,1,1,1,1,0,0,0,0,0,0,0,0,0,0,0,0,0,0
2142,american tail fievel goes west an,1991.0,0,0,1,1,1,0,0,0,0,0,0,0,0,1,0,0,0,0,0,1
2143,legend,1985.0,0,0,1,0,0,0,0,0,0,1,0,0,0,0,0,1,0,0,0,0
2144,sixteen candles,1984.0,0,0,0,0,0,1,0,0,0,0,0,0,0,0,0,1,0,0,0,0
2145,pretty in pink,1986.0,0,0,0,0,0,1,0,0,1,0,0,0,0,0,0,1,0,0,0,0
2146,st elmos fire,1985.0,0,0,0,0,0,0,0,0,1,0,0,0,0,0,0,1,0,0,0,0
2147,clan of the cave bear the,1986.0,0,0,1,0,0,0,0,0,1,1,0,0,0,0,0,0,0,0,0,0
2148,house,1986.0,0,0,0,0,0,1,0,0,0,1,0,1,0,0,0,0,0,0,0,0
2149,house ii the second story,1987.0,0,0,0,0,0,1,0,0,0,1,0,1,0,0,0,0,0,0,0,0
2150,gods must be crazy the,1980.0,0,0,1,0,0,1,0,0,0,0,0,0,0,0,0,0,0,0,0,0
2151,gods must be crazy ii the,1989.0,0,0,0,0,0,1,0,0,0,0,0,0,0,0,0,0,0,0,0,0
2152,air bud golden receiver,1998.0,0,0,0,0,1,1,0,0,0,0,0,0,0,0,0,0,0,0,0,0
2153,avengers the,1998.0,0,1,1,0,0,0,0,0,0,0,0,0,0,0,0,0,0,0,0,0
2154,how stella got her groove back,1998.0,0,0,0,0,0,0,0,0,1,0,0,0,0,0,0,1,0,0,0,0
2155,slums of beverly hills the,1998.0,0,0,0,0,0,1,0,0,1,0,0,0,0,0,0,0,0,0,0,0
2156,best man the testimone dello sposo il,1998.0,0,0,0,0,0,1,0,0,1,0,0,0,0,0,0,1,0,0,0,0
2159,henry portrait of a serial killer,1986.0,0,0,0,0,0,0,1,0,0,0,0,1,0,0,0,0,0,1,0,0
2160,rosemarys baby,1968.0,0,0,0,0,0,0,0,0,1,0,0,1,0,0,0,0,0,1,0,0
2161,neverending story the,1984.0,0,0,1,0,1,0,0,0,0,1,0,0,0,0,0,0,0,0,0,0
2162,neverending story ii the next chapter the,1990.0,0,0,1,0,1,0,0,0,0,1,0,0,0,0,0,0,0,0,0,0
2163,attack of the killer tomatoes,1978.0,0,0,0,0,0,1,0,0,0,0,0,1,0,0,0,0,0,0,0,0
2164,surf nazis must die,1987.0,0,1,0,0,0,1,0,0,1,0,0,1,0,0,0,0,0,0,0,0
2165,your friends and neighbors,1998.0,0,0,0,0,0,1,0,0,1,0,0,0,0,0,0,0,0,0,0,0
2166,return to paradise,1998.0,0,0,0,0,0,0,1,0,1,0,0,0,0,0,0,1,0,1,0,0
2167,blade,1998.0,0,1,0,0,0,0,0,0,0,0,0,1,0,0,0,0,0,1,0,0
2169,dead man on campus,1998.0,0,0,0,0,0,1,0,0,0,0,0,0,0,0,0,0,0,0,0,0
2170,wrongfully accused,1998.0,0,1,0,0,0,1,0,0,0,0,0,0,0,0,0,0,0,0,0,0
2171,next stop wonderland,1998.0,0,0,0,0,0,1,0,0,1,0,0,0,0,0,0,1,0,0,0,0
2172,strike aka all i wanna do the hairy bird,1998.0,0,0,0,0,0,1,0,0,1,0,0,0,0,0,0,0,0,0,0,0
2174,beetlejuice,1988.0,0,0,0,0,0,1,0,0,0,1,0,0,0,0,0,0,0,0,0,0
2175,déjà vu,1997.0,0,0,0,0,0,0,0,0,1,0,0,0,0,0,0,1,0,0,0,0
2176,rope,1948.0,0,0,0,0,0,0,1,0,1,0,0,0,0,0,0,0,0,1,0,0
2177,family plot,1976.0,0,0,0,0,0,1,0,0,0,0,0,0,0,0,0,0,0,1,0,0
2178,frenzy,1972.0,0,0,0,0,0,0,0,0,0,0,0,0,0,0,0,0,0,1,0,0
2179,topaz,1969.0,0,0,0,0,0,0,0,0,0,0,0,0,0,0,0,0,0,1,0,0
2180,torn curtain,1966.0,0,0,0,0,0,0,0,0,0,0,0,0,0,0,0,0,0,1,0,0
2181,marnie,1964.0,0,0,0,0,0,0,0,0,1,0,0,0,0,0,1,1,0,1,0,0
2182,wrong man the,1956.0,0,0,0,0,0,0,0,0,1,0,1,0,0,0,0,0,0,1,0,0
2183,man who knew too much the,1956.0,0,0,1,0,0,0,0,0,1,0,0,0,0,0,1,0,0,1,0,0
2184,trouble with harry the,1955.0,0,0,0,0,0,1,0,0,0,0,0,0,0,0,1,0,0,0,0,0
2185,i confess,1953.0,0,0,0,0,0,0,0,0,0,0,0,0,0,0,0,0,0,1,0,0
2186,strangers on a train,1951.0,0,0,0,0,0,0,1,0,1,0,1,0,0,0,0,0,0,1,0,0
2187,stage fright,1950.0,0,0,0,0,0,0,0,0,0,0,0,0,0,0,1,1,0,1,0,0
2188,54,1998.0,0,0,0,0,0,0,0,0,1,0,0,0,0,0,0,0,0,0,0,0
2190,why do fools fall in love,1998.0,0,0,0,0,0,0,0,0,1,0,0,0,0,0,0,0,0,0,0,0
2193,willow,1988.0,0,1,1,0,0,0,0,0,0,1,0,0,0,0,0,0,0,0,0,0
2194,untouchables the,1987.0,0,1,0,0,0,0,1,0,1,0,0,0,0,0,0,0,0,0,0,0
2195,dirty work,1998.0,0,0,0,0,0,1,0,0,0,0,0,0,0,0,0,0,0,0,0,0
2196,knock off,1998.0,0,1,0,0,0,0,0,0,0,0,0,0,0,0,0,0,0,0,0,0
2201,paradine case the,1947.0,0,0,0,0,0,0,0,0,1,0,0,0,0,0,0,0,0,0,0,0
2202,lifeboat,1944.0,0,0,0,0,0,0,0,0,1,0,0,0,0,0,0,0,0,0,1,0
2203,shadow of a doubt,1943.0,0,0,0,0,0,0,1,0,1,0,0,0,0,0,0,0,0,1,0,0
2204,saboteur,1942.0,0,0,0,0,0,0,0,0,0,0,0,0,0,0,1,0,0,1,0,0
2205,mr  mrs smith,1941.0,0,0,0,0,0,1,0,0,0,0,0,0,0,0,0,1,0,0,0,0
2206,suspicion,1941.0,0,0,0,0,0,0,0,0,0,0,1,0,0,0,1,0,0,1,0,0
2207,jamaica inn,1939.0,0,0,0,0,0,0,0,0,1,0,0,0,0,0,0,0,0,0,0,0
2208,lady vanishes the,1938.0,0,0,0,0,0,0,0,0,1,0,0,0,0,0,1,0,0,1,0,0
2210,sabotage,1936.0,0,0,0,0,0,0,0,0,0,0,0,0,0,0,0,0,0,1,0,0
2211,secret agent,1936.0,0,0,0,0,0,0,0,0,0,0,0,0,0,0,0,0,0,1,0,0
2212,man who knew too much the,1934.0,0,0,0,0,0,0,0,0,1,0,0,0,0,0,0,0,0,1,0,0
2226,ring the,1927.0,0,0,0,0,0,0,0,0,1,0,0,0,0,0,0,0,0,0,0,0
2227,lodger a story of the london fog the,1927.0,0,0,0,0,0,0,1,0,1,0,0,0,0,0,0,0,0,1,0,0
2231,rounders,1998.0,0,0,0,0,0,0,0,0,1,0,0,0,0,0,0,0,0,0,0,0
2232,cube,1997.0,0,0,0,0,0,0,0,0,0,0,0,1,0,0,1,0,1,1,0,0
2236,simon birch,1998.0,0,0,0,0,0,0,0,0,1,0,0,0,0,0,0,0,0,0,0,0
2239,swept away travolti da un insolito destino nellazzurro mare dagosto,1975.0,0,0,0,0,0,1,0,0,1,0,0,0,0,0,0,0,0,0,0,0
2240,my bodyguard,1980.0,0,0,0,0,0,0,0,0,1,0,0,0,0,0,0,0,0,0,0,0
2241,class,1983.0,0,0,0,0,0,1,0,0,0,0,0,0,0,0,0,0,0,0,0,0
2243,broadcast news,1987.0,0,0,0,0,0,1,0,0,1,0,0,0,0,0,0,1,0,0,0,0
2244,allnighter the,1987.0,0,0,0,0,0,1,0,0,0,0,0,0,0,0,0,1,0,0,0,0
2245,working girl,1988.0,0,0,0,0,0,1,0,0,1,0,0,0,0,0,0,1,0,0,0,0
2247,married to the mob,1988.0,0,0,0,0,0,1,0,0,0,0,0,0,0,0,0,0,0,0,0,0
2248,say anything,1989.0,0,0,0,0,0,1,0,0,1,0,0,0,0,0,0,1,0,0,0,0
2249,my blue heaven,1990.0,0,0,0,0,0,1,0,0,0,0,0,0,0,0,0,0,0,0,0,0
2252,hero,1992.0,0,0,0,0,0,1,0,0,1,0,0,0,0,0,0,0,0,0,0,0
2253,toys,1992.0,0,0,0,0,0,1,0,0,0,1,0,0,0,0,0,0,0,0,0,0
2255,young doctors in love,1982.0,0,0,0,0,0,1,0,0,0,0,0,0,0,0,0,0,0,0,0,0
2256,parasite,1982.0,0,0,0,0,0,0,0,0,0,0,0,1,0,0,0,0,1,0,0,0
2257,no small affair,1984.0,0,0,0,0,0,1,0,0,0,0,0,0,0,0,0,1,0,0,0,0
2259,blame it on rio,1984.0,0,0,0,0,0,1,0,0,0,0,0,0,0,0,0,1,0,0,0,0
2260,wisdom,1986.0,0,0,0,0,0,0,1,0,1,0,0,0,0,0,0,0,0,0,0,0
2261,one crazy summer,1986.0,0,0,0,0,0,1,0,0,0,0,0,0,0,0,0,0,0,0,0,0
2262,about last night,1986.0,0,0,0,0,0,1,0,0,1,0,0,0,0,0,0,1,0,0,0,0
2263,seventh sign the,1988.0,0,0,0,0,0,0,0,0,1,1,0,0,0,0,0,0,0,1,0,0
2264,were no angels,1989.0,0,0,0,0,0,1,1,0,0,0,0,0,0,0,0,0,0,0,0,0
2265,nothing but trouble,1991.0,0,0,1,0,0,1,0,0,0,0,0,0,0,0,0,0,0,0,0,0
2266,butchers wife the,1991.0,0,0,0,0,0,1,0,0,0,0,0,0,0,0,0,1,0,0,0,0
2267,mortal thoughts,1991.0,0,0,0,0,0,0,0,0,0,0,0,0,0,0,1,0,0,1,0,0
2268,few good men a,1992.0,0,0,0,0,0,0,1,0,1,0,0,0,0,0,0,0,0,1,0,0
2269,indecent proposal,1993.0,0,0,0,0,0,0,0,0,1,0,0,0,0,0,0,1,0,0,0,0
2271,permanent midnight,1998.0,0,0,0,0,0,0,0,0,1,0,0,0,0,0,0,0,0,0,0,0
2272,one true thing,1998.0,0,0,0,0,0,0,0,0,1,0,0,0,0,0,0,0,0,0,0,0
2273,rush hour,1998.0,0,1,0,0,0,1,1,0,0,0,0,0,0,0,0,0,0,1,0,0
2275,sixstring samurai,1998.0,0,1,1,0,0,0,0,0,0,0,0,0,0,0,0,0,1,0,0,0
2278,ronin,1998.0,0,1,0,0,0,0,1,0,0,0,0,0,0,0,0,0,0,1,0,0
2279,urban legend,1998.0,0,0,0,0,0,0,0,0,0,0,0,1,0,0,0,0,0,1,0,0
2280,clay pigeons,1998.0,0,0,0,0,0,0,1,0,0,0,0,0,0,0,0,0,0,0,0,0
2281,monument ave,1998.0,0,1,0,0,0,0,1,0,1,0,0,0,0,0,0,0,0,0,0,0
2282,pecker,1998.0,0,0,0,0,0,1,0,0,1,0,0,0,0,0,0,0,0,0,0,0
2283,sheltering sky the,1990.0,0,0,0,0,0,0,0,0,1,0,0,0,0,0,0,0,0,0,0,0
2286,fiendish plot of dr fu manchu the,1980.0,0,0,0,0,0,1,0,0,0,0,0,0,0,0,0,0,0,0,0,0
2287,them,1954.0,0,0,0,0,0,0,0,0,0,0,0,1,0,0,0,0,1,1,0,0
2288,thing the,1982.0,0,1,0,0,0,0,0,0,0,0,0,1,0,0,0,0,1,1,0,0
2289,player the,1992.0,0,0,0,0,0,1,1,0,1,0,0,0,0,0,0,0,0,0,0,0
2290,stardust memories,1980.0,0,0,0,0,0,1,0,0,1,0,0,0,0,0,0,0,0,0,0,0
2291,edward scissorhands,1990.0,0,0,0,0,0,0,0,0,1,1,0,0,0,0,0,1,0,0,0,0
2292,overnight delivery,1998.0,0,0,0,0,0,1,0,0,0,0,0,0,0,0,0,1,0,0,0,0
2294,antz,1998.0,0,0,1,1,1,1,0,0,0,1,0,0,0,0,0,0,0,0,0,0
2295,impostors the,1998.0,0,0,0,0,0,1,0,0,0,0,0,0,0,0,0,0,0,0,0,0
2296,night at the roxbury a,1998.0,0,0,0,0,0,1,0,0,0,0,0,0,0,0,0,0,0,0,0,0
2297,what dreams may come,1998.0,0,0,1,0,0,0,0,0,1,1,0,0,0,0,0,1,0,0,0,0
2298,strangeland,1998.0,0,0,0,0,0,0,0,0,0,0,0,0,0,0,0,0,0,1,0,0
2300,producers the,1968.0,0,0,0,0,0,1,0,0,0,0,0,0,0,0,0,0,0,0,0,0
2301,history of the world part i,1981.0,0,0,0,0,0,1,0,0,0,0,0,0,0,1,0,0,0,0,0,0
2302,my cousin vinny,1992.0,0,0,0,0,0,1,0,0,0,0,0,0,0,0,0,0,0,0,0,0
2303,nashville,1975.0,0,0,0,0,0,0,0,0,1,0,0,0,0,1,0,0,0,0,0,0
2304,love is the devil,1998.0,0,0,0,0,0,0,0,0,1,0,0,0,0,0,0,0,0,0,0,0
2306,holy man,1998.0,0,0,0,0,0,1,0,0,0,0,0,0,0,0,0,0,0,0,0,0
2307,one tough cop,1998.0,0,1,0,0,0,0,1,0,0,0,0,0,0,0,0,0,0,0,0,0
2310,mighty the,1998.0,0,0,0,0,0,0,0,0,1,0,0,0,0,0,0,0,0,0,0,0
2311,2010 the year we make contact,1984.0,0,0,0,0,0,0,0,0,0,0,0,0,0,0,0,0,1,0,0,0
2312,children of a lesser god,1986.0,0,0,0,0,0,0,0,0,1,0,0,0,0,0,0,0,0,0,0,0
2313,elephant man the,1980.0,0,0,0,0,0,0,0,0,1,0,0,0,0,0,0,0,0,0,0,0
2314,beloved,1998.0,0,0,0,0,0,0,0,0,1,0,0,0,0,0,0,0,0,0,0,0
2315,bride of chucky childs play 4,1998.0,0,0,0,0,0,1,0,0,0,0,0,1,0,0,0,0,0,1,0,0
2316,practical magic,1998.0,0,0,0,0,0,0,0,0,1,1,0,0,0,0,1,1,0,0,0,0
2318,happiness,1998.0,0,0,0,0,0,1,0,0,1,0,0,0,0,0,0,0,0,0,0,0
2320,apt pupil,1998.0,0,0,0,0,0,0,0,0,1,0,0,0,0,0,0,0,0,1,0,0
2321,pleasantville,1998.0,0,0,0,0,0,1,0,0,1,1,0,0,0,0,0,0,0,0,0,0
2322,soldier,1998.0,0,1,0,0,0,0,0,0,0,0,0,0,0,0,0,0,1,0,1,0
2323,cruise the,1998.0,0,0,0,0,0,0,0,1,0,0,0,0,0,0,0,0,0,0,0,0
2324,life is beautiful la vita è bella,1997.0,0,0,0,0,0,1,0,0,1,0,0,0,0,0,0,1,0,0,1,0
2325,orgazmo,1997.0,0,0,0,0,0,1,0,0,0,0,0,0,0,0,0,0,0,0,0,0
2327,tales from the darkside the movie,1990.0,0,0,0,0,0,0,0,0,0,1,0,1,0,0,0,0,0,1,0,0
2328,vampires,1998.0,0,0,0,0,0,0,0,0,0,0,0,1,0,0,0,0,0,0,0,1
2329,american history x,1998.0,0,0,0,0,0,0,1,0,1,0,0,0,0,0,0,0,0,0,0,0
2330,hands on a hard body,1996.0,0,0,0,0,0,1,0,1,0,0,0,0,0,0,0,0,0,0,0,0
2331,living out loud,1998.0,0,0,0,0,0,1,0,0,1,0,0,0,0,0,0,1,0,0,0,0
2332,belly,1998.0,0,0,0,0,0,0,1,0,1,0,0,0,0,0,0,0,0,0,0,0
2333,gods and monsters,1998.0,0,0,0,0,0,0,0,0,1,0,0,0,0,0,0,0,0,0,0,0
2334,siege the,1998.0,0,1,0,0,0,0,0,0,0,0,0,0,0,0,0,0,0,1,0,0
2335,waterboy the,1998.0,0,0,0,0,0,1,0,0,0,0,0,0,0,0,0,0,0,0,0,0
2336,elizabeth,1998.0,0,0,0,0,0,0,0,0,1,0,0,0,0,0,0,0,0,0,0,0
2337,velvet goldmine,1998.0,0,0,0,0,0,0,0,0,1,0,0,0,0,0,0,0,0,0,0,0
2338,i still know what you did last summer,1998.0,0,0,0,0,0,0,0,0,0,0,0,1,0,0,1,0,0,1,0,0
2339,ill be home for christmas,1998.0,0,0,0,0,0,1,0,0,0,0,0,0,0,0,0,1,0,0,0,0
2340,meet joe black,1998.0,0,0,0,0,0,0,0,0,0,0,0,0,0,0,0,1,0,0,0,0
2342,hard core logo,1996.0,0,0,0,0,0,1,0,0,1,0,0,0,0,0,0,0,0,0,0,0
2344,runaway train,1985.0,0,1,1,0,0,0,0,0,1,0,0,0,0,0,0,0,0,1,0,0
2346,stepford wives the,1975.0,0,0,0,0,0,0,0,0,0,0,0,0,0,0,1,0,1,1,0,0
2347,pope of greenwich village the,1984.0,0,0,0,0,0,0,0,0,1,0,0,0,0,0,0,0,0,0,0,0
2348,sid and nancy,1986.0,0,0,0,0,0,0,0,0,1,0,0,0,0,0,0,0,0,0,0,0
2349,mona lisa,1986.0,0,0,0,0,0,1,0,0,0,0,0,0,0,0,0,0,0,1,0,0
2350,heart condition,1990.0,0,0,0,0,0,1,0,0,0,0,0,0,0,0,0,0,0,0,0,0
2351,nights of cabiria notti di cabiria le,1957.0,0,0,0,0,0,0,0,0,1,0,0,0,0,0,0,0,0,0,0,0
2352,big chill the,1983.0,0,0,0,0,0,1,0,0,1,0,0,0,0,0,0,0,0,0,0,0
2353,enemy of the state,1998.0,0,1,0,0,0,0,0,0,0,0,0,0,0,0,0,0,0,1,0,0
2354,rugrats movie the,1998.0,0,0,0,1,1,1,0,0,0,0,0,0,0,0,0,0,0,0,0,0
2355,bugs life a,1998.0,0,0,1,1,1,1,0,0,0,0,0,0,0,0,0,0,0,0,0,0
2356,celebrity,1998.0,0,0,0,0,0,1,0,0,0,0,0,0,0,0,0,0,0,0,0,0
2357,central station central do brasil,1998.0,0,0,0,0,0,0,0,0,1,0,0,0,0,0,0,0,0,0,0,0
2358,savior,1998.0,0,0,0,0,0,0,0,0,1,0,0,0,0,0,0,0,0,0,1,0
2359,waking ned devine aka waking ned,1998.0,0,0,0,0,0,1,0,0,0,0,0,0,0,0,0,0,0,0,0,0
2360,celebration the festen,1998.0,0,0,0,0,0,0,0,0,1,0,0,0,0,0,0,0,0,0,0,0
2361,pink flamingos,1972.0,0,0,0,0,0,1,0,0,0,0,0,0,0,0,0,0,0,0,0,0
2362,glen or glenda,1953.0,0,0,0,0,0,0,0,0,1,0,0,0,0,0,0,0,0,0,0,0
2363,godzilla gojira,1954.0,0,0,0,0,0,0,0,0,1,0,0,1,0,0,0,0,1,0,0,0
2364,godzilla 1985 the legend is reborn gojira godzilla return of godzilla the,1984.0,0,1,0,0,0,0,0,0,0,0,0,1,0,0,0,0,1,1,0,0
2365,king kong vs godzilla kingukongu tai gojira,1962.0,0,1,0,0,0,0,0,0,0,0,0,0,0,0,0,0,1,0,0,0
2366,king kong,1933.0,0,1,1,0,0,0,0,0,0,1,0,1,0,0,0,0,0,0,0,0
2367,king kong,1976.0,0,0,1,0,0,0,0,0,0,1,0,0,0,0,0,1,1,1,0,0
2368,king kong lives,1986.0,0,0,1,0,0,0,0,0,0,0,0,0,0,0,0,0,1,0,0,0
2369,desperately seeking susan,1985.0,0,0,0,0,0,1,0,0,1,0,0,0,0,0,0,1,0,0,0,0
2370,emerald forest the,1985.0,0,1,1,0,0,0,0,0,1,0,0,0,0,0,0,0,0,0,0,0
2371,fletch,1985.0,0,0,0,0,0,1,1,0,0,0,0,0,0,0,1,0,0,0,0,0
2372,fletch lives,1989.0,0,0,0,0,0,1,0,0,0,0,0,0,0,0,0,0,0,0,0,0
2373,red sonja,1985.0,0,1,1,0,0,0,0,0,0,1,0,0,0,0,0,0,0,0,0,0
2374,gung ho,1986.0,0,0,0,0,0,1,0,0,1,0,0,0,0,0,0,0,0,0,0,0
2375,money pit the,1986.0,0,0,0,0,0,1,0,0,0,0,0,0,0,0,0,0,0,0,0,0
2376,view to a kill a,1985.0,0,1,1,0,0,0,0,0,0,0,0,0,0,0,0,0,0,1,0,0
2377,lifeforce,1985.0,0,0,0,0,0,0,0,0,0,0,0,1,0,0,0,0,1,0,0,0
2378,police academy,1984.0,0,0,0,0,0,1,1,0,0,0,0,0,0,0,0,0,0,0,0,0
2379,police academy 2 their first assignment,1985.0,0,0,0,0,0,1,1,0,0,0,0,0,0,0,0,0,0,0,0,0
2380,police academy 3 back in training,1986.0,0,0,0,0,0,1,1,0,0,0,0,0,0,0,0,0,0,0,0,0
2381,police academy 4 citizens on patrol,1987.0,0,0,0,0,0,1,1,0,0,0,0,0,0,0,0,0,0,0,0,0
2382,police academy 5 assignment miami beach,1988.0,0,0,0,0,0,1,1,0,0,0,0,0,0,0,0,0,0,0,0,0
2383,police academy 6 city under siege,1989.0,0,0,0,0,0,1,1,0,0,0,0,0,0,0,0,0,0,0,0,0
2384,babe pig in the city,1998.0,0,0,1,0,1,0,0,0,1,0,0,0,0,0,0,0,0,0,0,0
2385,home fries,1998.0,0,0,0,0,0,1,0,0,0,0,0,0,0,0,0,1,0,0,0,0
2387,very bad things,1998.0,0,0,0,0,0,1,1,0,0,0,0,0,0,0,0,0,0,0,0,0
2388,steam the turkish bath hamam,1997.0,0,0,0,0,0,0,0,0,1,0,0,0,0,0,0,1,0,0,0,0
2389,psycho,1998.0,0,0,0,0,0,0,1,0,0,0,0,1,0,0,0,0,0,1,0,0
2390,little voice,1998.0,0,0,0,0,0,1,0,0,0,0,0,0,0,0,0,0,0,0,0,0
2391,simple plan a,1998.0,0,0,0,0,0,0,1,0,1,0,0,0,0,0,0,0,0,1,0,0
2392,jack frost,1998.0,0,0,0,0,1,1,0,0,1,0,0,0,0,0,0,0,0,0,0,0
2393,star trek insurrection,1998.0,0,1,0,0,0,0,0,0,1,0,0,0,0,0,0,1,1,0,0,0
2394,prince of egypt the,1998.0,0,0,0,1,0,0,0,0,0,0,0,0,0,1,0,0,0,0,0,0
2395,rushmore,1998.0,0,0,0,0,0,1,0,0,1,0,0,0,0,0,0,0,0,0,0,0
2396,shakespeare in love,1998.0,0,0,0,0,0,1,0,0,1,0,0,0,0,0,0,1,0,0,0,0
2398,miracle on 34th street,1947.0,0,0,0,0,0,1,0,0,1,0,0,0,0,0,0,0,0,0,0,0
2399,santa claus the movie,1985.0,0,0,1,0,1,0,0,0,0,1,0,0,0,0,0,0,0,0,0,0
2400,prancer,1989.0,0,0,0,0,1,0,0,0,1,1,0,0,0,0,0,0,0,0,0,0
2401,pale rider,1985.0,0,0,0,0,0,0,0,0,0,0,0,0,0,0,0,0,0,0,0,1
2402,rambo first blood part ii,1985.0,0,1,1,0,0,0,0,0,0,0,0,0,0,0,0,0,0,1,0,0
2403,first blood rambo first blood,1982.0,0,1,1,0,0,0,0,0,1,0,0,0,0,0,0,0,0,1,0,0
2404,rambo iii,1988.0,0,1,1,0,0,0,0,0,0,0,0,0,0,0,0,0,0,1,1,0
2405,jewel of the nile the,1985.0,0,1,1,0,0,1,0,0,0,0,0,0,0,0,0,1,0,0,0,0
2406,romancing the stone,1984.0,0,1,1,0,0,1,0,0,0,0,0,0,0,0,0,1,0,0,0,0
2407,cocoon,1985.0,0,0,0,0,0,1,0,0,0,0,0,0,0,0,0,0,1,0,0,0
2408,cocoon the return,1988.0,0,0,0,0,0,1,0,0,0,0,0,0,0,0,0,0,1,0,0,0
2409,rocky ii,1979.0,0,1,0,0,0,0,0,0,1,0,0,0,0,0,0,0,0,0,0,0
2410,rocky iii,1982.0,0,1,0,0,0,0,0,0,1,0,0,0,0,0,0,0,0,0,0,0
2411,rocky iv,1985.0,0,1,0,0,0,0,0,0,1,0,0,0,0,0,0,0,0,0,0,0
2412,rocky v,1990.0,0,1,0,0,0,0,0,0,1,0,0,0,0,0,0,0,0,0,0,0
2413,clue,1985.0,0,0,0,0,0,1,1,0,0,0,0,0,0,0,1,0,0,1,0,0
2414,young sherlock holmes,1985.0,0,1,1,0,1,0,0,0,0,1,0,0,0,0,1,0,0,1,0,0
2415,violets are blue,1986.0,0,0,0,0,0,0,0,0,1,0,0,0,0,0,0,1,0,0,0,0
2416,back to school,1986.0,0,0,0,0,0,1,0,0,0,0,0,0,0,0,0,0,0,0,0,0
2417,heartburn,1986.0,0,0,0,0,0,1,0,0,1,0,0,0,0,0,0,0,0,0,0,0
2418,nothing in common,1986.0,0,0,0,0,0,1,0,0,0,0,0,0,0,0,0,0,0,0,0,0
2419,extremities,1986.0,0,0,0,0,0,0,0,0,1,0,0,0,0,0,0,0,0,1,0,0
2420,karate kid the,1984.0,0,0,0,0,0,0,0,0,1,0,0,0,0,0,0,0,0,0,0,0
2421,karate kid part ii the,1986.0,0,1,1,0,0,0,0,0,1,0,0,0,0,0,0,0,0,0,0,0
2422,karate kid part iii the,1989.0,0,1,1,0,1,0,0,0,1,0,0,0,0,0,0,0,0,0,0,0
2423,christmas vacation national lampoons christmas vacation,1989.0,0,0,0,0,0,1,0,0,0,0,0,0,0,0,0,0,0,0,0,0
2424,youve got mail,1998.0,0,0,0,0,0,1,0,0,0,0,0,0,0,0,0,1,0,0,0,0
2425,general the,1998.0,0,0,0,0,0,0,1,0,0,0,0,0,0,0,0,0,0,0,0,0
2427,thin red line the,1998.0,0,1,0,0,0,0,0,0,1,0,0,0,0,0,0,0,0,0,1,0
2428,faculty the,1998.0,0,0,0,0,0,0,0,0,0,0,0,1,0,0,0,0,1,0,0,0
2429,mighty joe young,1998.0,0,1,1,0,0,0,0,0,1,1,0,0,0,0,0,0,0,1,0,0
2430,mighty joe young,1949.0,0,0,1,0,1,0,0,0,1,0,0,0,0,0,0,0,0,0,0,0
2431,patch adams,1998.0,0,0,0,0,0,1,0,0,1,0,0,0,0,0,0,0,0,0,0,0
2432,stepmom,1998.0,0,0,0,0,0,0,0,0,1,0,0,0,0,0,0,0,0,0,0,0
2433,civil action a,1998.0,0,0,0,0,0,0,0,0,1,0,0,0,0,0,0,0,0,0,0,0
2435,hurlyburly,1998.0,0,0,0,0,0,0,0,0,1,0,0,0,0,0,0,0,0,0,0,0
2436,tea with mussolini,1999.0,0,0,0,0,0,1,0,0,1,0,0,0,0,0,0,0,0,0,1,0
2439,affliction,1997.0,0,0,0,0,0,0,0,0,1,0,0,0,0,0,0,0,0,0,0,0
2442,hilary and jackie,1998.0,0,0,0,0,0,0,0,0,1,0,0,0,0,0,0,0,0,0,0,0
2443,playing by heart,1998.0,0,0,0,0,0,0,0,0,1,0,0,0,0,0,0,1,0,0,0,0
2445,at first sight,1999.0,0,0,0,0,0,0,0,0,1,0,0,0,0,0,0,0,0,0,0,0
2446,in dreams,1999.0,0,0,0,0,0,0,0,0,0,0,0,1,0,0,0,0,0,1,0,0
2447,varsity blues,1999.0,0,0,0,0,0,1,0,0,1,0,0,0,0,0,0,0,0,0,0,0
2448,virus,1999.0,0,0,0,0,0,0,0,0,0,0,0,1,0,0,0,0,1,0,0,0
2450,howard the duck,1986.0,0,0,1,0,0,1,0,0,0,0,0,0,0,0,0,0,1,0,0,0
2451,gate the,1987.0,0,0,0,0,0,0,0,0,0,0,0,1,0,0,0,0,0,0,0,0
2453,boy who could fly the,1986.0,0,0,0,0,0,0,0,0,1,1,0,0,0,0,0,0,0,0,0,0
2454,fly the,1958.0,0,0,0,0,0,0,0,0,0,0,0,1,0,0,1,0,1,0,0,0
2455,fly the,1986.0,0,0,0,0,0,0,0,0,1,0,0,1,0,0,0,0,1,1,0,0
2456,fly ii the,1989.0,0,0,0,0,0,0,0,0,0,0,0,1,0,0,0,0,1,0,0,0
2457,running scared,1986.0,0,1,0,0,0,1,0,0,0,0,0,0,0,0,0,0,0,0,0,0
2458,armed and dangerous,1986.0,0,0,0,0,0,1,1,0,0,0,0,0,0,0,0,0,0,0,0,0
2459,texas chainsaw massacre the,1974.0,0,0,0,0,0,0,0,0,0,0,0,1,0,0,0,0,0,0,0,0
2460,texas chainsaw massacre 2 the,1986.0,0,0,0,0,0,0,0,0,0,0,0,1,0,0,0,0,0,0,0,0
2462,texas chainsaw massacre the next generation aka the return of the texas chainsaw massacre,1994.0,0,0,0,0,0,0,0,0,0,0,0,1,0,0,0,0,0,0,0,0
2463,ruthless people,1986.0,0,0,0,0,0,1,0,0,0,0,0,0,0,0,0,0,0,0,0,0
2465,deadly friend,1986.0,0,0,0,0,0,0,0,0,0,0,0,1,0,0,0,0,0,0,0,0
2467,name of the rose the name der rose der,1986.0,0,0,0,0,0,0,1,0,1,0,0,0,0,0,1,0,0,1,0,0
2468,jumpin jack flash,1986.0,0,1,0,0,0,1,0,0,0,0,0,0,0,0,0,1,0,1,0,0
2469,peggy sue got married,1986.0,0,0,0,0,0,1,0,0,1,0,0,0,0,0,0,0,0,0,0,0
2470,crocodile dundee,1986.0,0,0,1,0,0,1,0,0,0,0,0,0,0,0,0,0,0,0,0,0
2471,crocodile dundee ii,1988.0,0,1,1,0,0,1,0,0,0,0,0,0,0,0,0,0,0,0,0,0
2472,tough guys,1986.0,0,0,0,0,0,1,0,0,0,0,0,0,0,0,0,0,0,0,0,0
2473,soul man,1986.0,0,0,0,0,0,1,0,0,0,0,0,0,0,0,0,0,0,0,0,0
2474,color of money the,1986.0,0,0,0,0,0,0,0,0,1,0,0,0,0,0,0,0,0,0,0,0
2475,52 pickup,1986.0,0,1,0,0,0,0,0,0,0,0,0,0,0,0,1,0,0,1,0,0
2476,heartbreak ridge,1986.0,0,1,0,0,0,0,0,0,0,0,0,0,0,0,0,0,0,0,1,0
2477,firewalker,1986.0,0,0,1,0,0,0,0,0,0,0,0,0,0,0,0,0,0,0,0,0
2478,three amigos,1986.0,0,0,0,0,0,1,0,0,0,0,0,0,0,0,0,0,0,0,0,1
2481,my name is joe,1998.0,0,0,0,0,0,0,0,0,1,0,0,0,0,0,0,1,0,0,0,0
2482,still crazy,1998.0,0,0,0,0,0,1,0,0,0,0,0,0,0,0,0,1,0,0,0,0
2483,day of the beast the día de la bestia el,1995.0,0,0,1,0,0,1,0,0,0,0,0,0,0,0,0,0,0,1,0,0
2485,shes all that,1999.0,0,0,0,0,0,1,0,0,0,0,0,0,0,0,0,1,0,0,0,0
2488,peeping tom,1960.0,0,0,0,0,0,0,0,0,1,0,0,1,0,0,0,0,0,1,0,0
2490,payback,1999.0,0,1,0,0,0,0,0,0,0,0,0,0,0,0,0,0,0,1,0,0
2491,simply irresistible,1999.0,0,0,0,0,0,1,0,0,0,0,0,0,0,0,0,1,0,0,0,0
2492,20 dates,1998.0,0,0,0,0,0,1,0,0,0,0,0,0,0,0,0,1,0,0,0,0
2493,harmonists the,1997.0,0,0,0,0,0,0,0,0,1,0,0,0,0,0,0,0,0,0,0,0
2494,last days the,1998.0,0,0,0,0,0,0,0,1,0,0,0,0,0,0,0,0,0,0,0,0
2495,fantastic planet the planète sauvage la,1973.0,0,0,0,1,0,0,0,0,0,0,0,0,0,0,0,0,1,0,0,0
2496,blast from the past,1999.0,0,0,0,0,0,1,0,0,0,0,0,0,0,0,0,1,0,0,0,0
2497,message in a bottle,1999.0,0,0,0,0,0,0,0,0,0,0,0,0,0,0,0,1,0,0,0,0
2498,my favorite martian,1999.0,0,0,0,0,0,1,0,0,0,0,0,0,0,0,0,0,1,0,0,0
2500,jawbreaker,1999.0,0,0,0,0,0,1,0,0,0,0,0,0,0,0,0,0,0,0,0,0
2501,october sky,1999.0,0,0,0,0,0,0,0,0,1,0,0,0,0,0,0,0,0,0,0,0
2502,office space,1999.0,0,0,0,0,0,1,1,0,0,0,0,0,0,0,0,0,0,0,0,0
2503,apple the sib,1998.0,0,0,0,0,0,0,0,0,1,0,0,0,0,0,0,0,0,0,0,0
2504,200 cigarettes,1999.0,0,0,0,0,0,1,0,0,1,0,0,0,0,0,0,0,0,0,0,0
2505,8mm,1999.0,0,0,0,0,0,0,0,0,1,0,0,0,0,0,1,0,0,1,0,0
2506,other sister the,1999.0,0,0,0,0,0,1,0,0,1,0,0,0,0,0,0,1,0,0,0,0
2511,long goodbye the,1973.0,0,0,0,0,0,0,1,0,0,0,1,0,0,0,0,0,0,0,0,0
2512,ballad of narayama the narayama bushiko,1983.0,0,0,0,0,0,0,0,0,1,0,0,0,0,0,0,0,0,0,0,0
2513,pet sematary,1989.0,0,0,0,0,0,0,0,0,0,0,0,1,0,0,0,0,0,0,0,0
2514,pet sematary ii,1992.0,0,0,0,0,0,1,0,0,0,0,0,1,0,0,0,0,0,0,0,0
2515,children of the corn ii the final sacrifice,1993.0,0,0,0,0,0,0,0,0,0,0,0,1,0,0,0,0,0,0,0,0
2516,children of the corn iii,1994.0,0,0,0,0,0,0,0,0,0,0,0,1,0,0,0,0,0,0,0,0
2517,christine,1983.0,0,0,0,0,0,0,0,0,0,0,0,1,0,0,0,0,0,0,0,0
2518,night shift,1982.0,0,0,0,0,0,1,0,0,0,0,0,0,0,0,0,0,0,0,0,0
2520,airport,1970.0,0,0,0,0,0,0,0,0,1,0,0,0,0,0,0,0,0,0,0,0
2521,airport 1975,1974.0,0,1,0,0,0,0,0,0,1,0,0,0,0,0,0,0,0,1,0,0
2522,airport 77,1977.0,0,0,0,0,0,0,0,0,1,0,0,0,0,0,0,0,0,0,0,0
2523,rollercoaster,1977.0,0,0,0,0,0,0,0,0,1,0,0,0,0,0,0,0,0,1,0,0
2524,towering inferno the,1974.0,0,1,1,0,0,0,0,0,1,0,0,0,0,0,0,0,0,1,0,0
2525,alligator,1980.0,0,1,0,0,0,0,0,0,0,0,0,1,0,0,0,0,1,0,0,0
2526,meteor,1979.0,0,0,0,0,0,0,0,0,0,0,0,0,0,0,0,0,1,0,0,0
2527,westworld,1973.0,0,1,0,0,0,0,0,0,0,0,0,0,0,0,0,0,1,1,0,1
2528,logans run,1976.0,0,1,1,0,0,0,0,0,0,0,0,0,0,0,0,0,1,0,0,0
2529,planet of the apes,1968.0,0,1,0,0,0,0,0,0,1,0,0,0,0,0,0,0,1,0,0,0
2530,beneath the planet of the apes,1970.0,0,1,0,0,0,0,0,0,0,0,0,0,0,0,0,0,1,0,0,0
2531,battle for the planet of the apes,1973.0,0,1,0,0,0,0,0,0,0,0,0,0,0,0,0,0,1,0,0,0
2532,conquest of the planet of the apes,1972.0,0,1,0,0,0,0,0,0,0,0,0,0,0,0,0,0,1,0,0,0
2533,escape from the planet of the apes,1971.0,0,1,0,0,0,0,0,0,0,0,0,0,0,0,0,0,1,0,0,0
2534,avalanche,1978.0,0,1,0,0,0,0,0,0,0,0,0,0,0,0,0,0,0,0,0,0
2535,earthquake,1974.0,0,1,0,0,0,0,0,0,1,0,0,0,0,0,0,0,0,1,0,0
2537,beyond the poseidon adventure,1979.0,0,0,1,0,0,0,0,0,0,0,0,0,0,0,0,0,0,0,0,0
2538,dancemaker,1998.0,0,0,0,0,0,0,0,1,0,0,0,0,0,0,0,0,0,0,0,0
2539,analyze this,1999.0,0,0,0,0,0,1,0,0,0,0,0,0,0,0,0,0,0,0,0,0
2540,corruptor the,1999.0,0,1,0,0,0,0,1,0,1,0,0,0,0,0,0,0,0,1,0,0
2541,cruel intentions,1999.0,0,0,0,0,0,0,0,0,1,0,0,0,0,0,0,0,0,0,0,0
2542,lock stock  two smoking barrels,1998.0,0,0,0,0,0,1,1,0,0,0,0,0,0,0,0,0,0,1,0,0
2544,school of flesh the école de la chair l,1998.0,0,0,0,0,0,0,0,0,1,0,0,0,0,0,0,1,0,0,0,0
2546,deep end of the ocean the,1999.0,0,0,0,0,0,0,0,0,1,0,0,0,0,0,0,0,0,0,0,0
2548,rage carrie 2 the,1999.0,0,0,0,0,0,0,0,0,0,0,0,1,0,0,0,0,0,0,0,0
2549,wing commander,1999.0,0,1,0,0,0,0,0,0,0,0,0,0,0,0,0,0,1,0,0,0
2550,haunting the,1963.0,0,0,0,0,0,0,0,0,0,0,0,1,0,0,0,0,0,1,0,0
2551,dead ringers,1988.0,0,0,0,0,0,0,0,0,1,0,0,1,0,0,0,0,0,1,0,0
2552,my boyfriends back,1993.0,0,0,0,0,0,1,0,0,0,0,0,0,0,0,0,0,0,0,0,0
2553,village of the damned,1960.0,0,0,0,0,0,0,0,0,0,0,0,1,0,0,0,0,1,1,0,0
2554,children of the damned,1963.0,0,0,0,0,0,0,0,0,0,0,0,1,0,0,0,0,1,1,0,0
2555,baby geniuses,1999.0,0,0,0,0,0,1,0,0,0,0,0,0,0,0,0,0,0,0,0,0
2557,i stand alone seul contre tous,1998.0,0,0,0,0,0,0,0,0,1,0,0,0,0,0,0,0,0,1,0,0
2558,forces of nature,1999.0,0,0,0,0,0,1,0,0,0,0,0,0,0,0,0,1,0,0,0,0
2559,king and i the,1999.0,0,0,0,1,1,0,0,0,0,0,0,0,0,0,0,0,0,0,0,0
2560,ravenous,1999.0,0,0,0,0,0,0,0,0,0,0,0,1,0,0,0,0,0,1,0,0
2561,true crime,1999.0,0,0,0,0,0,0,1,0,0,0,0,0,0,0,0,0,0,1,0,0
2563,dangerous beauty,1998.0,0,0,0,0,0,0,0,0,1,0,0,0,0,0,0,0,0,0,0,0
2565,king and i the,1956.0,0,0,0,0,0,0,0,0,1,0,0,0,0,1,0,1,0,0,0,0
2566,dougs 1st movie,1999.0,0,0,0,1,1,0,0,0,0,0,0,0,0,0,0,0,0,0,0,0
2567,edtv,1999.0,0,0,0,0,0,1,0,0,0,0,0,0,0,0,0,0,0,0,0,0
2568,mod squad the,1999.0,0,1,0,0,0,0,1,0,0,0,0,0,0,0,0,0,0,0,0,0
2570,walk on the moon a,1999.0,0,0,0,0,0,0,0,0,1,0,0,0,0,0,0,1,0,0,0,0
2571,matrix the,1999.0,0,1,0,0,0,0,0,0,0,0,0,0,0,0,0,0,1,1,0,0
2572,10 things i hate about you,1999.0,0,0,0,0,0,1,0,0,0,0,0,0,0,0,0,1,0,0,0,0
2573,tango,1998.0,0,0,0,0,0,0,0,0,1,0,0,0,0,1,0,0,0,0,0,0
2574,outoftowners the,1999.0,0,0,0,0,0,1,0,0,0,0,0,0,0,0,0,0,0,0,0,0
2575,dreamlife of angels the vie rêvée des anges la,1998.0,0,0,0,0,0,0,0,0,1,0,0,0,0,0,0,0,0,0,0,0
2577,metroland,1997.0,0,0,0,0,0,1,0,0,1,0,0,0,0,0,0,0,0,0,0,0
2579,following,1998.0,0,0,0,0,0,0,1,0,0,0,0,0,0,0,1,0,0,1,0,0
2580,go,1999.0,0,0,0,0,0,1,1,0,0,0,0,0,0,0,0,0,0,0,0,0
2581,never been kissed,1999.0,0,0,0,0,0,1,0,0,0,0,0,0,0,0,0,1,0,0,0,0
2582,twin dragons shuang long hui,1992.0,0,1,0,0,0,1,0,0,0,0,0,0,0,0,0,0,0,0,0,0
2583,cookies fortune,1999.0,0,0,0,0,0,1,0,0,1,0,0,0,0,0,0,0,0,0,0,0
2585,lovers of the arctic circle the los amantes del círculo polar,1998.0,0,0,0,0,0,0,0,0,1,0,0,0,0,0,0,1,0,0,0,0
2586,goodbye lover,1999.0,0,0,0,0,0,1,1,0,0,0,0,0,0,0,0,0,0,1,0,0
2587,life,1999.0,0,0,0,0,0,1,1,0,1,0,0,0,0,0,0,0,0,0,0,0
2589,friends  lovers,1999.0,0,0,0,0,0,1,0,0,1,0,0,0,0,0,0,1,0,0,0,0
2590,hideous kinky,1998.0,0,0,0,0,0,0,0,0,1,0,0,0,0,0,0,0,0,0,0,0
2593,monster the mostro il,1994.0,0,0,0,0,0,1,0,0,0,0,0,0,0,0,0,0,0,0,0,0
2594,open your eyes abre los ojos,1997.0,0,0,0,0,0,0,0,0,1,0,0,0,0,0,0,1,1,1,0,0
2596,slc punk,1998.0,0,0,0,0,0,1,0,0,1,0,0,0,0,0,0,0,0,0,0,0
2597,lost  found,1999.0,0,0,0,0,0,1,0,0,0,0,0,0,0,0,0,1,0,0,0,0
2598,pushing tin,1999.0,0,0,0,0,0,1,0,0,0,0,0,0,0,0,0,0,0,0,0,0
2599,election,1999.0,0,0,0,0,0,1,0,0,0,0,0,0,0,0,0,0,0,0,0,0
2600,existenz,1999.0,0,1,0,0,0,0,0,0,0,0,0,0,0,0,0,0,1,1,0,0
2605,entrapment,1999.0,0,0,0,0,0,0,1,0,0,0,0,0,0,0,0,0,0,1,0,0
2606,idle hands,1999.0,0,0,0,0,0,1,0,0,0,0,0,1,0,0,0,0,0,0,0,0
2607,get real,1998.0,0,0,0,0,0,0,0,0,1,0,0,0,0,0,0,1,0,0,0,0
2609,king of masks the bian lian,1996.0,0,0,0,0,0,0,0,0,1,0,0,0,0,0,0,0,0,0,0,0
2611,winslow boy the,1999.0,0,0,0,0,0,0,0,0,1,0,0,0,0,0,0,0,0,0,0,0
2612,mildred pierce,1945.0,0,0,0,0,0,0,0,0,1,0,1,0,0,0,0,0,0,0,0,0
2613,night of the comet,1984.0,0,0,0,0,0,1,0,0,0,0,0,1,0,0,0,0,1,0,0,0
2614,chopping mall aka killbots,1986.0,0,1,0,0,0,0,0,0,0,0,0,1,0,0,0,0,1,0,0,0
2615,my science project,1985.0,0,0,1,0,0,0,0,0,0,0,0,0,0,0,0,0,1,0,0,0
2616,dick tracy,1990.0,0,1,0,0,0,0,1,0,0,0,0,0,0,0,0,0,0,0,0,0
2617,mummy the,1999.0,0,1,1,0,0,1,0,0,0,1,0,1,0,0,0,0,0,1,0,0
2618,castle the,1997.0,0,0,0,0,0,1,0,0,0,0,0,0,0,0,0,0,0,0,0,0
2620,this is my father,1998.0,0,0,0,0,0,0,0,0,1,0,0,0,0,0,0,1,0,0,0,0
2622,william shakespeares a midsummer nights dream,1999.0,0,0,0,0,0,1,0,0,0,1,0,0,0,0,0,0,0,0,0,0
2623,trippin,1999.0,0,0,0,0,0,1,0,0,0,0,0,0,0,0,0,0,0,0,0,0
2624,after life wandafuru raifu,1998.0,0,0,0,0,0,0,0,0,1,1,0,0,0,0,0,0,0,0,0,0
2625,black mask hak hap,1996.0,0,1,1,0,0,0,1,0,0,0,0,0,0,0,0,0,1,1,0,0
2628,star wars episode i  the phantom menace,1999.0,0,1,1,0,0,0,0,0,0,0,0,0,0,0,0,0,1,0,0,0
2629,love letter the,1999.0,0,0,0,0,0,1,0,0,0,0,0,0,0,0,0,1,0,0,0,0
2630,besieged aka l assedio,1998.0,0,0,0,0,0,0,0,0,1,0,0,0,0,0,0,0,0,0,0,0
2632,saragossa manuscript the rekopis znaleziony w saragossie,1965.0,0,0,1,0,0,0,0,0,1,0,0,0,0,0,1,0,0,0,0,0
2633,mummy the,1932.0,0,0,0,0,0,0,0,0,0,0,0,1,0,0,0,1,0,0,0,0
2634,mummy the,1959.0,0,0,0,0,0,0,0,0,0,0,0,1,0,0,0,0,0,0,0,0
2639,mommie dearest,1981.0,0,0,0,0,0,0,0,0,1,0,0,0,0,0,0,0,0,0,0,0
2640,superman,1978.0,0,1,1,0,0,0,0,0,0,0,0,0,0,0,0,0,1,0,0,0
2641,superman ii,1980.0,0,1,0,0,0,0,0,0,0,0,0,0,0,0,0,0,1,0,0,0
2642,superman iii,1983.0,0,1,1,0,0,0,0,0,0,0,0,0,0,0,0,0,1,0,0,0
2643,superman iv the quest for peace,1987.0,0,1,1,0,0,0,0,0,0,0,0,0,0,0,0,0,1,0,0,0
2644,dracula,1931.0,0,0,0,0,0,0,0,0,0,0,0,1,0,0,0,0,0,0,0,0
2648,frankenstein,1931.0,0,0,0,0,0,0,0,0,1,0,0,1,0,0,0,0,1,0,0,0
2651,frankenstein meets the wolf man,1943.0,0,0,0,0,0,0,0,0,0,0,0,1,0,0,0,0,0,0,0,0
2652,curse of frankenstein the,1957.0,0,0,0,0,0,0,0,0,0,0,0,1,0,0,0,0,0,0,0,0
2654,wolf man the,1941.0,0,0,0,0,0,0,0,0,1,1,0,1,0,0,0,0,0,0,0,0
2655,howling ii your sister is a werewolf,1985.0,0,0,0,0,0,0,0,0,0,0,0,1,0,0,0,0,0,0,0,0
2656,tarantula,1955.0,0,0,0,0,0,0,0,0,0,0,0,1,0,0,0,0,1,0,0,0
2657,rocky horror picture show the,1975.0,0,0,0,0,0,1,0,0,0,0,0,1,0,1,0,0,1,0,0,0
2659,it came from hollywood,1982.0,0,0,0,0,0,1,0,1,0,0,0,0,0,0,0,0,0,0,0,0
2660,thing from another world the,1951.0,0,0,0,0,0,0,0,0,0,0,0,1,0,0,0,0,1,0,0,0
2661,it came from outer space,1953.0,0,0,0,0,0,0,0,0,0,0,0,0,0,0,0,0,1,0,0,0
2662,war of the worlds the,1953.0,0,1,0,0,0,0,0,0,1,0,0,0,0,0,0,0,1,0,0,0
2664,invasion of the body snatchers,1956.0,0,0,0,0,0,0,0,0,0,0,0,1,0,0,0,0,1,1,0,0
2665,earth vs the flying saucers,1956.0,0,0,0,0,0,0,0,0,0,0,0,0,0,0,0,0,1,0,0,0
2668,swamp thing,1982.0,0,0,0,0,0,0,0,0,0,0,0,1,0,0,0,0,1,0,0,0
2669,pork chop hill,1959.0,0,0,0,0,0,0,0,0,0,0,0,0,0,0,0,0,0,0,1,0
2670,run silent run deep,1958.0,0,0,0,0,0,0,0,0,0,0,0,0,0,0,0,0,0,0,1,0
2671,notting hill,1999.0,0,0,0,0,0,1,0,0,0,0,0,0,0,0,0,1,0,0,0,0
2672,thirteenth floor the,1999.0,0,0,0,0,0,0,0,0,1,0,0,0,0,0,0,0,1,1,0,0
2674,loss of sexual innocence the,1999.0,0,0,0,0,0,0,0,0,1,1,0,0,0,0,0,0,0,0,0,0
2676,instinct,1999.0,0,0,0,0,0,0,0,0,1,0,0,0,0,0,0,0,0,1,0,0
2677,buena vista social club,1999.0,0,0,0,0,0,0,0,1,0,0,0,0,0,1,0,0,0,0,0,0
2681,free enterprise,1998.0,0,0,0,0,0,1,0,0,0,0,0,0,0,0,0,1,1,0,0,0
2682,limbo,1999.0,0,0,0,0,0,0,0,0,1,0,0,0,0,0,0,0,0,0,0,0
2683,austin powers the spy who shagged me,1999.0,0,1,1,0,0,1,0,0,0,0,0,0,0,0,0,0,0,0,0,0
2686,red violin the violon rouge le,1998.0,0,0,0,0,0,0,0,0,1,0,0,0,0,0,1,0,0,0,0,0
2687,tarzan,1999.0,0,0,1,1,1,0,0,0,1,0,0,0,0,0,0,0,0,0,0,0
2688,generals daughter the,1999.0,0,0,0,0,0,0,1,0,1,0,0,0,0,0,1,0,0,1,0,0
2690,ideal husband an,1999.0,0,0,0,0,0,1,0,0,0,0,0,0,0,0,0,1,0,0,0,0
2691,legend of 1900 the aka the legend of the pianist on the ocean leggenda del pianista sulloceano,1998.0,0,0,0,0,0,0,0,0,1,0,0,0,0,0,0,0,0,0,0,0
2692,run lola run lola rennt,1998.0,0,1,0,0,0,0,1,0,0,0,0,0,0,0,0,0,0,0,0,0
2693,trekkies,1997.0,0,0,0,0,0,0,0,1,0,0,0,0,0,0,0,0,0,0,0,0
2694,big daddy,1999.0,0,0,0,0,0,1,0,0,0,0,0,0,0,0,0,0,0,0,0,0
2695,boys the,1998.0,0,0,0,0,0,0,0,0,1,0,0,0,0,0,0,0,0,0,0,0
2696,dinner game the dîner de cons le,1998.0,0,0,0,0,0,1,0,0,0,0,0,0,0,0,0,0,0,0,0,0
2697,my son the fanatic,1997.0,0,0,0,0,0,1,0,0,1,0,0,0,0,0,0,1,0,0,0,0
2698,zone 39,1997.0,0,0,0,0,0,0,0,0,0,0,0,0,0,0,0,0,1,0,0,0
2699,arachnophobia,1990.0,0,0,0,0,0,1,0,0,0,0,0,1,0,0,0,0,0,0,0,0
2700,south park bigger longer and uncut,1999.0,0,0,0,1,0,1,0,0,0,0,0,0,0,1,0,0,0,0,0,0
2701,wild wild west,1999.0,0,1,0,0,0,1,0,0,0,0,0,0,0,0,0,0,1,0,0,1
2702,summer of sam,1999.0,0,0,0,0,0,0,0,0,1,0,0,0,0,0,0,0,0,0,0,0
2706,american pie,1999.0,0,0,0,0,0,1,0,0,0,0,0,0,0,0,0,1,0,0,0,0
2707,arlington road,1999.0,0,0,0,0,0,0,0,0,0,0,0,0,0,0,0,0,0,1,0,0
2708,autumn tale an conte dautomne,1998.0,0,0,0,0,0,0,0,0,0,0,0,0,0,0,0,1,0,0,0,0
2709,muppets from space,1999.0,0,0,0,0,1,1,0,0,0,0,0,0,0,0,0,0,0,0,0,0
2710,blair witch project the,1999.0,0,0,0,0,0,0,0,0,1,0,0,1,0,0,0,0,0,1,0,0
2712,eyes wide shut,1999.0,0,0,0,0,0,0,0,0,1,0,0,0,0,0,1,0,0,1,0,0
2713,lake placid,1999.0,0,0,0,0,0,0,0,0,0,0,0,1,0,0,0,0,0,1,0,0
2716,ghostbusters aka ghost busters,1984.0,0,1,0,0,0,1,0,0,0,0,0,0,0,0,0,0,1,0,0,0
2717,ghostbusters ii,1989.0,0,0,0,0,0,1,0,0,0,1,0,0,0,0,0,0,1,0,0,0
2718,drop dead gorgeous,1999.0,0,0,0,0,0,1,0,0,0,0,0,0,0,0,0,0,0,0,0,0
2719,haunting the,1999.0,0,0,0,0,0,0,0,0,0,0,0,1,0,0,0,0,0,1,0,0
2720,inspector gadget,1999.0,0,1,1,0,1,1,0,0,0,0,0,0,0,0,0,0,0,0,0,0
2722,deep blue sea,1999.0,0,1,0,0,0,0,0,0,0,0,0,1,0,0,0,0,1,1,0,0
2723,mystery men,1999.0,0,1,0,0,0,1,0,0,0,1,0,0,0,0,0,0,0,0,0,0
2724,runaway bride,1999.0,0,0,0,0,0,1,0,0,0,0,0,0,0,0,0,1,0,0,0,0
2725,twin falls idaho,1999.0,0,0,0,0,0,0,0,0,1,0,0,0,0,0,0,0,0,0,0,0
2726,killing the,1956.0,0,0,0,0,0,0,1,0,0,0,1,0,0,0,0,0,0,0,0,0
2727,killers kiss,1955.0,0,0,0,0,0,0,1,0,0,0,1,0,0,0,0,0,0,0,0,0
2728,spartacus,1960.0,0,1,0,0,0,0,0,0,1,0,0,0,0,0,0,1,0,0,1,0
2729,lolita,1962.0,0,0,0,0,0,0,0,0,1,0,0,0,0,0,0,1,0,0,0,0
2730,barry lyndon,1975.0,0,0,0,0,0,0,0,0,1,0,0,0,0,0,0,1,0,0,1,0
2731,400 blows the les quatre cents coups,1959.0,0,0,0,0,0,0,1,0,1,0,0,0,0,0,0,0,0,0,0,0
2732,jules and jim jules et jim,1961.0,0,0,0,0,0,0,0,0,1,0,0,0,0,0,0,1,0,0,0,0
2733,vibes,1988.0,0,0,1,0,0,1,0,0,0,0,0,0,0,0,0,1,0,0,0,0
2734,mosquito coast the,1986.0,0,0,1,0,0,0,0,0,1,0,0,0,0,0,0,0,0,1,0,0
2735,golden child the,1986.0,0,1,1,0,0,1,0,0,0,1,0,0,0,0,1,0,0,0,0,0
2736,brighton beach memoirs,1986.0,0,0,0,0,0,1,0,0,0,0,0,0,0,0,0,0,0,0,0,0
2737,assassination,1987.0,0,1,0,0,0,0,0,0,1,0,0,0,0,0,0,0,0,1,0,0
2738,crimes of the heart,1986.0,0,0,0,0,0,1,0,0,1,0,0,0,0,0,0,0,0,0,0,0
2739,color purple the,1985.0,0,0,0,0,0,0,0,0,1,0,0,0,0,0,0,0,0,0,0,0
2740,kindred the,1986.0,0,0,0,0,0,0,0,0,0,0,0,1,0,0,0,0,1,0,0,0
2741,no mercy,1986.0,0,1,0,0,0,0,1,0,0,0,0,0,0,0,0,0,0,1,0,0
2742,ménage tenue de soirée,1986.0,0,0,0,0,0,1,0,0,1,0,0,0,0,0,0,0,0,0,0,0
2743,native son,1986.0,0,0,0,0,0,0,0,0,1,0,0,0,0,0,0,0,0,0,0,0
2744,otello,1986.0,0,0,0,0,0,0,0,0,1,0,0,0,0,0,0,0,0,0,0,0
2745,mission the,1986.0,0,0,0,0,0,0,0,0,1,0,0,0,0,0,0,0,0,0,0,0
2746,little shop of horrors,1986.0,0,0,0,0,0,1,0,0,0,0,0,1,0,1,0,0,0,0,0,0
2747,little shop of horrors the,1960.0,0,0,0,0,0,1,0,0,0,0,0,1,0,0,0,0,0,0,0,0
2748,allan quatermain and the lost city of gold,1987.0,0,1,1,0,0,1,0,0,0,0,0,0,0,0,0,0,0,0,0,0
2749,morning after the,1986.0,0,0,0,0,0,0,0,0,1,0,0,0,0,0,1,0,0,0,0,0
2750,radio days,1987.0,0,0,0,0,0,1,0,0,1,0,0,0,0,0,0,0,0,0,0,0
2751,from the hip,1987.0,0,0,0,0,0,1,0,0,1,0,0,0,0,0,0,0,0,0,0,0
2752,outrageous fortune,1987.0,0,0,0,0,0,1,0,0,0,0,0,0,0,0,1,0,0,0,0,0
2754,deadtime stories,1987.0,0,0,0,0,0,0,0,0,0,0,0,1,0,0,0,0,0,0,0,0
2757,frances,1982.0,0,0,0,0,0,0,0,0,1,0,0,0,0,0,0,0,0,0,0,0
2759,dick,1999.0,0,0,0,0,0,1,0,0,0,0,0,0,0,0,0,0,0,0,0,0
2761,iron giant the,1999.0,0,0,1,1,1,0,0,0,1,0,0,0,0,0,0,0,1,0,0,0
2762,sixth sense the,1999.0,0,0,0,0,0,0,0,0,1,0,0,1,0,0,1,0,0,0,0,0
2763,thomas crown affair the,1999.0,0,1,0,0,0,0,0,0,0,0,0,0,0,0,1,0,0,0,0,0
2764,thomas crown affair the,1968.0,0,0,0,0,0,0,1,0,1,0,0,0,0,0,0,1,0,1,0,0
2765,acid house the,1998.0,0,0,0,0,0,1,0,0,1,0,0,0,0,0,0,0,0,0,0,0
2766,adventures of sebastian cole the,1998.0,0,0,0,0,0,1,0,0,1,0,0,0,0,0,0,0,0,0,0,0
2769,yards the,2000.0,0,0,0,0,0,0,1,0,1,0,0,0,0,0,0,0,0,0,0,0
2770,bowfinger,1999.0,0,0,0,0,0,1,0,0,0,0,0,0,0,0,0,0,0,0,0,0
2771,brokedown palace,1999.0,0,0,0,0,0,0,0,0,1,0,0,0,0,0,0,0,0,0,0,0
2772,detroit rock city,1999.0,0,0,0,0,0,1,0,0,0,0,0,0,0,0,0,0,0,0,0,0
2774,better than chocolate,1999.0,0,0,0,0,0,1,0,0,0,0,0,0,0,0,0,1,0,0,0,0
2775,head on,1998.0,0,0,0,0,0,0,0,0,1,0,0,0,0,0,0,0,0,0,0,0
2779,heaven can wait,1978.0,0,0,0,0,0,1,0,0,0,0,0,0,0,0,0,0,0,0,0,0
2782,pit and the pendulum,1961.0,0,0,0,0,0,0,0,0,0,0,0,1,0,0,0,0,0,0,0,0
2784,masque of the red death the,1964.0,0,0,0,0,0,0,0,0,0,0,0,1,0,0,0,0,0,0,0,0
2786,haunted honeymoon,1986.0,0,0,0,0,0,1,0,0,0,0,0,0,0,0,0,0,0,0,0,0
2787,cats eye,1985.0,0,0,0,0,0,0,0,0,0,0,0,1,0,0,0,0,0,0,0,0
2788,monty pythons and now for something completely different,1971.0,0,0,0,0,0,1,0,0,0,0,0,0,0,0,0,0,0,0,0,0
2789,damien omen ii,1978.0,0,0,0,0,0,0,0,0,0,0,0,1,0,0,0,0,0,0,0,0
2790,final conflict the aka omen iii the final conflict,1981.0,0,0,0,0,0,0,0,0,0,0,0,1,0,0,0,0,0,1,0,0
2791,airplane,1980.0,0,0,0,0,0,1,0,0,0,0,0,0,0,0,0,0,0,0,0,0
2792,airplane ii the sequel,1982.0,0,0,0,0,0,1,0,0,0,0,0,0,0,0,0,0,0,0,0,0
2793,american werewolf in paris an,1997.0,0,0,0,0,0,1,0,0,0,0,0,1,0,0,0,1,0,1,0,0
2794,european vacation aka national lampoons european vacation,1985.0,0,0,1,0,0,1,0,0,0,0,0,0,0,0,0,1,0,0,0,0
2795,national lampoons vacation,1983.0,0,0,0,0,0,1,0,0,0,0,0,0,0,0,0,0,0,0,0,0
2796,funny farm,1988.0,0,0,0,0,0,1,0,0,0,0,0,0,0,0,0,0,0,0,0,0
2797,big,1988.0,0,0,0,0,0,1,0,0,1,1,0,0,0,0,0,1,0,0,0,0
2798,problem child,1990.0,0,0,0,0,1,1,0,0,0,0,0,0,0,0,0,0,0,0,0,0
2799,problem child 2,1991.0,0,0,0,0,0,1,0,0,0,0,0,0,0,0,0,0,0,0,0,0
2800,little nemo adventures in slumberland,1992.0,0,0,1,1,1,0,0,0,1,1,0,0,0,0,0,0,0,0,0,0
2801,oscar and lucinda aka oscar  lucinda,1997.0,0,0,0,0,0,0,0,0,1,0,0,0,0,0,0,1,0,0,0,0
2802,tequila sunrise,1988.0,0,1,0,0,0,0,0,0,1,0,0,0,0,0,0,1,0,1,0,0
2803,pelican brief the,1993.0,0,0,0,0,0,0,1,0,1,0,0,0,0,0,1,1,0,1,0,0
2804,christmas story a,1983.0,0,0,0,0,1,1,0,0,0,0,0,0,0,0,0,0,0,0,0,0
2805,mickey blue eyes,1999.0,0,0,0,0,0,1,0,0,0,0,0,0,0,0,0,1,0,0,0,0
2806,teaching mrs tingle,1999.0,0,0,0,0,0,1,0,0,0,0,0,0,0,0,0,0,0,1,0,0
2807,universal soldier the return,1999.0,0,1,0,0,0,0,0,0,0,0,0,0,0,0,0,0,1,0,0,0
2808,universal soldier,1992.0,0,1,0,0,0,0,0,0,0,0,0,0,0,0,0,0,1,0,0,0
2810,perfect blue,1997.0,0,0,0,1,0,0,0,0,0,0,0,1,0,0,1,0,0,1,0,0
2812,in too deep,1999.0,0,1,0,0,0,0,0,0,0,0,0,0,0,0,0,0,0,1,0,0
2813,source the,1999.0,0,0,0,0,0,0,0,1,0,0,0,0,0,0,0,0,0,0,0,0
2815,iron eagle,1986.0,0,1,0,0,0,0,0,0,0,0,0,0,0,0,0,0,0,0,1,0
2816,iron eagle ii,1988.0,0,1,0,0,0,0,0,0,0,0,0,0,0,0,0,0,0,0,1,0
2817,aces iron eagle iii,1992.0,0,1,0,0,0,0,0,0,0,0,0,0,0,0,0,0,0,0,0,0
2818,iron eagle iv,1995.0,0,1,0,0,0,0,0,0,0,0,0,0,0,0,0,0,0,0,1,0
2819,three days of the condor 3 days of the condor,1975.0,0,0,0,0,0,0,0,0,1,0,0,0,0,0,1,1,0,1,0,0
2820,hamlet,1964.0,0,0,0,0,0,0,0,0,1,0,0,0,0,0,0,0,0,0,0,0
2822,medicine man,1992.0,0,0,1,0,0,0,0,0,0,0,0,0,0,0,0,1,0,0,0,0
2824,on the ropes,1999.0,0,0,0,0,0,0,0,1,1,0,0,0,0,0,0,0,0,0,0,0
2826,13th warrior the,1999.0,0,1,1,0,0,0,0,0,0,1,0,0,0,0,0,0,0,0,0,0
2827,astronauts wife the,1999.0,0,0,0,0,0,0,0,0,0,0,0,1,0,0,0,0,1,1,0,0
2828,dudley doright,1999.0,0,0,0,0,1,1,0,0,0,0,0,0,0,0,0,0,0,0,0,0
2829,muse the,1999.0,0,0,0,0,0,1,0,0,0,0,0,0,0,0,0,0,0,0,0,0
2835,chill factor,1999.0,0,1,1,0,0,1,0,0,0,0,0,0,0,0,0,0,0,1,0,0
2836,outside providence,1999.0,0,0,0,0,0,1,0,0,0,0,0,0,0,0,0,0,0,0,0,0
2837,bedrooms  hallways,1998.0,0,0,0,0,0,1,0,0,0,0,0,0,0,0,0,1,0,0,0,0
2839,west beirut west beyrouth,1998.0,0,0,0,0,0,0,0,0,1,0,0,0,0,0,0,0,0,0,0,0
2840,stigmata,1999.0,0,0,0,0,0,0,0,0,1,0,0,0,0,0,0,0,0,1,0,0
2841,stir of echoes,1999.0,0,0,0,0,0,0,0,0,0,0,0,1,0,0,1,0,0,1,0,0
2843,black cat white cat crna macka beli macor,1998.0,0,0,0,0,0,1,0,0,0,0,0,0,0,0,0,1,0,0,0,0
2844,minus man the,1999.0,0,0,0,0,0,0,0,0,1,0,0,0,0,0,1,0,0,0,0,0
2846,adventures of milo and otis the koneko monogatari,1986.0,0,0,1,0,1,1,0,0,1,0,0,0,0,0,0,0,0,0,0,0
2847,only angels have wings,1939.0,0,0,1,0,0,0,0,0,1,0,0,0,0,0,0,1,0,0,0,0
2848,othello tragedy of othello the moor of venice the,1952.0,0,0,0,0,0,0,0,0,1,0,0,0,0,0,0,0,0,0,0,0
2851,saturn 3,1980.0,0,0,1,0,0,0,0,0,0,0,0,0,0,0,0,0,1,1,0,0
2852,soldiers story a,1984.0,0,0,0,0,0,0,0,0,1,0,0,0,0,0,0,0,0,0,0,0
2856,i saw what you did,1965.0,0,0,0,0,0,0,0,0,0,0,0,0,0,0,0,0,0,1,0,0
2857,yellow submarine,1968.0,0,0,1,1,0,1,0,0,0,1,0,0,0,1,0,0,0,0,0,0
2858,american beauty,1999.0,0,0,0,0,0,0,0,0,1,0,0,0,0,0,0,1,0,0,0,0
2859,stop making sense,1984.0,0,0,0,0,0,0,0,1,0,0,0,0,0,1,0,0,0,0,0,0
2860,blue streak,1999.0,0,0,0,0,0,1,0,0,0,0,0,0,0,0,0,0,0,0,0,0
2861,for love of the game,1999.0,0,0,0,0,0,1,0,0,1,0,0,0,0,0,0,0,0,0,0,0
2862,caligula,1979.0,0,0,0,0,0,0,0,0,1,0,0,0,0,0,0,0,0,0,0,0
2863,hard days night a,1964.0,0,0,1,0,0,1,0,0,0,0,0,0,0,1,0,0,0,0,0,0
2865,sugar town,1999.0,0,0,0,0,0,1,0,0,0,0,0,0,0,0,0,0,0,0,0,0
2866,buddy holly story the,1978.0,0,0,0,0,0,0,0,0,1,0,0,0,0,0,0,0,0,0,0,0
2867,fright night,1985.0,0,0,0,0,0,1,0,0,0,0,0,1,0,0,0,0,0,1,0,0
2868,fright night part ii,1988.0,0,0,0,0,0,0,0,0,0,0,0,1,0,0,0,0,0,0,0,0
2870,barefoot in the park,1967.0,0,0,0,0,0,1,0,0,0,0,0,0,0,0,0,0,0,0,0,0
2871,deliverance,1972.0,0,0,1,0,0,0,0,0,1,0,0,0,0,0,0,0,0,1,0,0
2872,excalibur,1981.0,0,0,1,0,0,0,0,0,0,1,0,0,0,0,0,0,0,0,0,0
2874,pajama game the,1957.0,0,0,0,0,0,1,0,0,0,0,0,0,0,1,0,1,0,0,0,0
2875,sommersby,1993.0,0,0,0,0,0,0,0,0,1,0,0,0,0,0,1,1,0,0,0,0
2876,thumbelina,1994.0,0,0,0,1,1,0,0,0,0,1,0,0,0,0,0,0,0,0,0,0
2877,tommy,1975.0,0,0,0,0,0,0,0,0,0,0,0,0,0,1,0,0,0,0,0,0
2878,hell night,1981.0,0,0,0,0,0,0,0,0,0,0,0,1,0,0,0,0,0,0,0,0
2879,armour of god ii operation condor operation condor fei ying gai wak,1991.0,0,1,1,0,0,1,0,0,0,0,0,0,0,0,0,0,0,0,0,0
2880,armour of god long xiong hu di,1987.0,0,1,1,0,0,1,0,0,0,0,0,0,0,0,0,0,0,0,0,0
2881,double jeopardy,1999.0,0,1,0,0,0,0,1,0,1,0,0,0,0,0,0,0,0,1,0,0
2882,jakob the liar,1999.0,0,0,0,0,0,0,0,0,1,0,0,0,0,0,0,0,0,0,0,0
2883,mumford,1999.0,0,0,0,0,0,1,0,0,1,0,0,0,0,0,0,0,0,0,0,0
2884,dog park,1998.0,0,0,0,0,0,1,0,0,0,0,0,0,0,0,0,1,0,0,0,0
2885,guinevere,1999.0,0,0,0,0,0,0,0,0,1,0,0,0,0,0,0,1,0,0,0,0
2886,adventures of elmo in grouchland the,1999.0,0,0,0,0,1,1,0,0,0,0,0,0,0,0,0,0,0,0,0,0
2887,simon sez,1999.0,0,1,0,0,0,1,0,0,0,0,0,0,0,0,0,0,0,0,0,0
2888,drive me crazy,1999.0,0,0,0,0,0,1,0,0,0,0,0,0,0,0,0,1,0,0,0,0
2889,mystery alaska,1999.0,0,0,0,0,0,1,0,0,1,0,0,0,0,0,0,0,0,0,0,0
2890,three kings,1999.0,0,1,1,0,0,1,0,0,1,0,0,0,0,0,0,0,0,0,1,0
2891,happy texas,1999.0,0,0,0,0,0,1,0,0,0,0,0,0,0,0,0,0,0,0,0,0
2892,new rose hotel,1998.0,0,1,0,0,0,0,0,0,1,0,0,0,0,0,0,0,0,0,0,0
2893,plunkett  macleane,1999.0,0,1,1,0,0,0,0,0,1,0,0,0,0,0,0,0,0,0,0,0
2894,romance,1999.0,0,0,0,0,0,0,0,0,1,0,0,0,0,0,0,1,0,0,0,0
2896,alvarez kelly,1966.0,0,0,0,0,0,0,0,0,0,0,0,0,0,0,0,0,0,0,0,1
2897,and the ship sails on e la nave va,1983.0,0,0,0,0,0,1,0,0,0,0,0,0,0,0,0,0,0,0,1,0
2898,dark half the,1993.0,0,0,0,0,0,0,0,0,0,0,0,1,0,0,1,0,0,0,0,0
2899,gullivers travels,1939.0,0,0,1,1,1,0,0,0,0,0,0,0,0,0,0,0,0,0,0,0
2900,monkey shines,1988.0,0,0,0,0,0,0,0,0,0,0,0,1,0,0,0,0,1,0,0,0
2901,phantasm,1979.0,0,0,0,0,0,0,0,0,0,0,0,1,0,0,0,0,1,0,0,0
2902,psycho ii,1983.0,0,0,0,0,0,0,0,0,0,0,0,1,0,0,1,0,0,1,0,0
2903,psycho iii,1986.0,0,0,0,0,0,0,0,0,0,0,0,1,0,0,0,0,0,1,0,0
2905,sanjuro tsubaki sanjûrô,1962.0,0,1,1,0,0,0,0,0,1,0,0,0,0,0,0,0,0,0,0,0
2906,random hearts,1999.0,0,0,0,0,0,0,0,0,1,0,0,0,0,0,0,1,0,0,0,0
2907,superstar,1999.0,0,0,0,0,0,1,0,0,0,0,0,0,0,0,0,0,0,0,0,0
2908,boys dont cry,1999.0,0,0,0,0,0,0,0,0,1,0,0,0,0,0,0,0,0,0,0,0
2912,limey the,1999.0,0,0,0,0,0,0,1,0,1,0,0,0,0,0,0,0,0,1,0,0
2915,risky business,1983.0,0,0,0,0,0,1,0,0,0,0,0,0,0,0,0,0,0,0,0,0
2916,total recall,1990.0,0,1,1,0,0,0,0,0,0,0,0,0,0,0,0,0,1,1,0,0
2917,body heat,1981.0,0,0,0,0,0,0,1,0,0,0,0,0,0,0,0,0,0,1,0,0
2918,ferris buellers day off,1986.0,0,0,0,0,0,1,0,0,0,0,0,0,0,0,0,0,0,0,0,0
2919,year of living dangerously the,1982.0,0,0,0,0,0,0,0,0,1,0,0,0,0,0,0,1,0,0,1,0
2921,high plains drifter,1973.0,0,0,0,0,0,0,0,0,0,0,0,0,0,0,0,0,0,0,0,1
2922,hang em high,1968.0,0,0,0,0,0,0,1,0,1,0,0,0,0,0,0,0,0,0,0,1
2924,drunken master jui kuen,1978.0,0,1,0,0,0,1,0,0,0,0,0,0,0,0,0,0,0,0,0,0
2925,conformist the conformista il,1970.0,0,0,0,0,0,0,0,0,1,0,0,0,0,0,0,0,0,0,0,0
2926,hairspray,1988.0,0,0,0,0,0,1,0,0,1,0,0,0,0,0,0,0,0,0,0,0
2927,brief encounter,1946.0,0,0,0,0,0,0,0,0,1,0,0,0,0,0,0,1,0,0,0,0
2928,razors edge the,1984.0,0,0,0,0,0,0,0,0,1,0,0,0,0,0,0,0,0,0,0,0
2929,reds,1981.0,0,0,0,0,0,0,0,0,1,0,0,0,0,0,0,1,0,0,0,0
2930,return with honor,1998.0,0,0,0,0,0,0,0,1,0,0,0,0,0,0,0,0,0,0,0,0
2931,time of the gypsies dom za vesanje,1989.0,0,0,0,0,0,1,1,0,1,1,0,0,0,0,0,0,0,0,0,0
2932,days of heaven,1978.0,0,0,0,0,0,0,0,0,1,0,0,0,0,0,0,0,0,0,0,0
2935,lady eve the,1941.0,0,0,0,0,0,1,0,0,0,0,0,0,0,0,0,1,0,0,0,0
2936,sullivans travels,1941.0,0,0,1,0,0,1,0,0,0,0,0,0,0,0,0,1,0,0,0,0
2937,palm beach story the,1942.0,0,0,0,0,0,1,0,0,0,0,0,0,0,0,0,0,0,0,0,0
2939,niagara,1953.0,0,0,0,0,0,0,0,0,1,0,0,0,0,0,0,0,0,1,0,0
2940,gilda,1946.0,0,0,0,0,0,0,0,0,1,0,1,0,0,0,1,1,0,0,0,0
2941,south pacific,1958.0,0,0,0,0,0,0,0,0,0,0,0,0,0,1,0,1,0,0,1,0
2942,flashdance,1983.0,0,0,0,0,0,0,0,0,1,0,0,0,0,0,0,1,0,0,0,0
2943,indochine,1992.0,0,0,0,0,0,0,0,0,1,0,0,0,0,0,0,1,0,0,0,0
2944,dirty dozen the,1967.0,0,1,0,0,0,0,0,0,1,0,0,0,0,0,0,0,0,0,1,0
2946,help,1965.0,0,0,0,0,0,1,0,0,0,0,0,0,0,1,0,0,0,0,0,0
2947,goldfinger,1964.0,0,1,1,0,0,0,0,0,0,0,0,0,0,0,0,0,0,1,0,0
2948,from russia with love,1963.0,0,1,1,0,0,0,0,0,0,0,0,0,0,0,0,0,0,1,0,0
2949,dr no,1962.0,0,1,1,0,0,0,0,0,0,0,0,0,0,0,0,0,0,1,0,0
2950,blue lagoon the,1980.0,0,0,1,0,0,0,0,0,1,0,0,0,0,0,0,1,0,0,0,0
2951,fistful of dollars a per un pugno di dollari,1964.0,0,1,0,0,0,0,0,0,0,0,0,0,0,0,0,0,0,0,0,1
2952,sydney hard eight,1996.0,0,0,0,0,0,0,1,0,1,0,0,0,0,0,0,0,0,1,0,0
2953,home alone 2 lost in new york,1992.0,0,0,0,0,1,1,0,0,0,0,0,0,0,0,0,0,0,0,0,0
2956,someone to watch over me,1987.0,0,1,0,0,0,0,1,0,0,0,0,0,0,0,0,0,0,1,0,0
2959,fight club,1999.0,0,1,0,0,0,0,1,0,1,0,0,0,0,0,0,0,0,1,0,0
2961,story of us the,1999.0,0,0,0,0,0,1,0,0,1,0,0,0,0,0,0,0,0,0,0,0
2962,fever pitch,1997.0,0,0,0,0,0,1,0,0,0,0,0,0,0,0,0,1,0,0,0,0
2964,julien donkeyboy,1999.0,0,0,0,0,0,0,0,0,1,0,0,0,0,0,0,0,0,0,0,0
2965,omega code the,1999.0,0,1,0,0,0,0,0,0,0,0,0,0,0,0,0,0,0,0,0,0
2966,straight story the,1999.0,0,0,1,0,0,0,0,0,1,0,0,0,0,0,0,0,0,0,0,0
2967,bad seed the,1956.0,0,0,0,0,0,0,0,0,1,0,0,0,0,0,0,0,0,1,0,0
2968,time bandits,1981.0,0,0,1,0,0,1,0,0,0,1,0,0,0,0,0,0,1,0,0,0
2969,man and a woman a un homme et une femme,1966.0,0,0,0,0,0,0,0,0,1,0,0,0,0,0,0,1,0,0,0,0
2970,fitzcarraldo,1982.0,0,0,1,0,0,0,0,0,1,0,0,0,0,0,0,0,0,0,0,0
2971,all that jazz,1979.0,0,0,0,0,0,0,0,0,1,1,0,0,0,1,0,0,0,0,0,0
2972,red sorghum hong gao liang,1987.0,0,0,0,0,0,0,0,0,1,0,0,0,0,0,0,0,0,0,1,0
2973,crimes and misdemeanors,1989.0,0,0,0,0,0,1,1,0,1,0,0,0,0,0,0,0,0,0,0,0
2974,bats,1999.0,0,0,0,0,0,0,0,0,0,0,0,1,0,0,0,0,0,1,0,0
2975,best man the,1999.0,0,0,0,0,0,1,0,0,1,0,0,0,0,0,0,0,0,0,0,0
2976,bringing out the dead,1999.0,0,0,0,0,0,0,0,0,1,0,0,0,0,0,0,0,0,0,0,0
2977,crazy in alabama,1999.0,0,0,0,0,0,1,0,0,1,0,0,0,0,0,0,0,0,0,0,0
2978,three to tango,1999.0,0,0,0,0,0,1,0,0,0,0,0,0,0,0,0,1,0,0,0,0
2979,body shots,1999.0,0,0,0,0,0,0,0,0,1,0,0,0,0,0,0,0,0,0,0,0
2982,guardian the,1990.0,0,0,0,0,0,0,0,0,0,0,0,1,0,0,0,0,0,1,0,0
2983,ipcress file the,1965.0,0,0,0,0,0,0,0,0,0,0,0,0,0,0,0,0,0,1,0,0
2984,on any sunday,1971.0,0,0,0,0,0,0,0,1,0,0,0,0,0,0,0,0,0,0,0,0
2985,robocop,1987.0,0,1,0,0,0,0,1,0,1,0,0,0,0,0,0,0,1,1,0,0
2986,robocop 2,1990.0,0,1,0,0,0,0,1,0,0,0,0,0,0,0,0,0,1,1,0,0
2987,who framed roger rabbit,1988.0,0,0,1,1,1,1,1,0,0,1,0,0,0,0,1,0,0,0,0,0
2988,melvin and howard,1980.0,0,0,0,0,0,0,0,0,1,0,0,0,0,0,0,0,0,0,0,0
2989,for your eyes only,1981.0,0,1,1,0,0,0,0,0,0,0,0,0,0,0,0,0,0,1,0,0
2990,licence to kill,1989.0,0,1,1,0,0,0,0,0,0,0,0,0,0,0,0,0,0,1,0,0
2991,live and let die,1973.0,0,1,1,0,0,0,0,0,0,0,0,0,0,0,0,0,0,1,0,0
2992,rawhead rex,1986.0,0,0,0,0,0,0,0,0,0,0,0,1,0,0,0,0,0,1,0,0
2993,thunderball,1965.0,0,1,1,0,0,0,0,0,0,0,0,0,0,0,0,0,0,1,0,0
2995,house on haunted hill,1999.0,0,0,0,0,0,0,0,0,0,0,0,1,0,0,0,0,0,1,0,0
2996,music of the heart,1999.0,0,0,0,0,0,0,0,0,1,0,0,0,0,0,0,0,0,0,0,0
2997,being john malkovich,1999.0,0,0,0,0,0,1,0,0,1,1,0,0,0,0,0,0,0,0,0,0
3000,princess mononoke mononokehime,1997.0,0,1,1,1,0,0,0,0,1,1,0,0,0,0,0,0,0,0,0,0
3002,my best fiend mein liebster feind,1999.0,0,0,0,0,0,0,0,1,0,0,0,0,0,0,0,0,0,0,0,0
3003,train of life train de vie,1998.0,0,0,0,0,0,1,0,0,1,0,0,0,0,0,0,1,0,0,1,0
3004,bachelor the,1999.0,0,0,0,0,0,1,0,0,0,0,0,0,0,0,0,1,0,0,0,0
3005,bone collector the,1999.0,0,0,0,0,0,0,0,0,0,0,0,0,0,0,0,0,0,1,0,0
3006,insider the,1999.0,0,0,0,0,0,0,0,0,1,0,0,0,0,0,0,0,0,1,0,0
3007,american movie,1999.0,0,0,0,0,0,0,0,1,0,0,0,0,0,0,0,0,0,0,0,0
3008,last night,1998.0,0,0,0,0,0,0,0,0,1,0,0,0,0,0,0,0,1,0,0,0
3010,rosetta,1999.0,0,0,0,0,0,0,0,0,1,0,0,0,0,0,0,0,0,0,0,0
3011,they shoot horses dont they,1969.0,0,0,0,0,0,0,0,0,1,0,0,0,0,0,0,0,0,0,0,0
3013,bride of reanimator,1990.0,0,0,0,0,0,1,0,0,0,0,0,1,0,0,0,0,0,0,0,0
3014,bustin loose,1981.0,0,0,0,0,0,1,0,0,0,0,0,0,0,0,0,0,0,0,0,0
3015,coma,1978.0,0,0,0,0,0,0,0,0,0,0,0,0,0,0,0,0,0,1,0,0
3016,creepshow,1982.0,0,0,0,0,0,0,0,0,0,0,0,1,0,0,0,0,0,0,0,0
3017,creepshow 2,1987.0,0,0,0,0,0,0,0,0,0,0,0,1,0,0,0,0,0,0,0,0
3018,reanimator,1985.0,0,0,0,0,0,1,0,0,0,0,0,1,0,0,0,0,1,0,0,0
3019,drugstore cowboy,1989.0,0,0,0,0,0,0,1,0,1,0,0,0,0,0,0,0,0,0,0,0
3020,falling down,1993.0,0,1,0,0,0,0,0,0,1,0,0,0,0,0,0,0,0,0,0,0
3021,funhouse the,1981.0,0,0,0,0,0,0,0,0,0,0,0,1,0,0,0,0,0,0,0,0
3022,general the,1926.0,0,0,0,0,0,1,0,0,0,0,0,0,0,0,0,0,0,0,1,0
3024,piranha,1978.0,0,0,0,0,0,0,0,0,0,0,0,1,0,0,0,0,1,0,0,0
3028,taming of the shrew the,1967.0,0,0,0,0,0,1,0,0,0,0,0,0,0,0,0,0,0,0,0,0
3029,nighthawks,1981.0,0,1,0,0,0,0,0,0,1,0,0,0,0,0,0,0,0,0,0,0
3030,yojimbo,1961.0,0,1,1,0,0,0,0,0,0,0,0,0,0,0,0,0,0,0,0,0
3031,repossessed,1990.0,0,0,0,0,0,1,0,0,0,0,0,0,0,0,0,0,0,0,0,0
3032,omega man the,1971.0,0,1,0,0,0,0,0,0,1,0,0,0,0,0,0,0,1,1,0,0
3033,spaceballs,1987.0,0,0,0,0,0,1,0,0,0,0,0,0,0,0,0,0,1,0,0,0
3034,robin hood,1973.0,0,0,1,1,1,1,0,0,0,0,0,0,0,1,0,0,0,0,0,0
3035,mister roberts,1955.0,0,0,0,0,0,1,0,0,1,0,0,0,0,0,0,0,0,0,1,0
3036,quest for fire guerre du feu la,1981.0,0,0,1,0,0,0,0,0,1,0,0,0,0,0,0,0,0,0,0,0
3037,little big man,1970.0,0,0,0,0,0,0,0,0,0,0,0,0,0,0,0,0,0,0,0,1
3038,face in the crowd a,1957.0,0,0,0,0,0,0,0,0,1,0,0,0,0,0,0,0,0,0,0,0
3039,trading places,1983.0,0,0,0,0,0,1,0,0,0,0,0,0,0,0,0,0,0,0,0,0
3040,meatballs,1979.0,0,0,0,0,0,1,0,0,0,0,0,0,0,0,0,0,0,0,0,0
3041,meatballs part ii,1984.0,0,0,0,0,0,1,0,0,0,0,0,0,0,0,0,0,0,0,0,0
3042,meatballs iii,1987.0,0,0,0,0,0,1,0,0,0,0,0,0,0,0,0,0,0,0,0,0
3043,meatballs 4,1992.0,0,0,0,0,0,1,0,0,0,0,0,0,0,0,0,0,0,0,0,0
3044,dead again,1991.0,0,0,0,0,0,0,0,0,0,0,0,0,0,0,1,1,0,1,0,0
3045,peters friends,1992.0,0,0,0,0,0,1,0,0,1,0,0,0,0,0,0,0,0,0,0,0
3046,incredibly true adventure of two girls in love the,1995.0,0,0,0,0,0,1,0,0,0,0,0,0,0,0,0,1,0,0,0,0
3048,under the rainbow,1981.0,0,0,0,0,0,1,0,0,0,0,0,0,0,0,0,0,0,0,0,0
3051,anywhere but here,1999.0,0,0,0,0,0,1,0,0,1,0,0,0,0,0,0,0,0,0,0,0
3052,dogma,1999.0,0,0,1,0,0,1,0,0,0,1,0,0,0,0,0,0,0,0,0,0
3053,messenger the story of joan of arc the,1999.0,0,0,0,0,0,0,0,0,1,0,0,0,0,0,0,0,0,0,1,0
3054,pokémon the first movie,1998.0,0,0,1,1,1,0,0,0,0,1,0,0,0,0,0,0,1,0,0,0
3055,felicias journey,1999.0,0,0,0,0,0,0,0,0,0,0,0,0,0,0,0,0,0,1,0,0
3056,oxygen,1999.0,0,0,0,0,0,0,1,0,1,0,0,0,0,0,0,0,0,1,0,0
3057,wheres marlowe,1998.0,0,0,0,0,0,1,0,0,0,0,0,0,0,0,0,0,0,0,0,0
3060,commitments the,1991.0,0,0,0,0,0,1,0,0,1,0,0,0,0,1,0,0,0,0,0,0
3061,holiday inn,1942.0,0,0,0,0,0,1,0,0,0,0,0,0,0,1,0,0,0,0,0,0
3062,longest day the,1962.0,0,1,0,0,0,0,0,0,1,0,0,0,0,0,0,0,0,0,1,0
3063,poison ivy,1992.0,0,0,0,0,0,0,0,0,1,0,0,0,0,0,0,0,0,1,0,0
3064,poison ivy new seduction,1997.0,0,0,0,0,0,0,0,0,1,0,0,0,0,0,0,0,0,1,0,0
3066,tora tora tora,1970.0,0,1,0,0,0,0,0,0,1,0,0,0,0,0,0,0,0,0,1,0
3067,women on the verge of a nervous breakdown mujeres al borde de un ataque de nervios,1988.0,0,0,0,0,0,1,0,0,1,0,0,0,0,0,0,0,0,0,0,0
3068,verdict the,1982.0,0,0,0,0,0,0,0,0,1,0,0,0,0,0,1,0,0,0,0,0
3070,adventures of buckaroo banzai across the 8th dimension the,1984.0,0,0,1,0,0,1,0,0,0,0,0,0,0,0,0,0,1,0,0,0
3071,stand and deliver,1988.0,0,0,0,0,0,1,0,0,1,0,0,0,0,0,0,0,0,0,0,0
3072,moonstruck,1987.0,0,0,0,0,0,1,0,0,0,0,0,0,0,0,0,1,0,0,0,0
3073,sandpiper the,1965.0,0,0,0,0,0,0,0,0,1,0,0,0,0,0,0,1,0,0,0,0
3074,jeremiah johnson,1972.0,0,0,0,0,0,0,0,0,0,0,0,0,0,0,0,0,0,0,0,1
3075,repulsion,1965.0,0,0,0,0,0,0,0,0,1,0,0,1,0,0,0,0,0,0,0,0
3076,irma la douce,1963.0,0,0,0,0,0,1,0,0,0,0,0,0,0,0,0,0,0,0,0,0
3077,42 up,1998.0,0,0,0,0,0,0,0,1,0,0,0,0,0,0,0,0,0,0,0,0
3078,liberty heights,1999.0,0,0,0,0,0,0,0,0,1,0,0,0,0,0,0,0,0,0,0,0
3079,mansfield park,1999.0,0,0,0,0,0,1,0,0,1,0,0,0,0,0,0,1,0,0,0,0
3081,sleepy hollow,1999.0,0,0,0,0,0,0,0,0,0,1,0,1,0,0,1,1,0,0,0,0
3082,world is not enough the,1999.0,0,1,1,0,0,0,0,0,0,0,0,0,0,0,0,0,0,1,0,0
3083,all about my mother todo sobre mi madre,1999.0,0,0,0,0,0,0,0,0,1,0,0,0,0,0,0,0,0,0,0,0
3086,babes in toyland,1934.0,0,0,0,0,1,1,0,0,0,1,0,0,0,1,0,0,0,0,0,0
3087,scrooged,1988.0,0,0,0,0,0,1,0,0,0,1,0,0,0,0,0,1,0,0,0,0
3088,harvey,1950.0,0,0,0,0,0,1,0,0,0,1,0,0,0,0,0,0,0,0,0,0
3089,bicycle thieves aka the bicycle thief aka the bicycle thieves ladri di biciclette,1948.0,0,0,0,0,0,0,0,0,1,0,0,0,0,0,0,0,0,0,0,0
3090,matewan,1987.0,0,0,0,0,0,0,0,0,1,0,0,0,0,0,0,0,0,0,0,0
3091,kagemusha,1980.0,0,0,0,0,0,0,0,0,1,0,0,0,0,0,0,0,0,0,1,0
3093,mccabe  mrs miller,1971.0,0,0,0,0,0,0,0,0,1,0,0,0,0,0,0,0,0,0,0,1
3094,maurice,1987.0,0,0,0,0,0,0,0,0,1,0,0,0,0,0,0,1,0,0,0,0
3095,grapes of wrath the,1940.0,0,0,0,0,0,0,0,0,1,0,0,0,0,0,0,0,0,0,0,0
3096,my man godfrey,1957.0,0,0,0,0,0,1,0,0,0,0,0,0,0,0,0,0,0,0,0,0
3097,shop around the corner the,1940.0,0,0,0,0,0,1,0,0,1,0,0,0,0,0,0,1,0,0,0,0
3098,natural the,1984.0,0,0,0,0,0,0,0,0,1,0,0,0,0,0,0,0,0,0,0,0
3099,shampoo,1975.0,0,0,0,0,0,1,0,0,1,0,0,0,0,0,0,1,0,0,0,0
3100,river runs through it a,1992.0,0,0,0,0,0,0,0,0,1,0,0,0,0,0,0,0,0,0,0,0
3101,fatal attraction,1987.0,0,0,0,0,0,0,0,0,1,0,0,0,0,0,0,0,0,1,0,0
3102,jagged edge,1985.0,0,0,0,0,0,0,1,0,0,0,0,0,0,0,0,1,0,1,0,0
3103,stanley  iris,1990.0,0,0,0,0,0,0,0,0,1,0,0,0,0,0,0,1,0,0,0,0
3104,midnight run,1988.0,0,1,0,0,0,1,1,0,0,0,0,0,0,0,0,0,0,1,0,0
3105,awakenings,1990.0,0,0,0,0,0,0,0,0,1,0,0,0,0,0,1,0,0,0,0,0
3106,come see the paradise,1990.0,0,0,0,0,0,0,0,0,1,0,0,0,0,0,0,1,0,0,0,0
3107,backdraft,1991.0,0,1,0,0,0,0,0,0,1,0,0,0,0,0,0,0,0,0,0,0
3108,fisher king the,1991.0,0,0,0,0,0,1,0,0,1,1,0,0,0,0,0,1,0,0,0,0
3109,river the,1984.0,0,0,0,0,0,0,0,0,1,0,0,0,0,0,0,0,0,0,0,0
3111,places in the heart,1984.0,0,0,0,0,0,0,0,0,1,0,0,0,0,0,0,0,0,0,0,0
3112,night mother,1986.0,0,0,0,0,0,0,0,0,1,0,0,0,0,0,0,0,0,0,0,0
3113,end of days,1999.0,0,1,0,0,0,0,0,0,0,1,0,1,0,0,1,0,0,1,0,0
3114,toy story 2,1999.0,0,0,1,1,1,1,0,0,0,1,0,0,0,0,0,0,0,0,0,0
3115,flawless,1999.0,0,0,0,0,0,0,0,0,1,0,0,0,0,0,0,0,0,0,0,0
3117,ride with the devil,1999.0,0,0,0,0,0,0,0,0,1,0,0,0,0,0,0,1,0,0,1,0
3120,distinguished gentleman the,1992.0,0,0,0,0,0,1,0,0,0,0,0,0,0,0,0,0,0,0,0,0
3125,end of the affair the,1999.0,0,0,0,0,0,0,0,0,1,0,0,0,0,0,0,0,0,0,0,0
3127,holy smoke,1999.0,0,0,0,0,0,1,0,0,1,0,0,0,0,0,0,0,0,0,0,0
3129,sweet and lowdown,1999.0,0,0,0,0,0,1,0,0,1,0,0,0,0,0,0,0,0,0,0,0
3130,bonfire of the vanities,1990.0,0,0,0,0,0,1,1,0,1,0,0,0,0,0,0,0,0,0,0,0
3132,daddy long legs,1919.0,0,0,0,0,0,1,0,0,1,0,0,0,0,0,0,0,0,0,0,0
3134,grand illusion la grande illusion,1937.0,0,0,0,0,0,0,0,0,1,0,0,0,0,0,0,0,0,0,1,0
3135,great santini the,1979.0,0,0,0,0,0,0,0,0,1,0,0,0,0,0,0,0,0,0,0,0
3138,stealing home,1988.0,0,0,0,0,0,0,0,0,1,0,0,0,0,0,0,0,0,0,0,0
3141,two jakes the,1990.0,0,0,0,0,0,0,0,0,1,0,0,0,0,0,0,0,0,0,0,0
3142,u2 rattle and hum,1988.0,0,0,0,0,0,0,0,1,0,0,0,0,0,1,0,0,0,0,0,0
3143,hell in the pacific,1968.0,0,0,0,0,0,0,0,0,1,0,0,0,0,0,0,0,0,0,1,0
3145,cradle will rock,1999.0,0,0,0,0,0,0,0,0,1,0,0,0,0,0,0,0,0,0,0,0
3146,deuce bigalow male gigolo,1999.0,0,0,0,0,0,1,0,0,0,0,0,0,0,0,0,0,0,0,0,0
3147,green mile the,1999.0,0,0,0,0,0,0,1,0,1,0,0,0,0,0,0,0,0,0,0,0
3148,cider house rules the,1999.0,0,0,0,0,0,0,0,0,1,0,0,0,0,0,0,0,0,0,0,0
3150,war zone the,1999.0,0,0,0,0,0,0,0,0,1,0,0,0,0,0,0,0,0,1,0,0
3152,last picture show the,1971.0,0,0,0,0,0,0,0,0,1,0,0,0,0,0,0,0,0,0,0,0
3153,7th voyage of sinbad the,1958.0,0,1,1,0,0,0,0,0,0,1,0,0,0,0,0,0,0,0,0,0
3155,anna and the king,1999.0,0,0,0,0,0,0,0,0,1,0,0,0,0,0,0,1,0,0,0,0
3156,bicentennial man,1999.0,0,0,0,0,0,0,0,0,1,0,0,0,0,0,0,1,1,0,0,0
3157,stuart little,1999.0,0,0,0,0,1,1,0,0,0,1,0,0,0,0,0,0,0,0,0,0
3158,emperor and the assassin the jing ke ci qin wang,1999.0,0,0,0,0,0,0,0,0,1,0,0,0,0,0,0,0,0,0,0,0
3159,fantasia 2000,1999.0,0,0,0,1,1,0,0,0,0,0,0,0,1,1,0,0,0,0,0,0
3160,magnolia,1999.0,0,0,0,0,0,0,0,0,1,0,0,0,0,0,0,0,0,0,0,0
3161,onegin,1999.0,0,0,0,0,0,0,0,0,1,0,0,0,0,0,0,1,0,0,0,0
3162,simpatico,1999.0,0,0,0,0,0,1,0,0,1,0,0,0,0,0,0,0,0,0,0,0
3163,topsyturvy,1999.0,0,0,0,0,0,1,0,0,1,0,0,0,0,1,0,0,0,0,0,0
3165,boiling point,1993.0,0,1,0,0,0,0,0,0,1,0,0,0,0,0,0,0,0,0,0,0
3167,carnal knowledge,1971.0,0,0,0,0,0,1,0,0,1,0,0,0,0,0,0,0,0,0,0,0
3168,easy rider,1969.0,0,0,1,0,0,0,0,0,1,0,0,0,0,0,0,0,0,0,0,0
3169,the falcon and the snowman,1985.0,0,0,0,0,0,0,1,0,1,0,0,0,0,0,0,0,0,1,0,0
3171,room at the top,1959.0,0,0,0,0,0,0,0,0,1,0,0,0,0,0,0,0,0,0,0,0
3173,any given sunday,1999.0,0,0,0,0,0,0,0,0,1,0,0,0,0,0,0,0,0,0,0,0
3174,man on the moon,1999.0,0,0,0,0,0,1,0,0,1,0,0,0,0,0,0,0,0,0,0,0
3175,galaxy quest,1999.0,0,0,1,0,0,1,0,0,0,0,0,0,0,0,0,0,1,0,0,0
3176,talented mr ripley the,1999.0,0,0,0,0,0,0,0,0,1,0,0,0,0,0,1,0,0,1,0,0
3177,next friday,2000.0,0,0,0,0,0,1,0,0,0,0,0,0,0,0,0,0,0,0,0,0
3178,hurricane the,1999.0,0,0,0,0,0,0,0,0,1,0,0,0,0,0,0,0,0,0,0,0
3179,angelas ashes,1999.0,0,0,0,0,0,0,0,0,1,0,0,0,0,0,0,0,0,0,0,0
3181,titus,1999.0,0,0,0,0,0,0,0,0,1,0,0,0,0,0,0,0,0,0,0,0
3182,mr death the rise and fall of fred a leuchter jr,1999.0,0,0,0,0,0,0,0,1,0,0,0,0,0,0,0,0,0,0,0,0
3183,third miracle the,1999.0,0,0,0,0,0,0,0,0,1,0,0,0,0,0,0,0,0,0,0,0
3185,snow falling on cedars,1999.0,0,0,0,0,0,0,0,0,1,0,0,0,0,0,0,0,0,0,0,0
3186,girl interrupted,1999.0,0,0,0,0,0,0,0,0,1,0,0,0,0,0,0,0,0,0,0,0
3189,my dog skip,1999.0,0,0,0,0,1,0,0,0,1,0,0,0,0,0,0,0,0,0,0,0
3190,supernova,2000.0,0,0,1,0,0,0,0,0,0,0,0,0,0,0,0,0,1,1,0,0
3192,terrorist the aka malli theeviravaathi,1998.0,0,0,0,0,0,0,0,0,1,0,0,0,0,0,0,0,0,0,0,0
3194,way we were the,1973.0,0,0,0,0,0,0,0,0,1,0,0,0,0,0,0,1,0,0,0,0
3196,stalag 17,1953.0,0,0,0,0,0,0,0,0,1,0,0,0,0,0,0,0,0,0,1,0
3197,presidio the,1988.0,0,1,0,0,0,0,1,0,0,0,0,0,0,0,0,1,0,1,0,0
3198,papillon,1973.0,0,0,0,0,0,0,1,0,1,0,0,0,0,0,0,0,0,0,0,0
3200,last detail the,1973.0,0,0,0,0,0,1,0,0,1,0,0,0,0,0,0,0,0,0,0,0
3201,five easy pieces,1970.0,0,0,0,0,0,0,0,0,1,0,0,0,0,0,0,0,0,0,0,0
3203,dead calm,1989.0,0,0,0,0,0,0,0,0,0,0,0,0,0,0,0,0,0,1,0,0
3204,boys from brazil the,1978.0,0,1,0,0,0,0,0,0,0,0,0,0,0,0,1,0,0,1,0,0
3206,against all odds,1984.0,0,0,0,0,0,0,0,0,0,0,0,0,0,0,0,1,0,0,0,0
3208,loaded weapon 1 national lampoons loaded weapon 1,1993.0,0,1,0,0,0,1,0,0,0,0,0,0,0,0,0,0,0,0,0,0
3210,fast times at ridgemont high,1982.0,0,0,0,0,0,1,0,0,1,0,0,0,0,0,0,1,0,0,0,0
3211,cry in the dark a,1988.0,0,0,0,0,0,0,0,0,1,0,0,0,0,0,0,0,0,0,0,0
3213,batman mask of the phantasm,1993.0,0,0,0,1,1,0,0,0,0,0,0,0,0,0,0,0,0,0,0,0
3214,american flyers,1985.0,0,0,0,0,0,0,0,0,1,0,0,0,0,0,0,0,0,0,0,0
3217,star is born a,1937.0,0,0,0,0,0,0,0,0,1,0,0,0,0,0,0,0,0,0,0,0
3219,pacific heights,1990.0,0,0,0,0,0,0,0,0,0,0,0,0,0,0,1,0,0,1,0,0
3221,draughtsmans contract the,1982.0,0,0,0,0,0,0,0,0,1,0,0,0,0,0,0,0,0,0,0,0
3223,zed  two noughts a,1985.0,0,0,0,0,0,0,0,0,1,0,0,0,0,0,0,0,0,0,0,0
3224,woman in the dunes suna no onna,1964.0,0,0,0,0,0,0,0,0,1,0,0,0,0,0,0,0,0,0,0,0
3225,down to you,2000.0,0,0,0,0,0,1,0,0,0,0,0,0,0,0,0,1,0,0,0,0
3230,odessa file the,1974.0,0,0,0,0,0,0,0,0,0,0,0,0,0,0,0,0,0,1,0,0
3235,where the buffalo roam,1980.0,0,0,0,0,0,1,0,0,0,0,0,0,0,0,0,0,0,0,0,0
3238,eye of the beholder,1999.0,0,0,0,0,0,0,0,0,0,0,0,0,0,0,0,0,0,1,0,0
3240,big tease the,1999.0,0,0,0,0,0,1,0,0,0,0,0,0,0,0,0,0,0,0,0,0
3241,cup the phörpa,1999.0,0,0,0,0,0,1,0,0,0,0,0,0,0,0,0,0,0,0,0,0
3243,encino man,1992.0,0,0,0,0,0,1,0,0,0,0,0,0,0,0,0,0,0,0,0,0
3244,goodbye girl the,1977.0,0,0,0,0,0,1,0,0,0,0,0,0,0,0,0,1,0,0,0,0
3246,malcolm x,1992.0,0,0,0,0,0,0,0,0,1,0,0,0,0,0,0,0,0,0,0,0
3247,sister act,1992.0,0,0,0,0,0,1,1,0,0,0,0,0,0,0,0,0,0,0,0,0
3248,sister act 2 back in the habit,1993.0,0,0,0,0,0,1,0,0,0,0,0,0,0,0,0,0,0,0,0,0
3249,hand that rocks the cradle the,1992.0,0,0,0,0,0,0,0,0,1,0,0,0,0,0,0,0,0,1,0,0
3250,alive,1993.0,0,0,0,0,0,0,0,0,1,0,0,0,0,0,0,0,0,0,0,0
3251,agnes of god,1985.0,0,0,0,0,0,0,0,0,1,0,0,0,0,0,1,0,0,0,0,0
3252,scent of a woman,1992.0,0,0,0,0,0,0,0,0,1,0,0,0,0,0,0,0,0,0,0,0
3253,waynes world,1992.0,0,0,0,0,0,1,0,0,0,0,0,0,0,0,0,0,0,0,0,0
3254,waynes world 2,1993.0,0,0,0,0,0,1,0,0,0,0,0,0,0,0,0,0,0,0,0,0
3255,league of their own a,1992.0,0,0,0,0,0,1,0,0,1,0,0,0,0,0,0,0,0,0,0,0
3256,patriot games,1992.0,0,1,0,0,0,0,1,0,1,0,0,0,0,0,0,0,0,1,0,0
3257,bodyguard the,1992.0,0,0,0,0,0,0,0,0,1,0,0,0,0,0,0,1,0,1,0,0
3258,death becomes her,1992.0,0,0,0,0,0,1,0,0,0,1,0,0,0,0,0,0,0,0,0,0
3259,far and away,1992.0,0,0,1,0,0,0,0,0,1,0,0,0,0,0,0,1,0,0,0,0
3260,howards end,1992.0,0,0,0,0,0,0,0,0,1,0,0,0,0,0,0,0,0,0,0,0
3261,singles,1992.0,0,0,0,0,0,1,0,0,1,0,0,0,0,0,0,1,0,0,0,0
3262,twin peaks fire walk with me,1992.0,0,0,0,0,0,0,1,0,1,0,0,0,0,0,1,0,0,1,0,0
3263,white men cant jump,1992.0,0,0,0,0,0,1,0,0,1,0,0,0,0,0,0,0,0,0,0,0
3264,buffy the vampire slayer,1992.0,0,1,0,0,0,1,0,0,0,0,0,1,0,0,0,0,0,0,0,0
3265,hardboiled lat sau san taam,1992.0,0,1,0,0,0,0,1,0,1,0,0,0,0,0,0,0,0,1,0,0
3266,man bites dog cest arrivé près de chez vous,1992.0,0,0,0,0,0,1,1,0,1,0,0,0,0,0,0,0,0,1,0,0
3267,mariachi el,1992.0,0,1,0,0,0,0,1,0,0,0,0,0,0,0,0,0,0,1,0,1
3268,stop or my mom will shoot,1992.0,0,1,0,0,0,1,0,0,0,0,0,0,0,0,0,0,0,0,0,0
3269,forever young,1992.0,0,0,0,0,0,0,0,0,1,0,0,0,0,0,0,1,1,0,0,0
3270,cutting edge the,1992.0,0,0,0,0,0,1,0,0,1,0,0,0,0,0,0,1,0,0,0,0
3271,of mice and men,1992.0,0,0,0,0,0,0,0,0,1,0,0,0,0,0,0,0,0,0,0,0
3272,bad lieutenant,1992.0,0,0,0,0,0,0,1,0,1,0,0,0,0,0,0,0,0,0,0,0
3273,scream 3,2000.0,0,0,0,0,0,1,0,0,0,0,0,1,0,0,1,0,0,1,0,0
3274,single white female,1992.0,0,0,0,0,0,0,0,0,1,0,0,0,0,0,0,0,0,1,0,0
3275,boondock saints the,2000.0,0,1,0,0,0,0,1,0,1,0,0,0,0,0,0,0,0,1,0,0
3276,gun shy,2000.0,0,0,0,0,0,1,0,0,0,0,0,0,0,0,0,0,0,0,0,0
3280,baby the,1973.0,0,0,0,0,0,0,0,0,0,0,0,1,0,0,0,0,0,0,0,0
3281,brandon teena story the,1998.0,0,0,0,0,0,0,0,1,0,0,0,0,0,0,0,0,0,0,0,0
3283,minnie and moskowitz,1971.0,0,1,0,0,0,0,0,0,0,0,0,0,0,0,0,0,0,0,0,0
3284,they might be giants,1971.0,0,0,0,0,0,1,0,0,0,0,0,0,0,0,1,1,0,0,0,0
3285,beach the,2000.0,0,0,1,0,0,0,0,0,1,0,0,0,0,0,0,0,0,0,0,0
3286,snow day,2000.0,0,0,0,0,0,1,0,0,0,0,0,0,0,0,0,0,0,0,0,0
3287,tigger movie the,2000.0,0,0,0,1,1,0,0,0,0,0,0,0,0,0,0,0,0,0,0,0
3289,not one less yi ge dou bu neng shao,1999.0,0,0,0,0,0,0,0,0,1,0,0,0,0,0,0,0,0,0,0,0
3294,eaten alive,1977.0,0,0,0,0,0,0,0,0,0,0,0,1,0,0,0,0,0,0,0,0
3295,raining stones,1993.0,0,0,0,0,0,0,0,0,1,0,0,0,0,0,0,0,0,0,0,0
3296,to sir with love,1967.0,0,0,0,0,0,0,0,0,1,0,0,0,0,0,0,0,0,0,0,0
3298,boiler room,2000.0,0,0,0,0,0,0,1,0,1,0,0,0,0,0,0,0,0,1,0,0
3299,hanging up,2000.0,0,0,0,0,0,1,0,0,1,0,0,0,0,0,0,0,0,0,0,0
3300,pitch black,2000.0,0,0,0,0,0,0,0,0,0,0,0,1,0,0,0,0,1,1,0,0
3301,whole nine yards the,2000.0,0,0,0,0,0,1,1,0,0,0,0,0,0,0,0,0,0,0,0,0
3302,beautiful people,1999.0,0,0,0,0,0,1,0,0,0,0,0,0,0,0,0,0,0,0,0,0
3303,black tar heroin the dark end of the street,2000.0,0,0,0,0,0,0,0,1,0,0,0,0,0,0,0,0,0,0,0,0
3306,circus the,1928.0,0,0,0,0,0,1,0,0,0,0,0,0,0,0,0,0,0,0,0,0
3307,city lights,1931.0,0,0,0,0,0,1,0,0,1,0,0,0,0,0,0,1,0,0,0,0
3308,flamingo kid the,1984.0,0,0,0,0,0,1,0,0,1,0,0,0,0,0,0,0,0,0,0,0
3310,kid the,1921.0,0,0,0,0,0,1,0,0,1,0,0,0,0,0,0,0,0,0,0,0
3313,class reunion,1982.0,0,0,0,0,0,1,0,0,0,0,0,0,0,0,0,0,0,0,0,0
3315,happy go lovely,1951.0,0,0,0,0,0,0,0,0,0,0,0,0,0,1,0,0,0,0,0,0
3316,reindeer games,2000.0,0,1,0,0,0,0,0,0,0,0,0,0,0,0,0,0,0,1,0,0
3317,wonder boys,2000.0,0,0,0,0,0,1,0,0,1,0,0,0,0,0,0,0,0,0,0,0
3323,chain of fools,2000.0,0,0,0,0,0,1,1,0,0,0,0,0,0,0,0,0,0,0,0,0
3324,drowning mona,2000.0,0,0,0,0,0,1,0,0,0,0,0,0,0,0,0,0,0,0,0,0
3325,next best thing the,2000.0,0,0,0,0,0,1,0,0,1,0,0,0,0,0,0,0,0,0,0,0
3326,what planet are you from,2000.0,0,0,0,0,0,1,0,0,0,0,0,0,0,0,0,0,1,0,0,0
3327,beyond the mat,1999.0,0,0,0,0,0,0,0,1,0,0,0,0,0,0,0,0,0,0,0,0
3328,ghost dog the way of the samurai,1999.0,0,0,0,0,0,0,1,0,1,0,0,0,0,0,0,0,0,0,0,0
3329,the year my voice broke,1987.0,0,0,0,0,0,0,0,0,1,0,0,0,0,0,0,1,0,0,0,0
3330,splendor in the grass,1961.0,0,0,0,0,0,0,0,0,1,0,0,0,0,0,0,1,0,0,0,0
3331,my tutor,1983.0,0,0,0,0,0,0,0,0,1,0,0,0,0,0,0,0,0,0,0,0
3334,key largo,1948.0,0,0,0,0,0,0,1,0,1,0,1,0,0,0,0,0,0,1,0,0
3338,for all mankind,1989.0,0,0,0,0,0,0,0,1,0,0,0,0,0,0,0,0,0,0,0,0
3341,born yesterday,1950.0,0,0,0,0,0,1,0,0,0,0,0,0,0,0,0,0,0,0,0,0
3342,birdy,1984.0,0,0,0,0,0,0,0,0,1,0,0,0,0,0,0,0,0,0,1,0
3344,blood feast,1963.0,0,0,0,0,0,0,0,0,0,0,0,1,0,0,0,0,0,0,0,0
3345,charlie the lonesome cougar,1967.0,0,0,1,0,1,0,0,0,0,0,0,0,0,0,0,0,0,0,0,0
3347,never cry wolf,1983.0,0,0,1,0,0,0,0,0,1,0,0,0,0,0,0,0,0,0,0,0
3350,raisin in the sun a,1961.0,0,0,0,0,0,0,0,0,1,0,0,0,0,0,0,0,0,0,0,0
3353,closer you get the,2000.0,0,0,0,0,0,1,0,0,0,0,0,0,0,0,0,1,0,0,0,0
3354,mission to mars,2000.0,0,0,0,0,0,0,0,0,0,0,0,0,0,0,0,0,1,0,0,0
3355,ninth gate the,1999.0,0,0,0,0,0,0,0,0,0,1,0,1,0,0,1,0,0,1,0,0
3357,eastwest estouest,1999.0,0,0,0,0,0,0,0,0,1,0,0,0,0,0,0,1,0,0,0,0
3358,defending your life,1991.0,0,0,0,0,0,1,0,0,1,1,0,0,0,0,0,1,0,0,0,0
3359,breaking away,1979.0,0,0,0,0,0,1,0,0,1,0,0,0,0,0,0,0,0,0,0,0
3360,hoosiers aka best shot,1986.0,0,0,0,0,0,0,0,0,1,0,0,0,0,0,0,1,0,0,0,0
3361,bull durham,1988.0,0,0,0,0,0,1,0,0,1,0,0,0,0,0,0,1,0,0,0,0
3362,dog day afternoon,1975.0,0,0,0,0,0,0,1,0,1,0,0,0,0,0,0,0,0,0,0,0
3363,american graffiti,1973.0,0,0,0,0,0,1,0,0,1,0,0,0,0,0,0,0,0,0,0,0
3364,asphalt jungle the,1950.0,0,0,0,0,0,0,1,0,0,0,1,0,0,0,0,0,0,0,0,0
3365,searchers the,1956.0,0,0,0,0,0,0,0,0,1,0,0,0,0,0,0,0,0,0,0,1
3368,big country the,1958.0,0,0,0,0,0,0,0,0,0,0,0,0,0,0,0,1,0,0,0,1
3370,betrayed,1988.0,0,0,0,0,0,0,0,0,1,0,0,0,0,0,0,0,0,1,0,0
3372,bridge at remagen the,1969.0,0,1,0,0,0,0,0,0,0,0,0,0,0,0,0,0,0,0,1,0
3374,daughters of the dust,1991.0,0,0,0,0,0,0,0,0,1,0,0,0,0,0,0,0,0,0,0,0
3378,ogre the unhold der,1996.0,0,0,0,0,0,0,0,0,1,0,0,0,0,0,0,0,0,0,0,0
3379,on the beach,1959.0,0,0,0,0,0,0,0,0,1,0,0,0,0,0,0,0,0,0,0,0
3384,taking of pelham one two three the,1974.0,0,1,0,0,0,0,1,0,0,0,0,0,0,0,0,0,0,0,0,0
3385,volunteers,1985.0,0,0,0,0,0,1,0,0,0,0,0,0,0,0,0,0,0,0,0,0
3386,jfk,1991.0,0,0,0,0,0,0,0,0,1,0,0,0,0,0,1,0,0,1,0,0
3387,whos harry crumb,1989.0,0,0,0,0,0,1,0,0,0,0,0,0,0,0,1,0,0,0,0,0
3388,harry and the hendersons,1987.0,0,0,0,0,1,1,0,0,0,0,0,0,0,0,0,0,0,0,0,0
3389,lets get harry,1986.0,0,1,1,0,0,0,0,0,0,0,0,0,0,0,0,0,0,0,0,0
3390,shanghai surprise,1986.0,0,0,1,0,0,0,1,0,1,0,0,0,0,0,0,1,0,0,0,0
3391,whos that girl,1987.0,0,0,0,0,0,1,0,0,0,0,0,0,0,0,0,0,0,0,0,0
3392,shedevil,1989.0,0,0,0,0,0,1,0,0,0,0,0,0,0,0,0,0,0,0,0,0
3393,date with an angel,1987.0,0,0,0,0,0,1,0,0,0,1,0,0,0,0,0,1,0,0,0,0
3394,blind date,1987.0,0,0,0,0,0,1,0,0,0,0,0,0,0,0,0,1,0,0,0,0
3395,nadine,1987.0,0,0,0,0,0,1,0,0,0,0,0,0,0,0,0,0,0,0,0,0
3396,muppet movie the,1979.0,0,0,1,0,1,1,0,0,0,0,0,0,0,1,0,0,0,0,0,0
3397,great muppet caper the,1981.0,0,0,0,0,1,1,0,0,0,0,0,0,0,0,0,0,0,0,0,0
3398,muppets take manhattan the,1984.0,0,0,0,0,1,1,0,0,0,0,0,0,0,1,0,0,0,0,0,0
3400,were back a dinosaurs story,1993.0,0,0,1,1,1,0,0,0,0,1,0,0,0,0,0,0,0,0,0,0
3401,baby secret of the lost legend,1985.0,0,0,1,0,0,0,0,0,0,0,0,0,0,0,0,0,1,0,0,0
3402,turtle diary,1985.0,0,0,0,0,0,1,0,0,1,0,0,0,0,0,0,1,0,0,0,0
3403,raise the titanic,1980.0,0,0,0,0,0,0,0,0,1,0,0,0,0,0,0,0,0,1,0,0
3404,titanic,1953.0,0,1,0,0,0,0,0,0,1,0,0,0,0,0,0,0,0,0,0,0
3405,night to remember a,1958.0,0,1,0,0,0,0,0,0,1,0,0,0,0,0,0,0,0,0,0,0
3406,captain horatio hornblower rn,1951.0,0,1,1,0,0,0,0,0,1,0,0,0,0,0,0,0,0,0,1,0
3408,erin brockovich,2000.0,0,0,0,0,0,0,0,0,1,0,0,0,0,0,0,0,0,0,0,0
3409,final destination,2000.0,0,0,0,0,0,0,0,0,1,0,0,0,0,0,0,0,0,1,0,0
3410,soft fruit,1999.0,0,0,0,0,0,1,0,0,1,0,0,0,0,0,0,0,0,0,0,0
3412,bear the ours l,1988.0,0,0,1,0,1,0,0,0,1,0,0,0,0,0,0,0,0,0,0,0
3414,love is a manysplendored thing,1955.0,0,0,0,0,0,0,0,0,1,0,0,0,0,0,0,1,0,0,1,0
3415,mirror the zerkalo,1975.0,0,0,0,0,0,0,0,0,1,0,0,0,0,0,0,0,0,0,0,0
3417,crimson pirate the,1952.0,0,0,1,0,0,1,0,0,0,0,0,0,0,0,0,0,0,0,0,0
3418,thelma  louise,1991.0,0,0,1,0,0,0,1,0,1,0,0,0,0,0,0,0,0,0,0,0
3420,and justice for all,1979.0,0,0,0,0,0,0,0,0,1,0,0,0,0,0,0,0,0,1,0,0
3421,animal house,1978.0,0,0,0,0,0,1,0,0,0,0,0,0,0,0,0,0,0,0,0,0
3422,shes gotta have it,1986.0,0,0,0,0,0,1,0,0,0,0,0,0,0,0,0,1,0,0,0,0
3423,school daze,1988.0,0,0,0,0,0,0,0,0,1,0,0,0,0,0,0,0,0,0,0,0
3424,do the right thing,1989.0,0,0,0,0,0,0,0,0,1,0,0,0,0,0,0,0,0,0,0,0
3425,mo better blues,1990.0,0,0,0,0,0,0,0,0,1,0,0,0,0,1,0,0,0,0,0,0
3426,jungle fever,1991.0,0,0,0,0,0,0,0,0,1,0,0,0,0,0,0,1,0,0,0,0
3428,champ the,1979.0,0,0,0,0,0,0,0,0,1,0,0,0,0,0,0,0,0,0,0,0
3429,creature comforts,1989.0,0,0,0,1,0,1,0,0,0,0,0,0,0,0,0,0,0,0,0,0
3430,death wish,1974.0,0,1,0,0,0,0,1,0,1,0,0,0,0,0,0,0,0,0,0,0
3431,death wish 2,1982.0,0,1,0,0,0,0,0,0,1,0,0,0,0,0,0,0,0,0,0,0
3432,death wish 3,1985.0,0,1,0,0,0,0,0,0,1,0,0,0,0,0,0,0,0,0,0,0
3433,death wish 4 the crackdown,1987.0,0,1,0,0,0,0,0,0,1,0,0,0,0,0,0,0,0,0,0,0
3434,death wish 5 the face of death,1994.0,0,1,0,0,0,0,0,0,1,0,0,0,0,0,0,0,0,0,0,0
3435,double indemnity,1944.0,0,0,0,0,0,0,1,0,1,0,1,0,0,0,0,0,0,0,0,0
3436,dying young,1991.0,0,0,0,0,0,0,0,0,1,0,0,0,0,0,0,1,0,0,0,0
3438,teenage mutant ninja turtles,1990.0,0,1,0,0,1,1,0,0,0,1,0,0,0,0,0,0,1,0,0,0
3439,teenage mutant ninja turtles ii the secret of the ooze,1991.0,0,1,0,0,1,0,0,0,0,1,0,0,0,0,0,0,0,0,0,0
3440,teenage mutant ninja turtles iii,1993.0,0,1,1,0,1,1,0,0,0,1,0,0,0,0,0,0,0,0,0,0
3441,red dawn,1984.0,0,1,0,0,0,0,0,0,1,0,0,0,0,0,0,0,0,0,1,0
3442,band of the hand,1986.0,0,1,0,0,0,0,1,0,1,0,0,0,0,0,0,0,0,0,0,0
3444,bloodsport,1988.0,0,1,0,0,0,0,0,0,0,0,0,0,0,0,0,0,0,0,0,0
3445,eyes of laura mars,1978.0,0,0,0,0,0,0,0,0,0,0,0,0,0,0,1,0,0,1,0,0
3446,funny bones,1995.0,0,0,0,0,0,1,0,0,1,0,0,0,0,0,0,0,0,0,0,0
3447,good earth the,1937.0,0,0,0,0,0,0,0,0,1,0,0,0,0,0,0,0,0,0,0,0
3448,good morning vietnam,1987.0,0,0,0,0,0,1,0,0,1,0,0,0,0,0,0,0,0,0,1,0
3449,good mother the,1988.0,0,0,0,0,0,0,0,0,1,0,0,0,0,0,0,0,0,0,0,0
3450,grumpy old men,1993.0,0,0,0,0,0,1,0,0,0,0,0,0,0,0,0,0,0,0,0,0
3451,guess whos coming to dinner,1967.0,0,0,0,0,0,0,0,0,1,0,0,0,0,0,0,0,0,0,0,0
3452,romeo must die,2000.0,0,1,0,0,0,0,1,0,0,0,0,0,0,0,0,1,0,1,0,0
3453,here on earth,2000.0,0,0,0,0,0,0,0,0,1,0,0,0,0,0,0,1,0,0,0,0
3454,whatever it takes,2000.0,0,0,0,0,0,1,0,0,0,0,0,0,0,0,0,1,0,0,0,0
3455,buddy boy,1999.0,0,0,0,0,0,0,0,0,1,0,0,0,0,0,0,0,0,1,0,0
3456,color of paradise the range khoda,1999.0,0,0,0,0,0,0,0,0,1,0,0,0,0,0,0,0,0,0,0,0
3459,gothic,1986.0,0,0,0,0,0,0,0,0,1,0,0,1,0,0,0,0,0,0,0,0
3461,lord of the flies,1963.0,0,0,1,0,0,0,0,0,1,0,0,0,0,0,0,0,0,1,0,0
3462,modern times,1936.0,0,0,0,0,0,1,0,0,1,0,0,0,0,0,0,1,0,0,0,0
3466,heart and souls,1993.0,0,0,0,0,0,1,0,0,0,1,0,0,0,0,0,0,0,0,0,0
3467,hud,1963.0,0,0,0,0,0,0,0,0,1,0,0,0,0,0,0,0,0,0,0,1
3468,hustler the,1961.0,0,0,0,0,0,0,0,0,1,0,0,0,0,0,0,0,0,0,0,0
3469,inherit the wind,1960.0,0,0,0,0,0,0,0,0,1,0,0,0,0,0,0,0,0,0,0,0
3470,dersu uzala,1975.0,0,0,1,0,0,0,0,0,1,0,0,0,0,0,0,0,0,0,0,0
3471,close encounters of the third kind,1977.0,0,0,1,0,0,0,0,0,1,0,0,0,0,0,0,0,1,0,0,0
3473,jonah who will be 25 in the year 2000 jonas qui aura 25 ans en lan 2000,1976.0,0,0,0,0,0,1,0,0,0,0,0,0,0,0,0,0,0,0,0,0
3474,retroactive,1997.0,0,0,0,0,0,0,0,0,0,0,0,0,0,0,0,0,1,1,0,0
3475,place in the sun a,1951.0,0,0,0,0,0,0,0,0,1,0,0,0,0,0,0,1,0,0,0,0
3476,jacobs ladder,1990.0,0,0,0,0,0,0,0,0,0,0,0,1,0,0,1,0,0,0,0,0
3477,empire records,1995.0,0,0,0,0,0,1,0,0,1,0,0,0,0,0,0,0,0,0,0,0
3478,bamba la,1987.0,0,0,0,0,0,0,0,0,1,0,0,0,0,0,0,0,0,0,0,0
3479,ladyhawke,1985.0,0,0,1,0,0,0,0,0,0,1,0,0,0,0,0,1,0,0,0,0
3480,lucas,1986.0,0,0,0,0,0,0,0,0,1,0,0,0,0,0,0,1,0,0,0,0
3481,high fidelity,2000.0,0,0,0,0,0,1,0,0,1,0,0,0,0,0,0,1,0,0,0,0
3483,road to el dorado the,2000.0,0,0,0,1,1,0,0,0,0,0,0,0,0,0,0,0,0,0,0,0
3484,skulls the,2000.0,0,0,0,0,0,0,0,0,0,0,0,0,0,0,0,0,0,1,0,0
3489,hook,1991.0,0,0,1,0,0,1,0,0,0,1,0,0,0,0,0,0,0,0,0,0
3492,son of the sheik the,1926.0,0,0,1,0,0,1,0,0,0,0,0,0,0,0,0,1,0,0,0,0
3494,true grit,1969.0,0,0,1,0,0,0,0,0,1,0,0,0,0,0,0,0,0,0,0,1
3496,madame sousatzka,1988.0,0,0,0,0,0,0,0,0,1,0,0,0,0,0,0,0,0,0,0,0
3497,max dugan returns,1983.0,0,0,0,0,0,1,0,0,0,0,0,0,0,0,0,0,0,0,0,0
3498,midnight express,1978.0,0,0,0,0,0,0,0,0,1,0,0,0,0,0,0,0,0,0,0,0
3499,misery,1990.0,0,0,0,0,0,0,0,0,1,0,0,1,0,0,0,0,0,1,0,0
3500,mr saturday night,1992.0,0,0,0,0,0,1,0,0,1,0,0,0,0,0,0,0,0,0,0,0
3501,murphys romance,1985.0,0,0,0,0,0,1,0,0,0,0,0,0,0,0,0,1,0,0,0,0
3502,my life,1993.0,0,0,0,0,0,0,0,0,1,0,0,0,0,0,0,0,0,0,0,0
3503,solaris solyaris,1972.0,0,0,0,0,0,0,0,0,1,0,0,0,0,0,1,0,1,0,0,0
3504,network,1976.0,0,0,0,0,0,1,0,0,1,0,0,0,0,0,0,0,0,0,0,0
3505,no way out,1987.0,0,0,0,0,0,0,0,0,1,0,0,0,0,0,1,0,0,1,0,0
3506,north dallas forty,1979.0,0,0,0,0,0,1,0,0,1,0,0,0,0,0,0,0,0,0,0,0
3507,odd couple the,1968.0,0,0,0,0,0,1,0,0,0,0,0,0,0,0,0,0,0,0,0,0
3508,outlaw josey wales the,1976.0,0,1,1,0,0,0,0,0,1,0,0,0,0,0,0,0,0,1,0,1
3510,frequency,2000.0,0,0,0,0,0,0,0,0,1,0,0,0,0,0,0,0,0,1,0,0
3511,ready to rumble,2000.0,0,0,0,0,0,1,0,0,0,0,0,0,0,0,0,0,0,0,0,0
3512,return to me,2000.0,0,0,0,0,0,0,0,0,1,0,0,0,0,0,0,1,0,0,0,0
3513,rules of engagement,2000.0,0,0,0,0,0,0,0,0,1,0,0,0,0,0,0,0,0,1,0,0
3514,joe goulds secret,2000.0,0,0,0,0,0,0,0,0,1,0,0,0,0,0,0,0,0,0,0,0
3515,me myself i,2000.0,0,0,0,0,0,1,0,0,0,0,0,0,0,0,0,1,0,0,0,0
3516,bell book and candle,1958.0,0,0,0,0,0,1,0,0,0,1,0,0,0,0,0,1,0,0,0,0
3519,force 10 from navarone,1978.0,0,1,0,0,0,0,0,0,1,0,0,0,0,0,0,0,0,0,1,0
3521,mystery train,1989.0,0,0,0,0,0,1,0,0,1,0,0,0,0,0,0,0,0,0,0,0
3524,arthur,1981.0,0,0,0,0,0,1,0,0,0,0,0,0,0,0,0,1,0,0,0,0
3525,bachelor party,1984.0,0,0,0,0,0,1,0,0,0,0,0,0,0,0,0,0,0,0,0,0
3526,parenthood,1989.0,0,0,0,0,0,1,0,0,1,0,0,0,0,0,0,0,0,0,0,0
3527,predator,1987.0,0,1,0,0,0,0,0,0,0,0,0,0,0,0,0,0,1,1,0,0
3528,prince of tides the,1991.0,0,0,0,0,0,0,0,0,1,0,0,0,0,0,0,1,0,0,0,0
3529,postman always rings twice the,1981.0,0,0,0,0,0,0,1,0,0,0,0,0,0,0,0,0,0,1,0,0
3531,all the vermeers in new york,1990.0,0,0,0,0,0,1,0,0,1,0,0,0,0,0,0,1,0,0,0,0
3534,28 days,2000.0,0,0,0,0,0,0,0,0,1,0,0,0,0,0,0,0,0,0,0,0
3535,american psycho,2000.0,0,0,0,0,0,0,1,0,0,0,0,1,0,0,1,0,0,1,0,0
3536,keeping the faith,2000.0,0,0,0,0,0,1,0,0,1,0,0,0,0,0,0,1,0,0,0,0
3537,where the money is,2000.0,0,0,0,0,0,1,0,0,1,0,0,0,0,0,0,0,0,0,0,0
3538,east is east,1999.0,0,0,0,0,0,1,0,0,0,0,0,0,0,0,0,0,0,0,0,0
3539,filth and the fury the,2000.0,0,0,0,0,0,0,0,1,0,0,0,0,0,0,0,0,0,0,0,0
3543,diner,1982.0,0,0,0,0,0,1,0,0,1,0,0,0,0,0,0,0,0,0,0,0
3544,shakes the clown,1992.0,0,0,0,0,0,1,0,0,0,0,0,0,0,0,0,0,0,0,0,0
3545,cabaret,1972.0,0,0,0,0,0,0,0,0,1,0,0,0,0,1,0,0,0,0,0,0
3546,what ever happened to baby jane,1962.0,0,0,0,0,0,0,0,0,1,0,0,1,0,0,0,0,0,1,0,0
3548,auntie mame,1958.0,0,0,0,0,0,1,0,0,1,0,0,0,0,0,0,0,0,0,0,0
3549,guys and dolls,1955.0,0,0,0,0,0,1,0,0,0,0,0,0,0,1,0,1,0,0,0,0
3550,the hunger,1983.0,0,0,0,0,0,0,0,0,0,0,0,1,0,0,0,0,0,0,0,0
3551,marathon man,1976.0,0,0,0,0,0,0,1,0,1,0,0,0,0,0,0,0,0,1,0,0
3552,caddyshack,1980.0,0,0,0,0,0,1,0,0,0,0,0,0,0,0,0,0,0,0,0,0
3553,gossip,2000.0,0,0,0,0,0,0,0,0,1,0,0,0,0,0,0,0,0,1,0,0
3554,love and basketball,2000.0,0,0,0,0,0,0,0,0,1,0,0,0,0,0,0,1,0,0,0,0
3555,u571,2000.0,0,1,0,0,0,0,0,0,0,0,0,0,0,0,0,0,0,1,1,0
3556,virgin suicides the,1999.0,0,0,0,0,0,0,0,0,1,0,0,0,0,0,0,1,0,0,0,0
3557,jennifer 8,1992.0,0,0,0,0,0,0,0,0,0,0,0,0,0,0,1,0,0,1,0,0
3559,limelight,1952.0,0,0,0,0,0,1,0,0,1,0,0,0,0,0,0,1,0,0,0,0
3563,crow salvation the,2000.0,0,1,0,0,0,0,0,0,0,0,0,1,0,0,0,0,0,0,0,0
3564,flintstones in viva rock vegas the,2000.0,0,0,0,0,1,1,0,0,0,0,0,0,0,0,0,0,0,0,0,0
3565,where the heart is,2000.0,0,0,0,0,0,1,0,0,1,0,0,0,0,0,0,0,0,0,0,0
3566,big kahuna the,2000.0,0,0,0,0,0,1,0,0,1,0,0,0,0,0,0,0,0,0,0,0
3567,bossa nova,2000.0,0,0,0,0,0,1,0,0,1,0,0,0,0,0,0,1,0,0,0,0
3568,smiling fish and goat on fire,1999.0,0,0,0,0,0,1,0,0,0,0,0,0,0,0,0,1,0,0,0,0
3569,idiots the idioterne,1998.0,0,0,0,0,0,1,0,0,1,0,0,0,0,0,0,0,0,0,0,0
3571,time code,2000.0,0,0,0,0,0,1,0,0,1,0,0,0,0,0,0,0,0,0,0,0
3572,carnosaur,1993.0,0,0,0,0,0,0,0,0,0,0,0,1,0,0,0,0,1,0,0,0
3573,carnosaur 2,1995.0,0,0,0,0,0,0,0,0,0,0,0,1,0,0,0,0,1,0,0,0
3574,carnosaur 3 primal species,1996.0,0,0,0,0,0,0,0,0,0,0,0,1,0,0,0,0,1,0,0,0
3576,hidden the,1987.0,0,1,0,0,0,0,0,0,0,0,0,1,0,0,0,0,1,0,0,0
3577,two moon junction,1988.0,0,0,0,0,0,0,0,0,1,0,0,0,0,0,0,1,0,0,0,0
3578,gladiator,2000.0,0,1,1,0,0,0,0,0,1,0,0,0,0,0,0,0,0,0,0,0
3580,up at the villa,2000.0,0,0,0,0,0,0,0,0,1,0,0,0,0,0,0,0,0,0,0,0
3581,human traffic,1999.0,0,0,0,0,0,1,0,0,0,0,0,0,0,0,0,0,0,0,0,0
3584,breathless,1983.0,0,1,0,0,0,0,0,0,1,0,0,0,0,0,0,1,0,1,0,0
3586,the idolmaker,1980.0,0,0,0,0,0,0,0,0,1,0,0,0,0,0,0,1,0,0,0,0
3587,inferno,1980.0,0,0,0,0,0,0,0,0,0,0,0,1,0,0,0,0,0,0,0,0
3590,lords of flatbush the,1974.0,0,0,0,0,0,1,0,0,1,0,0,0,0,0,0,0,0,0,0,0
3591,mr mom,1983.0,0,0,0,0,0,1,0,0,1,0,0,0,0,0,0,0,0,0,0,0
3592,time masters maîtres du temps les,1982.0,0,0,0,1,0,0,0,0,0,0,0,0,0,0,0,0,1,0,0,0
3593,battlefield earth,2000.0,0,1,0,0,0,0,0,0,0,0,0,0,0,0,0,0,1,0,0,0
3594,center stage,2000.0,0,0,0,0,0,0,0,0,1,0,0,0,0,1,0,0,0,0,0,0
3596,screwed,2000.0,0,0,0,0,0,1,0,0,0,0,0,0,0,0,0,0,0,0,0,0
3597,whipped,2000.0,0,0,0,0,0,1,0,0,0,0,0,0,0,0,0,0,0,0,0,0
3598,hamlet,2000.0,0,0,0,0,0,0,1,0,1,0,0,0,0,0,0,1,0,1,0,0
3599,anchors aweigh,1945.0,0,0,0,0,0,1,0,0,0,0,0,0,0,1,0,0,0,0,0,0
3604,gypsy,1962.0,0,0,0,0,0,0,0,0,0,0,0,0,0,1,0,0,0,0,0,0
3606,on the town,1949.0,0,0,0,0,0,1,0,0,0,0,0,0,0,1,0,1,0,0,0,0
3608,peewees big adventure,1985.0,0,0,1,0,0,1,0,0,0,0,0,0,0,0,0,0,0,0,0,0
3609,regret to inform,1998.0,0,0,0,0,0,0,0,1,0,0,0,0,0,0,0,0,0,0,0,0
3614,honeymoon in vegas,1992.0,0,0,0,0,0,1,0,0,0,0,0,0,0,0,0,1,0,0,0,0
3615,dinosaur,2000.0,0,0,1,1,1,0,0,0,0,0,0,0,0,0,0,0,0,0,0,0
3616,loser,2000.0,0,0,0,0,0,1,0,0,0,0,0,0,0,0,0,1,0,0,0,0
3617,road trip,2000.0,0,0,0,0,0,1,0,0,0,0,0,0,0,0,0,0,0,0,0,0
3618,small time crooks,2000.0,0,0,0,0,0,1,1,0,0,0,0,0,0,0,0,0,0,0,0,0
3619,hollywood knights the,1980.0,0,0,0,0,0,1,0,0,0,0,0,0,0,0,0,0,0,0,0,0
3622,twelve chairs the,1970.0,0,0,0,0,0,1,0,0,0,0,0,0,0,0,0,0,0,0,0,0
3623,mission impossible ii,2000.0,0,1,1,0,0,0,0,0,0,0,0,0,0,0,0,0,0,1,0,0
3624,shanghai noon,2000.0,0,1,1,0,0,1,0,0,0,0,0,0,0,0,0,0,0,0,0,1
3625,better living through circuitry,1999.0,0,0,0,0,0,0,0,1,0,0,0,0,0,0,0,0,0,0,0,0
3626,8 ½ women aka 8 12 women aka eight and a half women,1999.0,0,0,0,0,0,1,0,0,0,0,0,0,0,0,0,0,0,0,0,0
3627,carnival of souls,1962.0,0,0,0,0,0,0,0,0,0,0,0,1,0,0,0,0,0,1,0,0
3628,flying tigers,1942.0,0,1,0,0,0,0,0,0,1,0,0,0,0,0,0,1,0,0,1,0
3629,gold rush the,1925.0,0,0,1,0,0,1,0,0,0,0,0,0,0,0,0,1,0,0,0,0
3632,monsieur verdoux,1947.0,0,0,0,0,0,1,1,0,0,0,0,0,0,0,0,0,0,0,0,0
3633,on her majestys secret service,1969.0,0,1,1,0,0,0,0,0,0,0,0,0,0,0,0,1,0,1,0,0
3634,seven days in may,1964.0,0,0,0,0,0,0,0,0,0,0,0,0,0,0,0,0,0,1,0,0
3635,spy who loved me the,1977.0,0,1,1,0,0,0,0,0,0,0,0,0,0,0,0,0,0,1,0,0
3637,vagabond sans toit ni loi,1985.0,0,0,0,0,0,0,0,0,1,0,0,0,0,0,0,0,0,0,0,0
3638,moonraker,1979.0,0,1,1,0,0,0,0,0,0,0,0,0,0,0,0,0,1,1,0,0
3639,man with the golden gun the,1974.0,0,1,1,0,0,0,0,0,0,0,0,0,0,0,0,0,0,1,0,0
3640,king in new york a,1957.0,0,0,0,0,0,1,0,0,1,0,0,0,0,0,0,0,0,0,0,0
3641,woman of paris a,1923.0,0,0,0,0,0,0,0,0,1,0,0,0,0,0,0,0,0,0,0,0
3643,fighting seabees the,1944.0,0,1,0,0,0,0,0,0,1,0,0,0,0,0,0,0,0,0,1,0
3646,big mommas house,2000.0,0,0,0,0,0,1,0,0,0,0,0,0,0,0,0,0,0,0,0,0
3648,abominable snowman the abominable snowman of the himalayas the,1957.0,0,0,0,0,0,0,0,0,0,0,0,1,0,0,0,0,1,0,0,0
3649,american gigolo,1980.0,0,0,0,0,0,0,0,0,1,0,0,0,0,0,0,0,0,0,0,0
3652,city of the living dead aka gates of hell the paura nella città dei morti viventi,1980.0,0,0,0,0,0,0,0,0,0,0,0,1,0,0,0,0,0,0,0,0
3653,endless summer the,1966.0,0,0,0,0,0,0,0,1,0,0,0,0,0,0,0,0,0,0,0,0
3654,guns of navarone the,1961.0,0,1,1,0,0,0,0,0,1,0,0,0,0,0,0,0,0,0,1,0
3655,blowout la grande bouffe,1973.0,0,0,0,0,0,0,0,0,1,0,0,0,0,0,0,0,0,0,0,0
3658,quatermass and the pit,1967.0,0,0,0,0,0,0,0,0,0,0,0,1,0,0,0,0,1,0,0,0
3660,puppet master,1989.0,0,0,0,0,0,0,0,0,0,0,0,1,0,0,0,0,1,1,0,0
3661,puppet master ii,1991.0,0,0,0,0,0,0,0,0,0,0,0,1,0,0,0,0,1,1,0,0
3662,puppet master iii toulons revenge,1991.0,0,0,0,0,0,0,0,0,0,0,0,1,0,0,0,0,1,1,0,0
3663,puppet master 4,1993.0,0,0,0,0,0,0,0,0,0,0,0,1,0,0,0,0,1,1,0,0
3664,puppet master 5 the final chapter,1994.0,0,0,0,0,0,0,0,0,0,0,0,1,0,0,0,0,1,1,0,0
3667,rentacop,1988.0,0,1,0,0,0,1,1,0,0,0,0,0,0,0,0,0,0,0,0,0
3668,romeo and juliet,1968.0,0,0,0,0,0,0,0,0,1,0,0,0,0,0,0,1,0,0,0,0
3669,stay tuned,1992.0,0,0,0,0,0,1,0,0,0,0,0,0,0,0,0,0,0,0,0,0
3671,blazing saddles,1974.0,0,0,0,0,0,1,0,0,0,0,0,0,0,0,0,0,0,0,0,1
3672,benji,1974.0,0,0,1,0,1,0,0,0,0,0,0,0,0,0,0,0,0,0,0,0
3673,benji the hunted,1987.0,0,0,1,0,1,0,0,0,0,0,0,0,0,0,0,0,0,0,0,0
3674,for the love of benji,1977.0,0,0,1,0,1,1,0,0,1,0,0,0,0,0,0,0,0,0,0,0
3675,white christmas,1954.0,0,0,0,0,0,1,0,0,0,0,0,0,0,1,0,1,0,0,0,0
3676,eraserhead,1977.0,0,0,0,0,0,0,0,0,1,0,0,1,0,0,0,0,0,0,0,0
3677,baraka,1992.0,0,0,0,0,0,0,0,1,0,0,0,0,0,0,0,0,0,0,0,0
3678,man with the golden arm the,1955.0,0,0,0,0,0,0,0,0,1,0,0,0,0,0,0,0,0,0,0,0
3679,decline of western civilization the,1981.0,0,0,0,0,0,0,0,1,0,0,0,0,0,1,0,0,0,0,0,0
3680,decline of western civilization part ii the metal years the,1988.0,0,0,0,0,0,0,0,1,0,0,0,0,0,0,0,0,0,0,0,0
3681,for a few dollars more per qualche dollaro in più,1965.0,0,1,0,0,0,0,0,0,1,0,0,0,0,0,0,0,0,1,0,1
3682,magnum force,1973.0,0,1,0,0,0,0,1,0,1,0,0,0,0,0,0,0,0,1,0,0
3683,blood simple,1984.0,0,0,0,0,0,0,1,0,1,0,1,0,0,0,0,0,0,0,0,0
3684,fabulous baker boys the,1989.0,0,0,0,0,0,0,0,0,1,0,0,0,0,0,0,1,0,0,0,0
3685,prizzis honor,1985.0,0,0,0,0,0,1,0,0,1,0,0,0,0,0,0,1,0,0,0,0
3686,flatliners,1990.0,0,0,0,0,0,0,0,0,0,0,0,1,0,0,0,0,1,1,0,0
3687,light years gandahar,1988.0,0,0,1,1,0,0,0,0,0,1,0,0,0,0,0,0,1,0,0,0
3688,porkys,1982.0,0,0,0,0,0,1,0,0,0,0,0,0,0,0,0,0,0,0,0,0
3689,porkys ii the next day,1983.0,0,0,0,0,0,1,0,0,0,0,0,0,0,0,0,0,0,0,0,0
3690,porkys revenge,1985.0,0,0,0,0,0,1,0,0,0,0,0,0,0,0,0,0,0,0,0,0
3691,private school,1983.0,0,0,0,0,0,1,0,0,0,0,0,0,0,0,0,0,0,0,0,0
3692,class of nuke em high,1986.0,0,0,0,0,0,1,0,0,0,0,0,1,0,0,0,0,0,0,0,0
3693,toxic avenger the,1985.0,0,0,0,0,0,1,0,0,0,0,0,1,0,0,0,0,0,0,0,0
3694,toxic avenger part ii the,1989.0,0,0,0,0,0,1,0,0,0,0,0,1,0,0,0,0,0,0,0,0
3695,toxic avenger part iii the last temptation of toxie the,1989.0,0,0,0,0,0,1,0,0,0,0,0,1,0,0,0,0,0,0,0,0
3696,night of the creeps,1986.0,0,0,0,0,0,1,0,0,0,0,0,1,0,0,0,0,1,1,0,0
3697,predator 2,1990.0,0,1,0,0,0,0,0,0,0,0,0,0,0,0,0,0,1,1,0,0
3698,running man the,1987.0,0,1,0,0,0,0,0,0,0,0,0,0,0,0,0,0,1,0,0,0
3699,starman,1984.0,0,0,1,0,0,0,0,0,1,0,0,0,0,0,0,1,1,0,0,0
3700,brother from another planet the,1984.0,0,0,0,0,0,0,0,0,1,0,0,0,0,0,0,0,1,0,0,0
3701,alien nation,1988.0,0,0,0,0,0,0,1,0,1,0,0,0,0,0,0,0,1,1,0,0
3702,mad max,1979.0,0,1,1,0,0,0,0,0,0,0,0,0,0,0,0,0,1,0,0,0
3703,road warrior the mad max 2,1981.0,0,1,1,0,0,0,0,0,0,0,0,0,0,0,0,0,1,1,0,0
3704,mad max beyond thunderdome,1985.0,0,1,1,0,0,0,0,0,0,0,0,0,0,0,0,0,1,0,0,0
3705,bird on a wire,1990.0,0,1,0,0,0,1,0,0,0,0,0,0,0,0,0,1,0,0,0,0
3706,angel heart,1987.0,0,0,0,0,0,0,0,0,0,0,1,1,0,0,1,0,0,1,0,0
3707,9 12 weeks nine 12 weeks,1986.0,0,0,0,0,0,0,0,0,1,0,0,0,0,0,0,1,0,0,0,0
3708,firestarter,1984.0,0,0,0,0,0,0,0,0,0,0,0,1,0,0,0,0,0,1,0,0
3709,sleepwalkers,1992.0,0,0,0,0,0,0,0,0,0,0,0,1,0,0,0,0,0,0,0,0
3710,action jackson,1988.0,0,1,0,0,0,1,1,0,0,0,0,0,0,0,0,0,0,1,0,0
3711,sarafina,1992.0,0,0,0,0,0,0,0,0,1,0,0,0,0,0,0,0,0,0,0,0
3712,soapdish,1991.0,0,0,0,0,0,1,0,0,0,0,0,0,0,0,0,0,0,0,0,0
3713,long walk home the,1990.0,0,0,0,0,0,0,0,0,1,0,0,0,0,0,0,0,0,0,0,0
3714,claras heart,1988.0,0,0,0,0,0,0,0,0,1,0,0,0,0,0,0,0,0,0,0,0
3715,burglar,1987.0,0,0,0,0,0,1,1,0,0,0,0,0,0,0,0,0,0,0,0,0
3716,fatal beauty,1987.0,0,1,0,0,0,1,1,0,1,0,0,0,0,0,0,0,0,0,0,0
3717,gone in 60 seconds,2000.0,0,1,0,0,0,0,1,0,0,0,0,0,0,0,0,0,0,0,0,0
3719,loves labours lost,2000.0,0,0,0,0,0,1,0,0,0,0,0,0,0,0,0,1,0,0,0,0
3720,sunshine,1999.0,0,0,0,0,0,0,0,0,1,0,0,0,0,0,0,0,0,0,0,0
3723,hamlet,1990.0,0,0,0,0,0,0,0,0,1,0,0,0,0,0,0,0,0,0,0,0
3724,coming home,1978.0,0,0,0,0,0,0,0,0,1,0,0,0,0,0,0,0,0,0,1,0
3725,american pop,1981.0,0,0,0,1,0,0,0,0,0,0,0,0,0,1,0,0,0,0,0,0
3726,assault on precinct 13,1976.0,0,1,0,0,0,0,0,0,0,0,0,0,0,0,0,0,0,1,0,0
3727,near dark,1987.0,0,0,0,0,0,0,0,0,0,0,0,1,0,0,0,0,0,0,0,1
3728,one false move,1992.0,0,0,0,0,0,0,1,0,1,0,1,0,0,0,0,0,0,1,0,0
3729,shaft,1971.0,0,1,0,0,0,0,1,0,1,0,0,0,0,0,0,0,0,1,0,0
3730,conversation the,1974.0,0,0,0,0,0,0,0,0,1,0,0,0,0,0,1,0,0,0,0,0
3731,cutters way,1981.0,0,0,0,0,0,0,0,0,1,0,0,0,0,0,0,0,0,1,0,0
3732,fury the,1978.0,0,0,0,0,0,0,0,0,0,0,0,1,0,0,0,0,0,0,0,0
3733,paper chase the,1973.0,0,0,0,0,0,0,0,0,1,0,0,0,0,0,0,0,0,0,0,0
3735,serpico,1973.0,0,0,0,0,0,0,1,0,1,0,0,0,0,0,0,0,0,0,0,0
3736,ace in the hole big carnival the,1951.0,0,0,0,0,0,0,0,0,1,0,0,0,0,0,0,0,0,0,0,0
3737,lonely are the brave,1962.0,0,0,0,0,0,0,0,0,1,0,0,0,0,0,0,0,0,0,0,1
3738,sugarland express the,1974.0,0,0,0,0,0,0,0,0,1,0,0,0,0,0,0,0,0,0,0,0
3739,trouble in paradise,1932.0,0,0,0,0,0,1,0,0,0,0,0,0,0,0,0,1,0,0,0,0
3740,big trouble in little china,1986.0,0,1,1,0,0,1,0,0,0,1,0,0,0,0,0,0,0,0,0,0
3741,badlands,1973.0,0,0,0,0,0,0,1,0,1,0,0,0,0,0,0,0,0,1,0,0
3742,battleship potemkin,1925.0,0,0,0,0,0,0,0,0,1,0,0,0,0,0,0,0,0,0,1,0
3743,boys and girls,2000.0,0,0,0,0,0,1,0,0,0,0,0,0,0,0,0,1,0,0,0,0
3744,shaft,2000.0,0,1,0,0,0,0,1,0,0,0,0,0,0,0,0,0,0,1,0,0
3745,titan ae,2000.0,0,1,1,1,1,0,0,0,0,0,0,0,0,0,0,0,1,0,0,0
3746,butterfly la lengua de las mariposas,1999.0,0,0,0,0,0,0,0,0,1,0,0,0,0,0,0,0,0,0,0,0
3747,jesus son,1999.0,0,0,0,0,0,0,0,0,1,0,0,0,0,0,0,0,0,0,0,0
3751,chicken run,2000.0,0,0,0,1,1,1,0,0,0,0,0,0,0,0,0,0,0,0,0,0
3752,me myself  irene,2000.0,0,0,1,0,0,1,0,0,0,0,0,0,0,0,0,0,0,0,0,0
3753,patriot the,2000.0,0,1,0,0,0,0,0,0,1,0,0,0,0,0,0,0,0,0,1,0
3754,adventures of rocky and bullwinkle the,2000.0,0,0,1,1,1,1,0,0,0,1,0,0,0,0,0,0,0,0,0,0
3755,perfect storm the,2000.0,0,0,0,0,0,0,0,0,1,0,0,0,0,0,0,0,0,1,0,0
3756,golden bowl the,2000.0,0,0,0,0,0,0,0,0,1,0,0,0,0,0,0,0,0,0,0,0
3758,communion,1989.0,0,0,0,0,0,0,0,0,1,0,0,0,0,0,0,0,1,1,0,0
3760,kentucky fried movie the,1977.0,0,0,0,0,0,1,0,0,0,0,0,0,0,0,0,0,0,0,0,0
3761,blood in blood out,1993.0,0,1,0,0,0,0,1,0,1,0,0,0,0,0,0,0,0,1,0,0
3763,fx,1986.0,0,1,0,0,0,0,1,0,0,0,0,0,0,0,0,0,0,1,0,0
3764,fx2 aka fx 2  the deadly art of illusion,1991.0,0,1,0,0,0,0,1,0,0,0,0,0,0,0,0,0,0,1,0,0
3765,hot spot the,1990.0,0,0,0,0,0,0,1,0,1,0,0,0,0,0,0,1,0,0,0,0
3766,missing in action,1984.0,0,1,0,0,0,0,0,0,0,0,0,0,0,0,0,0,0,0,1,0
3767,missing in action 2 the beginning,1985.0,0,1,0,0,0,0,0,0,0,0,0,0,0,0,0,0,0,0,1,0
3768,braddock missing in action iii,1988.0,0,1,0,0,0,0,0,0,0,0,0,0,0,0,0,0,0,0,1,0
3769,thunderbolt and lightfoot,1974.0,0,1,0,0,0,0,0,0,0,0,0,0,0,0,0,0,0,0,0,0
3770,dreamscape,1984.0,0,0,0,0,0,0,0,0,0,0,0,1,0,0,0,0,1,1,0,0
3771,the golden voyage of sinbad,1973.0,0,1,1,0,0,0,0,0,0,1,0,0,0,0,0,0,0,0,0,0
3773,house party,1990.0,0,0,0,0,0,1,0,0,0,0,0,0,0,0,0,0,0,0,0,0
3774,house party 2,1991.0,0,0,0,0,0,1,0,0,1,0,0,0,0,0,0,1,0,0,0,0
3783,croupier,1998.0,0,0,0,0,0,0,1,0,1,0,0,0,0,0,0,0,0,0,0,0
3784,kid the,2000.0,0,0,0,0,0,1,0,0,0,1,0,0,0,0,0,0,0,0,0,0
3785,scary movie,2000.0,0,0,0,0,0,1,0,0,0,0,0,1,0,0,0,0,0,0,0,0
3786,but im a cheerleader,1999.0,0,0,0,0,0,1,0,0,0,0,0,0,0,0,0,0,0,0,0,0
3787,shower xizao,1999.0,0,0,0,0,0,1,0,0,0,0,0,0,0,0,0,0,0,0,0,0
3788,blowup blowup,1966.0,0,0,0,0,0,0,0,0,1,0,0,0,0,0,1,0,0,0,0,0
3789,pawnbroker the,1964.0,0,0,0,0,0,0,0,0,1,0,0,0,0,0,0,0,0,0,0,0
3790,groove,2000.0,0,0,0,0,0,0,0,0,1,0,0,0,0,0,0,0,0,0,0,0
3791,footloose,1984.0,0,0,0,0,0,0,0,0,1,0,0,0,0,0,0,0,0,0,0,0
3792,duel in the sun,1946.0,0,0,0,0,0,0,0,0,1,0,0,0,0,0,0,1,0,0,0,1
3793,xmen,2000.0,0,1,1,0,0,0,0,0,0,0,0,0,0,0,0,0,1,0,0,0
3794,chuck  buck,2000.0,0,0,0,0,0,1,0,0,1,0,0,0,0,0,0,0,0,0,0,0
3795,five senses the,1999.0,0,0,0,0,0,0,0,0,1,0,0,0,0,0,0,0,0,0,0,0
3797,in crowd the,2000.0,0,0,0,0,0,0,0,0,0,0,0,0,0,0,0,0,0,1,0,0
3798,what lies beneath,2000.0,0,0,0,0,0,0,0,0,1,0,0,1,0,0,1,0,0,0,0,0
3799,pokémon the movie 2000,2000.0,0,0,0,1,1,0,0,0,0,0,0,0,0,0,0,0,0,0,0,0
3801,anatomy of a murder,1959.0,0,0,0,0,0,0,0,0,1,0,0,0,0,0,1,0,0,0,0,0
3802,freejack,1992.0,0,1,0,0,0,0,0,0,0,0,0,0,0,0,0,0,1,0,0,0
3806,mackennas gold,1969.0,0,0,0,0,0,0,0,0,0,0,0,0,0,0,0,0,0,0,0,1
3807,sinbad and the eye of the tiger,1977.0,0,0,1,0,0,0,0,0,0,1,0,0,0,0,0,0,0,0,0,0
3808,two women ciociara la,1960.0,0,0,0,0,0,0,0,0,1,0,0,0,0,0,0,0,0,0,1,0
3809,what about bob,1991.0,0,0,0,0,0,1,0,0,0,0,0,0,0,0,0,0,0,0,0,0
3810,white sands,1992.0,0,0,0,0,0,0,0,0,1,0,0,0,0,0,0,0,0,1,0,0
3811,breaker morant,1980.0,0,0,0,0,0,0,0,0,1,0,0,0,0,0,0,0,0,0,1,0
3812,everything you always wanted to know about sex  but were afraid to ask,1972.0,0,0,0,0,0,1,0,0,0,0,0,0,0,0,0,0,0,0,0,0
3813,interiors,1978.0,0,0,0,0,0,0,0,0,1,0,0,0,0,0,0,0,0,0,0,0
3814,love and death,1975.0,0,0,0,0,0,1,0,0,0,0,0,0,0,0,0,0,0,0,0,0
3816,official story the la historia oficial,1985.0,0,0,0,0,0,0,0,0,1,0,0,0,0,0,0,0,0,0,0,0
3819,tampopo,1985.0,0,0,0,0,0,1,0,0,0,0,0,0,0,0,0,0,0,0,0,0
3821,nutty professor ii the klumps,2000.0,0,0,0,0,0,1,0,0,0,0,0,0,0,0,0,0,0,0,0,0
3822,girl on the bridge the fille sur le pont la,1999.0,0,0,0,0,0,0,0,0,1,0,0,0,0,0,0,1,0,0,0,0
3823,wonderland,1999.0,0,0,0,0,0,0,0,0,1,0,0,0,0,0,0,0,0,0,0,0
3824,autumn in new york,2000.0,0,0,0,0,0,0,0,0,1,0,0,0,0,0,0,1,0,0,0,0
3825,coyote ugly,2000.0,0,0,0,0,0,1,0,0,1,0,0,0,0,0,0,1,0,0,0,0
3826,hollow man,2000.0,0,0,0,0,0,0,0,0,0,0,0,1,0,0,0,0,1,1,0,0
3827,space cowboys,2000.0,0,1,1,0,0,1,0,0,0,0,0,0,0,0,0,0,1,0,0,0
3830,psycho beach party,2000.0,0,0,0,0,0,1,0,0,0,0,0,1,0,0,0,0,0,1,0,0
3831,saving grace,2000.0,0,0,0,0,0,1,0,0,0,0,0,0,0,0,0,0,0,0,0,0
3832,black sabbath tre volti della paura i,1963.0,0,0,0,0,0,0,0,0,0,0,0,1,0,0,0,0,0,0,0,0
3833,brain that wouldnt die the,1962.0,0,0,0,0,0,0,0,0,0,0,0,1,0,0,0,0,1,0,0,0
3834,bronco billy,1980.0,0,0,1,0,0,0,0,0,1,0,0,0,0,0,0,1,0,0,0,0
3835,crush the,1993.0,0,0,0,0,0,0,0,0,0,0,0,0,0,0,0,0,0,1,0,0
3836,kellys heroes,1970.0,0,1,0,0,0,1,0,0,0,0,0,0,0,0,0,0,0,0,1,0
3837,phantasm ii,1988.0,0,1,0,0,0,0,0,0,0,1,0,1,0,0,0,0,1,1,0,0
3838,phantasm iii lord of the dead,1994.0,0,0,0,0,0,0,0,0,0,0,0,1,0,0,0,0,0,0,0,0
3839,phantasm iv oblivion,1998.0,0,0,0,0,0,0,0,0,0,0,0,1,0,0,0,0,0,0,0,0
3840,pumpkinhead,1988.0,0,0,0,0,0,0,0,0,0,0,0,1,0,0,0,0,0,0,0,0
3841,air america,1990.0,0,1,0,0,0,1,0,0,0,0,0,0,0,0,0,0,0,0,0,0
3843,sleepaway camp,1983.0,0,0,0,0,0,0,0,0,0,0,0,1,0,0,0,0,0,0,0,0
3844,steel magnolias,1989.0,0,0,0,0,0,0,0,0,1,0,0,0,0,0,0,0,0,0,0,0
3845,and god created woman et dieu créa la femme,1956.0,0,0,0,0,0,0,0,0,1,0,0,0,0,0,0,0,0,0,0,0
3846,easy money,1983.0,0,0,0,0,0,1,0,0,0,0,0,0,0,0,0,0,0,0,0,0
3847,ilsa she wolf of the ss,1974.0,0,0,0,0,0,0,0,0,0,0,0,1,0,0,0,0,0,0,0,0
3849,the spiral staircase,1945.0,0,0,0,0,0,0,0,0,0,0,0,1,0,0,1,0,0,1,0,0
3851,im the one that i want,2000.0,0,0,0,0,0,1,0,0,0,0,0,0,0,0,0,0,0,0,0,0
3852,tao of steve the,2000.0,0,0,0,0,0,1,0,0,0,0,0,0,0,0,0,0,0,0,0,0
3855,affair of love an liaison pornographique une,1999.0,0,0,0,0,0,0,0,0,1,0,0,0,0,0,0,1,0,0,0,0
3857,bless the child,2000.0,0,0,0,0,0,0,0,0,0,0,0,0,0,0,0,0,0,1,0,0
3858,cecil b demented,2000.0,0,0,0,0,0,1,0,0,0,0,0,0,0,0,0,0,0,0,0,0
3859,eyes of tammy faye the,2000.0,0,0,0,0,0,0,0,1,0,0,0,0,0,0,0,0,0,0,0,0
3861,replacements the,2000.0,0,0,0,0,0,1,0,0,0,0,0,0,0,0,0,0,0,0,0,0
3862,about adam,2000.0,0,0,0,0,0,1,0,0,0,0,0,0,0,0,0,0,0,0,0,0
3863,cell the,2000.0,0,0,0,0,0,0,0,0,1,0,0,1,0,0,0,0,0,1,0,0
3864,godzilla 2000 gojira nisen mireniamu,1999.0,0,1,1,0,0,0,0,0,0,0,0,0,0,0,0,0,1,0,0,0
3865,original kings of comedy the,2000.0,0,0,0,0,0,1,0,1,0,0,0,0,0,0,0,0,0,0,0,0
3868,naked gun from the files of police squad the,1988.0,0,1,0,0,0,1,1,0,0,0,0,0,0,0,0,1,0,0,0,0
3869,naked gun 2 12 the smell of fear the,1991.0,0,0,0,0,0,1,0,0,0,0,0,0,0,0,0,0,0,0,0,0
3870,our town,1940.0,0,0,0,0,0,0,0,0,1,0,0,0,0,0,0,0,0,0,0,0
3871,shane,1953.0,0,0,0,0,0,0,0,0,1,0,0,0,0,0,0,0,0,0,0,1
3872,suddenly last summer,1959.0,0,0,0,0,0,0,0,0,1,0,0,0,0,0,0,0,0,0,0,0
3873,cat ballou,1965.0,0,0,0,0,0,1,0,0,0,0,0,0,0,0,0,0,0,0,0,1
3877,supergirl,1984.0,0,1,1,0,0,0,0,0,0,1,0,0,0,0,0,0,0,0,0,0
3879,art of war the,2000.0,0,1,0,0,0,0,0,0,0,0,0,0,0,0,0,0,0,1,0,0
3882,bring it on,2000.0,0,0,0,0,0,1,0,0,0,0,0,0,0,0,0,0,0,0,0,0
3884,crew the,2000.0,0,0,0,0,0,1,0,0,0,0,0,0,0,0,0,0,0,0,0,0
3888,skipped parts,2000.0,0,0,0,0,0,0,0,0,1,0,0,0,0,0,0,1,0,0,0,0
3889,highlander endgame highlander iv,2000.0,0,1,1,0,0,0,0,0,0,1,0,0,0,0,0,0,0,0,0,0
3893,nurse betty,2000.0,0,0,0,0,0,1,1,0,1,0,0,0,0,0,0,1,0,1,0,0
3894,solas,1999.0,0,0,0,0,0,0,0,0,1,0,0,0,0,0,0,0,0,0,0,0
3895,watcher the,2000.0,0,0,0,0,0,0,1,0,0,0,0,0,0,0,0,0,0,1,0,0
3896,way of the gun the,2000.0,0,0,0,0,0,0,1,0,0,0,0,0,0,0,0,0,0,1,0,0
3897,almost famous,2000.0,0,0,0,0,0,0,0,0,1,0,0,0,0,0,0,0,0,0,0,0
3898,bait,2000.0,0,1,0,0,0,1,0,0,0,0,0,0,0,0,0,0,0,0,0,0
3899,circus,2000.0,0,0,0,0,0,0,1,0,1,0,0,0,0,0,0,0,0,1,0,0
3900,crime and punishment in suburbia,2000.0,0,0,0,0,0,1,0,0,1,0,0,0,0,0,0,0,0,0,0,0
3901,duets,2000.0,0,0,0,0,0,1,0,0,1,0,0,0,0,0,0,0,0,0,0,0
3906,under suspicion,2000.0,0,0,0,0,0,0,1,0,0,0,0,0,0,0,0,0,0,1,0,0
3908,urban legends final cut,2000.0,0,0,0,0,0,0,0,0,0,0,0,1,0,0,0,0,0,0,0,0
3909,woman on top,2000.0,0,0,0,0,0,1,0,0,0,0,0,0,0,0,0,1,0,0,0,0
3910,dancer in the dark,2000.0,0,0,0,0,0,0,0,0,1,0,0,0,0,1,0,0,0,0,0,0
3911,best in show,2000.0,0,0,0,0,0,1,0,0,0,0,0,0,0,0,0,0,0,0,0,0
3912,beautiful,2000.0,0,0,0,0,0,1,0,0,1,0,0,0,0,0,0,0,0,0,0,0
3914,broken hearts club the,2000.0,0,0,0,0,0,0,0,0,1,0,0,0,0,0,0,0,0,0,0,0
3915,girlfight,2000.0,0,0,0,0,0,0,0,0,1,0,0,0,0,0,0,0,0,0,0,0
3916,remember the titans,2000.0,0,0,0,0,0,0,0,0,1,0,0,0,0,0,0,0,0,0,0,0
3917,hellraiser,1987.0,0,0,0,0,0,0,0,0,0,0,0,1,0,0,0,0,0,0,0,0
3918,hellbound hellraiser ii,1988.0,0,0,0,0,0,0,0,0,0,0,0,1,0,0,0,0,0,0,0,0
3919,hellraiser iii hell on earth,1992.0,0,0,0,0,0,0,0,0,0,0,0,1,0,0,0,0,0,0,0,0
3920,faraway so close in weiter ferne so nah,1993.0,0,0,0,0,0,0,0,0,1,1,0,0,0,0,1,1,0,0,0,0
3922,bikini beach,1964.0,0,0,0,0,0,1,0,0,0,0,0,0,0,0,0,0,0,0,0,0
3925,stranger than paradise,1984.0,0,0,0,0,0,1,0,0,1,0,0,0,0,0,0,0,0,0,0,0
3926,voyage to the bottom of the sea,1961.0,0,0,1,0,0,0,0,0,0,0,0,0,0,0,0,0,1,0,0,0
3927,fantastic voyage,1966.0,0,0,1,0,0,0,0,0,0,0,0,0,0,0,0,0,1,0,0,0
3928,abbott and costello meet frankenstein,1948.0,0,0,0,0,0,1,0,0,0,0,0,1,0,0,0,0,0,0,0,0
3929,bank dick the,1940.0,0,0,0,0,0,1,0,0,0,0,0,0,0,0,0,0,0,0,0,0
3930,creature from the black lagoon the,1954.0,0,0,1,0,0,0,0,0,0,0,0,1,0,0,0,0,1,0,0,0
3932,invisible man the,1933.0,0,0,0,0,0,0,0,0,0,0,0,1,0,0,0,0,1,0,0,0
3933,killer shrews the,1959.0,0,0,0,0,0,0,0,0,0,0,0,1,0,0,0,0,1,0,0,0
3937,runaway,1984.0,0,0,0,0,0,0,0,0,0,0,0,0,0,0,0,0,1,1,0,0
3938,slumber party massacre the,1982.0,0,0,0,0,0,0,0,0,0,0,0,1,0,0,0,0,0,0,0,0
3939,slumber party massacre ii,1987.0,0,0,0,0,0,0,0,0,0,0,0,1,0,0,0,0,0,0,0,0
3940,slumber party massacre iii,1990.0,0,0,0,0,0,0,0,0,0,0,0,1,0,0,0,0,0,0,0,0
3941,sorority house massacre,1986.0,0,0,0,0,0,0,0,0,0,0,0,1,0,0,0,0,0,0,0,0
3942,sorority house massacre ii,1990.0,0,0,0,0,0,0,0,0,0,0,0,1,0,0,0,0,0,0,0,0
3943,bamboozled,2000.0,0,0,0,0,0,1,0,0,0,0,0,0,0,0,0,0,0,0,0,0
3945,digimon the movie,2000.0,0,0,1,1,1,0,0,0,0,0,0,0,0,0,0,0,0,0,0,0
3946,get carter,2000.0,0,1,0,0,0,0,0,0,1,0,0,0,0,0,0,0,0,1,0,0
3947,get carter,1971.0,0,1,0,0,0,0,1,0,1,0,0,0,0,0,0,0,0,1,0,0
3948,meet the parents,2000.0,0,0,0,0,0,1,0,0,0,0,0,0,0,0,0,0,0,0,0,0
3949,requiem for a dream,2000.0,0,0,0,0,0,0,0,0,1,0,0,0,0,0,0,0,0,0,0,0
3950,tigerland,2000.0,0,0,0,0,0,0,0,0,1,0,0,0,0,0,0,0,0,0,0,0
3951,two family house,2000.0,0,0,0,0,0,0,0,0,1,0,0,0,0,0,0,0,0,0,0,0
3952,contender the,2000.0,0,0,0,0,0,0,0,0,1,0,0,0,0,0,0,0,0,1,0,0
3953,dr t and the women,2000.0,0,0,0,0,0,1,0,0,0,0,0,0,0,0,0,1,0,0,0,0
3955,ladies man the,2000.0,0,0,0,0,0,1,0,0,0,0,0,0,0,0,0,0,0,0,0,0
3957,billy jack,1971.0,0,1,0,0,0,0,0,0,1,0,0,0,0,0,0,0,0,0,0,0
3958,billy jack goes to washington,1977.0,0,0,0,0,0,0,0,0,1,0,0,0,0,0,0,0,0,0,0,0
3959,time machine the,1960.0,0,1,1,0,0,0,0,0,0,0,0,0,0,0,0,0,1,0,0,0
3962,ghoulies ii,1987.0,0,0,0,0,0,1,0,0,0,0,0,1,0,0,0,0,0,0,0,0
3963,unsinkable molly brown the,1964.0,0,0,0,0,0,0,0,0,0,0,0,0,0,1,0,0,0,0,0,0
3964,adventures of ichabod and mr toad the,1949.0,0,0,0,1,1,0,0,0,0,0,0,0,0,0,0,0,0,0,0,0
3965,strange love of martha ivers the,1946.0,0,0,0,0,0,0,0,0,1,0,1,0,0,0,0,0,0,0,0,0
3966,detour,1945.0,0,0,0,0,0,0,1,0,0,0,1,0,0,0,0,0,0,0,0,0
3967,billy elliot,2000.0,0,0,0,0,0,0,0,0,1,0,0,0,0,0,0,0,0,0,0,0
3968,bedazzled,2000.0,0,0,0,0,0,1,0,0,0,0,0,0,0,0,0,0,0,0,0,0
3969,pay it forward,2000.0,0,0,0,0,0,0,0,0,1,0,0,0,0,0,0,0,0,0,0,0
3971,private eyes the,1981.0,0,0,0,0,0,1,0,0,0,0,0,0,0,0,1,0,0,0,0,0
3972,legend of drunken master the jui kuen ii,1994.0,0,1,0,0,0,1,0,0,0,0,0,0,0,0,0,0,0,0,0,0
3973,book of shadows blair witch 2,2000.0,0,0,0,0,0,0,1,0,0,0,0,1,0,0,1,0,0,1,0,0
3974,little vampire the,2000.0,0,0,1,0,1,0,0,0,0,0,0,0,0,0,0,0,0,0,0,0
3977,charlies angels,2000.0,0,1,0,0,0,1,0,0,0,0,0,0,0,0,0,0,0,0,0,0
3978,legend of bagger vance the,2000.0,0,0,0,0,0,0,0,0,1,0,0,0,0,0,0,1,0,0,0,0
3979,little nicky,2000.0,0,0,0,0,0,1,0,0,0,0,0,0,0,0,0,0,0,0,0,0
3980,men of honor,2000.0,0,0,0,0,0,0,0,0,1,0,0,0,0,0,0,0,0,0,0,0
3981,red planet,2000.0,0,1,0,0,0,0,0,0,0,0,0,0,0,0,0,0,1,1,0,0
3983,you can count on me,2000.0,0,0,0,0,0,0,0,0,1,0,0,0,0,0,0,1,0,0,0,0
3984,diamonds are forever,1971.0,0,1,1,0,0,0,0,0,0,0,0,0,0,0,0,0,0,1,0,0
3985,eagle has landed the,1976.0,0,0,0,0,0,0,0,0,1,0,0,0,0,0,0,0,0,0,1,0
3986,6th day the,2000.0,0,1,0,0,0,0,0,0,0,0,0,0,0,0,0,0,1,1,0,0
3987,bounce,2000.0,0,0,0,0,0,0,0,0,1,0,0,0,0,0,0,1,0,0,0,0
3988,how the grinch stole christmas aka the grinch,2000.0,0,0,0,0,1,1,0,0,0,1,0,0,0,0,0,0,0,0,0,0
3989,one day in september,1999.0,0,0,0,0,0,0,0,1,0,0,0,0,0,0,0,0,0,0,0,0
3990,rugrats in paris the movie,2000.0,0,0,0,1,1,1,0,0,0,0,0,0,0,0,0,0,0,0,0,0
3991,102 dalmatians,2000.0,0,0,0,0,1,1,0,0,0,0,0,0,0,0,0,0,0,0,0,0
3992,malèna,2000.0,0,0,0,0,0,0,0,0,1,0,0,0,0,0,0,1,0,0,1,0
3993,quills,2000.0,0,0,0,0,0,0,0,0,1,0,0,0,0,0,0,1,0,0,0,0
3994,unbreakable,2000.0,0,0,0,0,0,0,0,0,1,0,0,0,0,0,0,0,1,0,0,0
3996,crouching tiger hidden dragon wo hu cang long,2000.0,0,1,0,0,0,0,0,0,1,0,0,0,0,0,0,1,0,0,0,0
3997,dungeons  dragons,2000.0,0,1,1,0,0,1,0,0,0,1,0,0,0,0,0,0,0,0,0,0
3998,proof of life,2000.0,0,0,0,0,0,0,0,0,1,0,0,0,0,0,0,0,0,0,0,0
3999,vertical limit,2000.0,0,1,1,0,0,0,0,0,0,0,0,0,0,0,0,0,0,0,0,0
4000,bounty the,1984.0,0,0,1,0,0,0,0,0,1,0,0,0,0,0,0,0,0,0,0,0
4002,planes trains  automobiles,1987.0,0,0,0,0,0,1,0,0,0,0,0,0,0,0,0,0,0,0,0,0
4003,shes having a baby,1988.0,0,0,0,0,0,1,0,0,0,0,0,0,0,0,0,0,0,0,0,0
4005,living daylights the,1987.0,0,1,1,0,0,0,0,0,0,0,0,0,0,0,0,0,0,1,0,0
4006,transformers the movie,1986.0,0,0,1,1,1,0,0,0,0,0,0,0,0,0,0,0,1,0,0,0
4007,wall street,1987.0,0,0,0,0,0,0,0,0,1,0,0,0,0,0,0,0,0,0,0,0
4008,born on the fourth of july,1989.0,0,0,0,0,0,0,0,0,1,0,0,0,0,0,0,0,0,0,1,0
4009,talk radio,1988.0,0,0,0,0,0,0,0,0,1,0,0,0,0,0,0,0,0,0,0,0
4010,brewsters millions,1985.0,0,0,0,0,0,1,0,0,0,0,0,0,0,0,0,0,0,0,0,0
4011,snatch,2000.0,0,0,0,0,0,1,1,0,0,0,0,0,0,0,0,0,0,1,0,0
4012,punchline,1988.0,0,0,0,0,0,1,0,0,1,0,0,0,0,0,0,0,0,0,0,0
4014,chocolat,2000.0,0,0,0,0,0,0,0,0,1,0,0,0,0,0,0,1,0,0,0,0
4015,dude wheres my car,2000.0,0,0,0,0,0,1,0,0,0,0,0,0,0,0,0,0,1,0,0,0
4016,emperors new groove the,2000.0,0,0,1,1,1,1,0,0,0,1,0,0,0,0,0,0,0,0,0,0
4017,pollock,2000.0,0,0,0,0,0,0,0,0,1,0,0,0,0,0,0,0,0,0,0,0
4018,what women want,2000.0,0,0,0,0,0,1,0,0,0,0,0,0,0,0,0,1,0,0,0,0
4019,finding forrester,2000.0,0,0,0,0,0,0,0,0,1,0,0,0,0,0,0,0,0,0,0,0
4020,gift the,2000.0,0,0,0,0,0,0,0,0,0,0,0,0,0,0,0,0,0,1,0,0
4021,before night falls,2000.0,0,0,0,0,0,0,0,0,1,0,0,0,0,0,0,0,0,0,0,0
4022,cast away,2000.0,0,0,0,0,0,0,0,0,1,0,0,0,0,0,0,0,0,0,0,0
4023,family man the,2000.0,0,0,0,0,0,1,0,0,1,0,0,0,0,0,0,1,0,0,0,0
4024,house of mirth the,2000.0,0,0,0,0,0,0,0,0,0,0,0,0,0,0,0,1,0,0,0,0
4025,miss congeniality,2000.0,0,0,0,0,0,1,1,0,0,0,0,0,0,0,0,0,0,0,0,0
4027,o brother where art thou,2000.0,0,0,1,0,0,1,1,0,0,0,0,0,0,0,0,0,0,0,0,0
4029,state and main,2000.0,0,0,0,0,0,1,0,0,1,0,0,0,0,0,0,0,0,0,0,0
4030,dracula 2000,2000.0,0,0,0,0,0,0,0,0,0,0,0,1,0,0,0,0,0,0,0,0
4031,all the pretty horses,2000.0,0,0,0,0,0,0,0,0,1,0,0,0,0,0,0,1,0,0,0,1
4032,everlasting piece an,2000.0,0,0,0,0,0,1,0,0,0,0,0,0,0,0,0,0,0,0,0,0
4033,thirteen days,2000.0,0,0,0,0,0,0,0,0,1,0,0,0,0,0,0,0,0,1,1,0
4034,traffic,2000.0,0,0,0,0,0,0,1,0,1,0,0,0,0,0,0,0,0,1,0,0
4035,claim the,2000.0,0,0,0,0,0,0,0,0,0,0,0,0,0,0,0,1,0,0,0,1
4036,shadow of the vampire,2000.0,0,0,0,0,0,0,0,0,1,0,0,1,0,0,0,0,0,0,0,0
4037,house of games,1987.0,0,0,0,0,0,0,1,0,0,0,1,0,0,0,1,0,0,1,0,0
4039,annie,1982.0,0,0,0,0,1,0,0,0,0,0,0,0,0,1,0,0,0,0,0,0
4040,dont tell mom the babysitters dead,1991.0,0,0,0,0,0,1,0,0,0,0,0,0,0,0,0,0,0,0,0,0
4041,officer and a gentleman an,1982.0,0,0,0,0,0,0,0,0,1,0,0,0,0,0,0,1,0,0,0,0
4042,alamo the,1960.0,0,1,0,0,0,0,0,0,1,0,0,0,0,0,0,0,0,0,1,1
4043,at close range,1986.0,0,0,0,0,0,0,1,0,1,0,0,0,0,0,0,0,0,0,0,0
4046,friendly persuasion,1956.0,0,0,0,0,0,0,0,0,1,0,0,0,0,0,0,0,0,0,0,0
4047,gettysburg,1993.0,0,0,0,0,0,0,0,0,1,0,0,0,0,0,0,0,0,0,1,0
4051,horrors of spider island ein toter hing im netz,1960.0,0,0,0,0,0,0,0,0,0,0,0,1,0,0,0,0,1,0,0,0
4052,antitrust,2001.0,0,0,0,0,0,0,1,0,1,0,0,0,0,0,0,0,0,1,0,0
4053,double take,2001.0,0,1,0,0,0,1,0,0,0,0,0,0,0,0,0,0,0,0,0,0
4054,save the last dance,2001.0,0,0,0,0,0,0,0,0,1,0,0,0,0,0,0,1,0,0,0,0
4055,panic,2000.0,0,0,0,0,0,0,0,0,1,0,0,0,0,0,0,0,0,0,0,0
4056,pledge the,2001.0,0,0,0,0,0,0,1,0,1,0,0,0,0,0,1,0,0,1,0,0
4061,the man in the moon,1991.0,0,0,0,0,0,0,0,0,1,0,0,0,0,0,0,1,0,0,0,0
4062,mystic pizza,1988.0,0,0,0,0,0,1,0,0,1,0,0,0,0,0,0,1,0,0,0,0
4063,prelude to a kiss,1992.0,0,0,0,0,0,1,0,0,1,0,0,0,0,0,0,1,0,0,0,0
4064,coffy,1973.0,0,1,0,0,0,0,1,0,0,0,0,0,0,0,0,0,0,1,0,0
4065,foxy brown,1974.0,0,1,0,0,0,0,1,0,1,0,0,0,0,0,0,0,0,0,0,0
4066,im gonna git you sucka,1988.0,0,1,0,0,0,1,0,0,0,0,0,0,0,0,0,0,0,0,0,0
4067,untamed heart,1993.0,0,0,0,0,0,0,0,0,1,0,0,0,0,0,0,1,0,0,0,0
4068,sugar  spice,2001.0,0,0,0,0,0,1,0,0,0,0,0,0,0,0,0,0,0,0,0,0
4069,wedding planner the,2001.0,0,0,0,0,0,1,0,0,0,0,0,0,0,0,0,1,0,0,0,0
4074,legend of rita the stille nach dem schuß die,1999.0,0,0,0,0,0,0,0,0,1,0,0,0,0,0,0,0,0,0,0,0
4077,with a friend like harry harry un ami qui vous veut du bien,2000.0,0,0,0,0,0,0,0,0,1,0,0,0,0,0,0,0,0,1,0,0
4078,amazing grace and chuck,1987.0,0,0,0,0,0,0,0,0,1,0,0,0,0,0,0,0,0,0,0,0
4079,amazon women on the moon,1987.0,0,0,0,0,0,1,0,0,0,0,0,0,0,0,0,0,1,0,0,0
4080,baby boom,1987.0,0,0,0,0,0,1,0,0,0,0,0,0,0,0,0,0,0,0,0,0
4081,back to the beach,1987.0,0,0,0,0,0,1,0,0,0,0,0,0,0,0,0,0,0,0,0,0
4082,barfly,1987.0,0,0,0,0,0,1,0,0,1,0,0,0,0,0,0,1,0,0,0,0
4083,best seller,1987.0,0,0,0,0,0,0,0,0,0,0,0,0,0,0,0,0,0,1,0,0
4084,beverly hills cop ii,1987.0,0,1,0,0,0,1,1,0,0,0,0,0,0,0,0,0,0,1,0,0
4085,beverly hills cop,1984.0,0,1,0,0,0,1,1,0,1,0,0,0,0,0,0,0,0,0,0,0
4086,big easy the,1987.0,0,1,0,0,0,0,1,0,0,0,0,0,0,0,1,1,0,1,0,0
4089,born in east la,1987.0,0,0,0,0,0,1,0,0,0,0,0,0,0,0,0,0,0,0,0,0
4090,brave little toaster the,1987.0,0,0,0,1,1,0,0,0,0,0,0,0,0,0,0,0,0,0,0,0
4091,cant buy me love,1987.0,0,0,0,0,0,1,0,0,0,0,0,0,0,0,0,1,0,0,0,0
4092,cherry 2000,1987.0,0,0,0,0,0,0,0,0,0,0,0,0,0,0,0,1,1,0,0,0
4093,cop,1988.0,0,0,0,0,0,0,0,0,0,0,0,0,0,0,0,0,0,1,0,0
4102,eddie murphy raw,1987.0,0,0,0,0,0,1,0,1,0,0,0,0,0,0,0,0,0,0,0,0
4103,empire of the sun,1987.0,0,1,1,0,0,0,0,0,1,0,0,0,0,0,0,0,0,0,1,0
4104,ernest goes to camp,1987.0,0,0,0,0,0,1,0,0,0,0,0,0,0,0,0,0,0,0,0,0
4105,evil dead the,1981.0,0,0,0,0,0,0,0,0,0,1,0,1,0,0,0,0,0,1,0,0
4109,flowers in the attic,1987.0,0,0,0,0,0,0,0,0,1,0,0,0,0,0,0,0,0,1,0,0
4110,fourth protocol the,1987.0,0,0,0,0,0,0,0,0,0,0,0,0,0,0,0,0,0,1,0,0
4111,gardens of stone,1987.0,0,0,0,0,0,0,0,0,1,0,0,0,0,0,0,0,0,0,1,0
4113,glass menagerie the,1987.0,0,0,0,0,0,0,0,0,1,0,0,0,0,0,0,0,0,0,0,0
4115,hiding out,1987.0,0,0,0,0,0,1,0,0,0,0,0,0,0,0,0,0,0,0,0,0
4116,hollywood shuffle,1987.0,0,0,0,0,0,1,0,0,0,0,0,0,0,0,0,0,0,0,0,0
4117,hope and glory,1987.0,0,0,0,0,0,0,0,0,1,0,0,0,0,0,0,0,0,0,0,0
4121,innerspace,1987.0,0,1,1,0,0,1,0,0,0,0,0,0,0,0,0,0,1,0,0,0
4123,ishtar,1987.0,0,0,0,0,0,1,0,0,0,0,0,0,0,0,0,0,0,0,0,0
4124,jaws the revenge,1987.0,0,0,0,0,0,0,0,0,0,0,0,1,0,0,0,0,0,1,0,0
4125,leonard part 6,1987.0,0,0,0,0,0,1,0,0,0,0,0,0,0,0,0,0,1,0,0,0
4126,less than zero,1987.0,0,0,0,0,0,0,0,0,1,0,0,0,0,0,0,0,0,0,0,0
4127,like father like son,1987.0,0,0,0,0,0,1,0,0,0,0,0,0,0,0,0,0,0,0,0,0
4128,lost boys the,1987.0,0,0,0,0,0,1,0,0,0,0,0,1,0,0,0,0,0,1,0,0
4129,made in heaven,1987.0,0,0,0,0,0,0,0,0,0,1,0,0,0,0,0,1,0,0,0,0
4130,maid to order,1987.0,0,0,0,0,0,1,0,0,0,1,0,0,0,0,0,0,0,0,0,0
4131,making mr right,1987.0,0,0,0,0,0,1,0,0,0,0,0,0,0,0,0,1,1,0,0,0
4132,mannequin,1987.0,0,0,0,0,0,1,0,0,0,0,0,0,0,0,0,1,0,0,0,0
4133,masters of the universe,1987.0,0,1,1,0,0,0,0,0,0,1,0,0,0,0,0,0,1,0,0,0
4135,monster squad the,1987.0,0,0,1,0,0,1,0,0,0,0,0,1,0,0,0,0,0,0,0,0
4138,my demon lover,1987.0,0,0,0,0,0,1,0,0,0,0,0,1,0,0,0,0,0,0,0,0
4139,no mans land,1987.0,0,0,0,0,0,0,1,0,1,0,0,0,0,0,0,0,0,0,0,0
4141,head over heels,2001.0,0,0,0,0,0,1,0,0,0,0,0,0,0,0,0,1,0,0,0,0
4142,left behind the movie,2000.0,0,1,1,0,0,0,0,0,1,0,0,0,0,0,0,0,0,1,0,0
4143,valentine,2001.0,0,0,0,0,0,0,0,0,0,0,0,1,0,0,1,0,0,0,0,0
4144,in the mood for love fa yeung nin wa,2000.0,0,0,0,0,0,0,0,0,1,0,0,0,0,0,0,1,0,0,0,0
4146,million dollar hotel the,2001.0,0,0,0,0,0,0,0,0,1,0,0,0,0,0,1,1,0,0,0,0
4147,nico and dani krámpack,2000.0,0,0,0,0,0,1,0,0,1,0,0,0,0,0,0,1,0,0,0,0
4148,hannibal,2001.0,0,0,0,0,0,0,0,0,0,0,0,1,0,0,0,0,0,1,0,0
4149,saving silverman evil woman,2001.0,0,0,0,0,0,1,0,0,0,0,0,0,0,0,0,1,0,0,0,0
4152,vatel,2000.0,0,0,0,0,0,0,0,0,1,0,0,0,0,0,0,0,0,0,0,0
4153,down to earth,2001.0,0,0,0,0,0,1,0,0,0,1,0,0,0,0,0,1,0,0,0,0
4154,recess schools out,2001.0,0,0,0,1,1,0,0,0,0,0,0,0,0,0,0,0,0,0,0,0
4155,sweet november,2001.0,0,0,0,0,0,0,0,0,1,0,0,0,0,0,0,1,0,0,0,0
4156,company man,2000.0,0,0,0,0,0,1,0,0,0,0,0,0,0,0,0,0,0,0,0,0
4157,price of milk the,2000.0,0,0,0,0,0,1,0,0,1,1,0,0,0,0,0,1,0,0,0,0
4158,monkeybone,2001.0,0,0,0,1,0,1,0,0,0,1,0,0,0,0,0,0,0,0,0,0
4159,3000 miles to graceland,2001.0,0,1,0,0,0,0,0,0,0,0,0,0,0,0,0,0,0,1,0,0
4160,widow of st pierre the veuve de saintpierre la,2000.0,0,0,0,0,0,0,0,0,1,0,0,0,0,0,0,1,0,0,0,0
4161,mexican the,2001.0,0,1,0,0,0,1,0,0,0,0,0,0,0,0,0,0,0,0,0,0
4164,cavemans valentine the,2001.0,0,0,0,0,0,0,0,0,1,0,0,0,0,0,0,0,0,0,0,0
4166,series 7 the contenders,2001.0,0,1,0,0,0,0,0,0,1,0,0,0,0,0,0,0,0,0,0,0
4167,15 minutes,2001.0,0,0,0,0,0,0,0,0,0,0,0,0,0,0,0,0,0,1,0,0
4168,get over it,2001.0,0,0,0,0,0,1,0,0,0,0,0,0,0,0,0,1,0,0,0,0
4171,long nights journey into day,2000.0,0,0,0,0,0,0,0,1,0,0,0,0,0,0,0,0,0,0,0,0
4174,avalon,1990.0,0,0,0,0,0,0,0,0,1,0,0,0,0,0,0,0,0,0,0,0
4175,grays anatomy,1996.0,0,0,0,0,0,1,0,0,1,0,0,0,0,0,0,0,0,0,0,0
4178,of mice and men,1939.0,0,0,0,0,0,0,0,0,1,0,0,0,0,0,0,0,0,0,0,0
4180,reform school girls,1986.0,0,1,0,0,0,0,0,0,1,0,0,0,0,0,0,0,0,0,0,0
4181,tapeheads,1988.0,0,0,0,0,0,1,0,0,0,0,0,0,0,0,0,0,0,0,0,0
4184,bishops wife the,1947.0,0,0,0,0,0,1,0,0,1,0,0,0,0,0,0,1,0,0,0,0
4187,lilies of the field,1963.0,0,0,0,0,0,0,0,0,1,0,0,0,0,0,0,0,0,0,0,0
4189,greatest story ever told the,1965.0,0,0,0,0,0,0,0,0,1,0,0,0,0,0,0,0,0,0,0,0
4190,elmer gantry,1960.0,0,0,0,0,0,0,0,0,1,0,0,0,0,0,0,0,0,0,0,0
4191,alfie,1966.0,0,0,0,0,0,1,0,0,1,0,0,0,0,0,0,1,0,0,0,0
4193,fantasticks the,1995.0,0,0,0,0,0,0,0,0,0,0,0,0,0,1,0,0,0,0,0,0
4194,i know where im going,1945.0,0,0,0,0,0,0,0,0,1,0,0,0,0,0,0,1,0,0,1,0
4195,abominable dr phibes the,1971.0,0,0,0,0,0,0,0,0,0,0,0,1,0,0,1,0,0,0,0,0
4197,real life,1979.0,0,0,0,0,0,1,0,0,0,0,0,0,0,0,0,0,0,0,0,0
4198,battle beyond the stars,1980.0,0,0,0,0,0,0,0,0,0,0,0,0,0,0,0,0,1,0,0,0
4200,double impact,1991.0,0,1,0,0,0,0,0,0,0,0,0,0,0,0,0,0,0,0,0,0
4202,fuzz,1972.0,0,0,0,0,0,0,0,0,1,0,0,0,0,0,0,0,0,0,0,0
4203,harley davidson and the marlboro man,1991.0,0,1,0,0,0,0,1,0,1,0,0,0,0,0,0,0,0,0,0,0
4204,losin it,1983.0,0,0,0,0,0,1,0,0,0,0,0,0,0,0,0,0,0,0,0,0
4205,mermaids,1990.0,0,0,0,0,0,1,0,0,1,0,0,0,0,0,0,1,0,0,0,0
4207,navy seals,1990.0,0,1,1,0,0,0,0,0,0,0,0,0,0,0,0,0,0,0,1,0
4210,manhunter,1986.0,0,1,0,0,0,0,1,0,1,0,0,1,0,0,0,0,0,1,0,0
4211,reversal of fortune,1990.0,0,0,0,0,0,0,0,0,1,0,0,0,0,0,0,0,0,0,0,0
4212,death on the nile,1978.0,0,0,0,0,0,0,1,0,0,0,0,0,0,0,1,0,0,0,0,0
4214,revenge of the nerds,1984.0,0,0,0,0,0,1,0,0,0,0,0,0,0,0,0,0,0,0,0,0
4215,revenge of the nerds ii nerds in paradise,1987.0,0,0,0,0,0,1,0,0,0,0,0,0,0,0,0,0,0,0,0,0
4217,4 little girls,1997.0,0,0,0,0,0,0,0,1,0,0,0,0,0,0,0,0,0,0,0,0
4218,rivers edge,1986.0,0,0,0,0,0,0,1,0,1,0,0,0,0,0,0,0,0,0,0,0
4219,girls just want to have fun,1985.0,0,0,0,0,0,1,0,0,0,0,0,0,0,0,0,0,0,0,0,0
4220,longest yard the,1974.0,0,0,0,0,0,1,0,0,0,0,0,0,0,0,0,0,0,0,0,0
4221,necessary roughness,1991.0,0,0,0,0,0,1,0,0,0,0,0,0,0,0,0,0,0,0,0,0
4223,enemy at the gates,2001.0,0,0,0,0,0,0,0,0,1,0,0,0,0,0,0,0,0,0,1,0
4224,exit wounds,2001.0,0,1,0,0,0,0,0,0,0,0,0,0,0,0,0,0,0,1,0,0
4225,dish the,2001.0,0,0,0,0,0,1,0,0,0,0,0,0,0,0,0,0,0,0,0,0
4226,memento,2000.0,0,0,0,0,0,0,0,0,0,0,0,0,0,0,1,0,0,1,0,0
4228,heartbreakers,2001.0,0,0,0,0,0,1,1,0,0,0,0,0,0,0,0,1,0,0,0,0
4229,say it isnt so,2001.0,0,0,0,0,0,1,0,0,0,0,0,0,0,0,0,1,0,0,0,0
4231,someone like you,2001.0,0,0,0,0,0,1,0,0,0,0,0,0,0,0,0,1,0,0,0,0
4232,spy kids,2001.0,0,1,1,0,1,1,0,0,0,0,0,0,0,0,0,0,0,0,0,0
4233,tomcats,2001.0,0,0,0,0,0,1,0,0,0,0,0,0,0,0,0,0,0,0,0,0
4234,tailor of panama the,2001.0,0,0,0,0,0,0,0,0,1,0,0,0,0,0,0,0,0,1,0,0
4235,amores perros loves a bitch,2000.0,0,0,0,0,0,0,0,0,1,0,0,0,0,0,0,0,0,1,0,0
4236,keep the river on your right a modern cannibal tale,2000.0,0,0,0,0,0,0,0,1,0,0,0,0,0,0,0,0,0,0,0,0
4237,gleaners  i the les glaneurs et la glaneuse,2000.0,0,0,0,0,0,0,0,1,0,0,0,0,0,0,0,0,0,0,0,0
4238,along came a spider,2001.0,0,1,0,0,0,0,1,0,0,0,0,0,0,0,1,0,0,1,0,0
4239,blow,2001.0,0,0,0,0,0,0,1,0,1,0,0,0,0,0,0,0,0,0,0,0
4240,just visiting,2001.0,0,0,0,0,0,1,0,0,0,1,0,0,0,0,0,0,0,0,0,0
4241,pokémon 3 the movie,2001.0,0,0,0,1,1,0,0,0,0,0,0,0,0,0,0,0,0,0,0,0
4242,beautiful creatures,2000.0,0,0,0,0,0,1,1,0,1,0,0,0,0,0,0,0,0,1,0,0
4243,brigham city,2001.0,0,0,0,0,0,0,1,0,1,0,0,0,0,0,1,0,0,0,0,0
4246,bridget joness diary,2001.0,0,0,0,0,0,1,0,0,1,0,0,0,0,0,0,1,0,0,0,0
4247,joe dirt,2001.0,0,0,1,0,0,1,0,0,0,0,0,0,0,0,1,1,0,0,0,0
4248,josie and the pussycats,2001.0,0,0,0,0,0,1,0,0,0,0,0,0,0,0,0,0,0,0,0,0
4251,chopper,2000.0,0,0,0,0,0,0,0,0,1,0,0,0,0,0,0,0,0,1,0,0
4252,circle the dayereh,2000.0,0,0,0,0,0,0,0,0,1,0,0,0,0,0,0,0,0,0,0,0
4254,crocodile dundee in los angeles,2001.0,0,0,0,0,0,1,0,0,1,0,0,0,0,0,0,0,0,0,0,0
4255,freddy got fingered,2001.0,0,0,0,0,0,1,0,0,0,0,0,0,0,0,0,0,0,0,0,0
4256,center of the world the,2001.0,0,0,0,0,0,0,0,0,1,0,0,0,0,0,0,0,0,0,0,0
4259,luzhin defence the,2000.0,0,0,0,0,0,0,0,0,1,0,0,0,0,0,0,1,0,0,0,0
4260,visit the,2000.0,0,0,0,0,0,0,0,0,1,0,0,0,0,0,0,0,0,0,0,0
4262,scarface,1983.0,0,1,0,0,0,0,1,0,1,0,0,0,0,0,0,0,0,0,0,0
4263,days of wine and roses,1962.0,0,0,0,0,0,0,0,0,1,0,0,0,0,0,0,0,0,0,0,0
4265,driven,2001.0,0,1,0,0,0,0,0,0,0,0,0,0,0,0,0,0,0,1,0,0
4267,one night at mccools,2001.0,0,0,0,0,0,1,0,0,0,0,0,0,0,0,0,0,0,0,0,0
4268,town  country,2001.0,0,0,0,0,0,1,0,0,0,0,0,0,0,0,0,0,0,0,0,0
4270,mummy returns the,2001.0,0,1,1,0,0,1,0,0,0,0,0,0,0,0,0,0,0,1,0,0
4273,under the sand,2000.0,0,0,0,0,0,0,0,0,1,0,0,0,0,0,0,0,0,0,0,0
4275,krull,1983.0,0,1,1,0,0,0,0,0,0,1,0,0,0,0,0,0,1,0,0,0
4276,lost in america,1985.0,0,0,0,0,0,1,0,0,0,0,0,0,0,0,0,0,0,0,0,0
4278,triumph of the will triumph des willens,1934.0,0,0,0,0,0,0,0,1,0,0,0,0,0,0,0,0,0,0,0,0
4280,world according to garp the,1982.0,0,0,0,0,0,1,0,0,1,0,0,0,0,0,0,1,0,0,0,0
4282,fellini satyricon,1969.0,0,0,0,0,0,0,0,0,1,1,0,0,0,0,0,0,0,0,0,0
4284,frankie and johnny,1966.0,0,0,0,0,0,1,0,0,0,0,0,0,0,0,0,0,0,0,0,0
4285,frankie and johnny,1991.0,0,0,0,0,0,1,0,0,0,0,0,0,0,0,0,1,0,0,0,0
4289,city of women the città delle donne la,1980.0,0,0,0,0,0,1,0,0,1,0,0,0,0,0,0,0,0,0,0,0
4290,for the boys,1991.0,0,0,0,0,0,1,0,0,1,0,0,0,0,1,0,0,0,0,0,0
4291,nine to five aka 9 to 5,1980.0,0,0,0,0,0,1,1,0,0,0,0,0,0,0,0,0,0,0,0,0
4292,norma rae,1979.0,0,0,0,0,0,0,0,0,1,0,0,0,0,0,0,0,0,0,0,0
4293,summer rental,1985.0,0,0,0,0,0,1,0,0,0,0,0,0,0,0,0,0,0,0,0,0
4294,5000 fingers of dr t the,1953.0,0,0,0,0,1,0,0,0,0,1,0,0,0,1,0,0,0,0,0,0
4296,love story,1970.0,0,0,0,0,0,0,0,0,1,0,0,0,0,0,0,1,0,0,0,0
4297,pelle the conqueror pelle erobreren,1987.0,0,0,0,0,0,0,0,0,1,0,0,0,0,0,0,0,0,0,0,0
4298,rififi du rififi chez les hommes,1955.0,0,0,0,0,0,0,1,0,0,0,1,0,0,0,0,0,0,1,0,0
4299,knights tale a,2001.0,0,1,0,0,0,1,0,0,0,0,0,0,0,0,0,1,0,0,0,0
4300,bread and roses,2000.0,0,0,0,0,0,0,0,0,1,0,0,0,0,0,0,0,0,0,0,0
4304,startupcom,2001.0,0,0,0,0,0,0,0,1,0,0,0,0,0,0,0,0,0,0,0,0
4305,angel eyes,2001.0,0,0,0,0,0,0,0,0,0,0,0,0,0,0,0,1,0,1,0,0
4306,shrek,2001.0,0,0,1,1,1,1,0,0,0,1,0,0,0,0,0,1,0,0,0,0
4307,fast food fast women,2000.0,0,0,0,0,0,1,0,0,0,0,0,0,0,0,0,1,0,0,0,0
4308,moulin rouge,2001.0,0,0,0,0,0,0,0,0,1,0,0,0,0,1,0,1,0,0,0,0
4310,pearl harbor,2001.0,0,1,0,0,0,0,0,0,1,0,0,0,0,0,0,1,0,0,1,0
4312,himalaya himalaya  lenfance dun chef,1999.0,0,0,1,0,0,0,0,0,1,0,0,0,0,0,0,0,0,0,0,0
4313,man who cried the,2000.0,0,0,0,0,0,0,0,0,1,0,0,0,0,0,0,0,0,0,0,0
4316,ice castles,1978.0,0,0,0,0,0,0,0,0,1,0,0,0,0,0,0,0,0,0,0,0
4317,love potion 9,1992.0,0,0,0,0,0,1,0,0,0,0,0,0,0,0,0,1,0,0,0,0
4321,city slickers,1991.0,0,0,0,0,0,1,0,0,0,0,0,0,0,0,0,0,0,0,0,1
4322,eight men out,1988.0,0,0,0,0,0,0,0,0,1,0,0,0,0,0,0,0,0,0,0,0
4323,horse soldiers the,1959.0,0,0,1,0,0,0,0,0,0,0,0,0,0,0,0,0,0,0,1,1
4325,night the notte la,1960.0,0,0,0,0,0,0,0,0,1,0,0,0,0,0,0,0,0,0,0,0
4326,mississippi burning,1988.0,0,0,0,0,0,0,1,0,1,0,0,0,0,0,0,0,0,1,0,0
4327,magnificent seven the,1960.0,0,0,1,0,0,0,0,0,0,0,0,0,0,0,0,0,0,0,0,1
4329,rio bravo,1959.0,0,0,0,0,0,0,0,0,0,0,0,0,0,0,0,0,0,0,0,1
4333,throw momma from the train,1987.0,0,0,0,0,0,1,1,0,0,0,0,0,0,0,0,0,0,0,0,0
4334,yi yi,2000.0,0,0,0,0,0,0,0,0,1,0,0,0,0,0,0,0,0,0,0,0
4337,sand pebbles the,1966.0,0,0,0,0,0,0,0,0,1,0,0,0,0,0,0,1,0,0,1,0
4338,twelve oclock high,1949.0,0,0,0,0,0,0,0,0,1,0,0,0,0,0,0,0,0,0,1,0
4339,von ryans express,1965.0,0,1,1,0,0,0,0,0,1,0,0,0,0,0,0,0,0,0,1,0
4340,animal the,2001.0,0,0,0,0,0,1,0,0,0,0,0,0,0,0,0,0,0,0,0,0
4342,big eden,2000.0,0,0,0,0,0,0,0,0,1,0,0,0,0,0,0,1,0,0,0,0
4343,evolution,2001.0,0,0,0,0,0,1,0,0,0,0,0,0,0,0,0,0,1,0,0,0
4344,swordfish,2001.0,0,1,0,0,0,0,1,0,1,0,0,0,0,0,0,0,0,0,0,0
4345,anniversary party the,2001.0,0,0,0,0,0,0,0,0,1,0,0,0,0,0,0,0,0,0,0,0
4347,divided we fall musíme si pomáhat,2000.0,0,0,0,0,0,1,0,0,1,0,0,0,0,0,0,0,0,0,0,0
4349,catch22,1970.0,0,0,0,0,0,1,0,0,0,0,0,0,0,0,0,0,0,0,1,0
4350,forgotten silver,1996.0,0,0,0,0,0,1,0,1,0,0,0,0,0,0,0,0,0,0,0,0
4351,point break,1991.0,0,1,0,0,0,0,1,0,0,0,0,0,0,0,0,0,0,1,0,0
4353,uncommon valor,1983.0,0,1,0,0,0,0,0,0,0,0,0,0,0,0,0,0,0,0,1,0
4354,unlawful entry,1992.0,0,0,0,0,0,0,1,0,0,0,0,0,0,0,0,0,0,1,0,0
4355,youngblood,1986.0,0,1,0,0,0,0,0,0,1,0,0,0,0,0,0,0,0,0,0,0
4356,gentlemen prefer blondes,1953.0,0,0,0,0,0,1,0,0,0,0,0,0,0,1,0,1,0,0,0,0
4357,how to marry a millionaire,1953.0,0,0,0,0,0,1,0,0,1,0,0,0,0,0,0,1,0,0,0,0
4359,seven year itch the,1955.0,0,0,0,0,0,1,0,0,0,0,0,0,0,0,0,0,0,0,0,0
4361,tootsie,1982.0,0,0,0,0,0,1,0,0,0,0,0,0,0,0,0,1,0,0,0,0
4366,atlantis the lost empire,2001.0,0,0,1,1,1,0,0,0,0,1,0,0,0,0,0,0,0,0,0,0
4367,lara croft tomb raider,2001.0,0,1,1,0,0,0,0,0,0,0,0,0,0,0,0,0,0,0,0,0
4368,dr dolittle 2,2001.0,0,0,0,0,0,1,0,0,0,0,0,0,0,0,0,0,0,0,0,0
4369,fast and the furious the,2001.0,0,1,0,0,0,0,1,0,0,0,0,0,0,0,0,0,0,1,0,0
4370,ai artificial intelligence,2001.0,0,0,1,0,0,0,0,0,1,0,0,0,0,0,0,0,1,0,0,0
4371,baby boy,2001.0,0,0,0,0,0,0,1,0,1,0,0,0,0,0,0,0,0,0,0,0
4372,crazybeautiful,2001.0,0,0,0,0,0,0,0,0,1,0,0,0,0,0,0,1,0,0,0,0
4373,pootie tang,2001.0,0,0,0,0,0,1,0,0,0,0,0,0,0,0,0,0,0,0,0,0
4374,let it snow,1999.0,0,0,0,0,0,1,0,0,0,0,0,0,0,0,0,1,0,0,0,0
4378,sexy beast,2000.0,0,0,0,0,0,0,1,0,1,0,0,0,0,0,0,0,0,0,0,0
4380,princess and the warrior the krieger und die kaiserin der,2000.0,0,0,0,0,0,0,0,0,1,0,0,0,0,0,0,1,0,0,0,0
4381,closet the placard le,2001.0,0,0,0,0,0,1,0,0,0,0,0,0,0,0,0,0,0,0,0,0
4383,crimson rivers the rivières pourpres les,2000.0,0,0,0,0,0,0,1,0,1,0,0,0,0,0,1,0,0,1,0,0
4384,lumumba,2000.0,0,0,0,0,0,0,0,0,1,0,0,0,0,0,0,0,0,0,0,0
4386,cats  dogs,2001.0,0,0,0,0,1,1,0,0,0,0,0,0,0,0,0,0,0,0,0,0
4387,kiss of the dragon,2001.0,0,1,0,0,0,0,0,0,0,0,0,0,0,0,0,0,0,0,0,0
4388,scary movie 2,2001.0,0,0,0,0,0,1,0,0,0,0,0,0,0,0,0,0,0,0,0,0
4389,lost and delirious,2001.0,0,0,0,0,0,0,0,0,1,0,0,0,0,0,0,0,0,0,0,0
4390,rape me baisemoi,2000.0,0,0,0,0,0,0,1,0,1,0,0,0,0,0,0,0,0,1,0,0
4392,alice,1990.0,0,0,0,0,0,1,0,0,1,1,0,0,0,0,0,1,0,0,0,0
4393,another woman,1988.0,0,0,0,0,0,0,0,0,1,0,0,0,0,0,0,0,0,0,0,0
4394,beach blanket bingo,1965.0,0,0,0,0,0,1,0,0,0,0,0,0,0,1,0,0,0,0,0,0
4395,big deal on madonna street i soliti ignoti,1958.0,0,0,0,0,0,1,1,0,0,0,0,0,0,0,0,0,0,0,0,0
4396,cannonball run the,1981.0,0,1,0,0,0,1,0,0,0,0,0,0,0,0,0,0,0,0,0,0
4397,cannonball run ii,1984.0,0,1,0,0,0,1,0,0,0,0,0,0,0,0,0,0,0,0,0,0
4399,diary of a chambermaid journal dune femme de chambre le,1964.0,0,0,0,0,0,1,0,0,1,0,0,0,0,0,0,0,0,0,0,0
4402,dr goldfoot and the bikini machine,1965.0,0,0,0,0,0,1,0,0,0,0,0,0,0,0,0,0,0,0,0,0
4403,fall of the house of usher the house of usher,1960.0,0,0,0,0,0,0,0,0,0,0,0,1,0,0,0,0,0,0,0,0
4404,faust,1926.0,0,0,0,0,0,0,0,0,1,1,0,1,0,0,0,0,0,0,0,0
4406,man who shot liberty valance the,1962.0,0,0,0,0,0,0,1,0,1,0,0,0,0,0,0,0,0,0,0,1
4407,salvador,1986.0,0,0,0,0,0,0,0,0,1,0,0,0,0,0,0,0,0,1,1,0
4408,september,1987.0,0,0,0,0,0,0,0,0,1,0,0,0,0,0,0,0,0,0,0,0
4409,shadows and fog,1991.0,0,0,0,0,0,1,0,0,1,0,0,0,0,0,1,0,0,1,0,0
4410,something wild,1986.0,0,0,0,0,0,1,1,0,1,0,0,0,0,0,0,0,0,0,0,0
4412,thing with two heads the,1972.0,0,0,0,0,0,1,0,0,0,0,0,1,0,0,0,0,1,0,0,0
4419,all that heaven allows,1955.0,0,0,0,0,0,0,0,0,1,0,0,0,0,0,0,1,0,0,0,0
4420,barefoot contessa the,1954.0,0,0,0,0,0,0,0,0,1,0,0,0,0,0,0,0,0,0,0,0
4422,cries and whispers viskningar och rop,1972.0,0,0,0,0,0,0,0,0,1,0,0,0,0,0,0,0,0,0,0,0
4424,garden of the finzicontinis the giardino dei finzicontini il,1970.0,0,0,0,0,0,0,0,0,1,0,0,0,0,0,0,0,0,0,0,0
4426,kiss me deadly,1955.0,0,0,0,0,0,0,0,0,0,0,1,0,0,0,0,0,0,0,0,0
4427,lion in winter the,1968.0,0,0,0,0,0,0,0,0,1,0,0,0,0,0,0,0,0,0,0,0
4428,misfits the,1961.0,0,0,0,0,0,1,0,0,1,0,0,0,0,0,0,1,0,0,0,1
4429,moby dick,1956.0,0,0,0,0,0,0,0,0,1,0,0,0,0,0,0,0,0,0,0,0
4432,sweet smell of success,1957.0,0,0,0,0,0,0,0,0,1,0,1,0,0,0,0,0,0,0,0,0
4433,written on the wind,1956.0,0,0,0,0,0,0,0,0,1,0,0,0,0,0,0,0,0,0,0,0
4434,10th victim the la decima vittima,1965.0,0,1,0,0,0,1,0,0,0,0,0,0,0,0,0,0,1,1,0,0
4436,obsession,1976.0,0,0,0,0,0,0,0,0,0,0,0,0,0,0,1,0,0,1,0,0
4437,suspiria,1977.0,0,0,0,0,0,0,0,0,0,0,0,1,0,0,0,0,0,0,0,0
4438,fist of fury chinese connection the jing wu men,1972.0,0,1,0,0,0,0,0,0,1,0,0,0,0,0,0,1,0,1,0,0
4439,christiane f aka we children from bahnhof zoo christiane f  wir kinder vom bahnhof zoo,1981.0,0,0,0,0,0,0,0,0,1,0,0,0,0,0,0,0,0,0,0,0
4440,big boss the fists of fury tang shan da xiong,1971.0,0,1,0,0,0,0,0,0,0,0,0,0,0,0,0,0,0,1,0,0
4441,game of death,1978.0,0,1,0,0,0,0,0,0,0,0,0,0,0,0,0,0,0,0,0,0
4442,last dragon the,1985.0,0,1,0,0,0,1,0,0,1,0,0,0,0,0,0,0,0,0,0,0
4443,outland,1981.0,0,1,0,0,0,0,0,0,0,0,0,0,0,0,0,0,1,1,0,0
4444,way of the dragon the aka return of the dragon meng long guo jiang,1972.0,0,1,0,0,0,0,1,0,0,0,0,0,0,0,0,0,0,0,0,0
4445,trex back to the cretaceous,1998.0,0,0,1,0,0,0,0,1,0,0,0,0,1,0,0,0,0,0,0,0
4446,final fantasy the spirits within,2001.0,0,0,1,1,0,0,0,0,0,1,0,0,0,0,0,0,1,0,0,0
4447,legally blonde,2001.0,0,0,0,0,0,1,0,0,0,0,0,0,0,0,0,1,0,0,0,0
4448,score the,2001.0,0,1,0,0,0,0,0,0,1,0,0,0,0,0,0,0,0,0,0,0
4449,adanggaman,2000.0,0,0,0,0,0,0,0,0,1,0,0,0,0,0,0,0,0,0,0,0
4450,bully,2001.0,0,0,0,0,0,0,1,0,1,0,0,0,0,0,0,0,0,1,0,0
4451,jump tomorrow,2001.0,0,0,0,0,0,1,0,0,1,0,0,0,0,0,0,1,0,0,0,0
4452,made,2001.0,0,0,0,0,0,1,0,0,0,0,0,0,0,0,0,0,0,0,0,0
4453,michael jordan to the max,2000.0,0,0,0,0,0,0,0,1,0,0,0,0,1,0,0,0,0,0,0,0
4454,more,1998.0,0,0,0,1,0,0,0,0,1,0,0,0,1,0,0,0,1,0,0,0
4458,africa the serengeti,1994.0,0,0,0,0,0,0,0,1,0,0,0,0,1,0,0,0,0,0,0,0
4459,alaska spirit of the wild,1997.0,0,0,0,0,0,0,0,1,0,0,0,0,1,0,0,0,0,0,0,0
4462,18 again,1988.0,0,0,0,0,0,1,0,0,0,1,0,0,0,0,0,0,0,0,0,0
4463,1969,1988.0,0,0,0,0,0,0,0,0,1,0,0,0,0,0,0,0,0,0,1,0
4464,accidental tourist the,1988.0,0,0,0,0,0,1,0,0,1,0,0,0,0,0,0,1,0,0,0,0
4465,accused the,1988.0,0,0,0,0,0,0,0,0,1,0,0,0,0,0,0,0,0,0,0,0
4466,above the law,1988.0,0,1,0,0,0,0,1,0,1,0,0,0,0,0,0,0,0,0,0,0
4467,adventures of baron munchausen the,1988.0,0,0,1,0,0,1,0,0,0,1,0,0,0,0,0,0,0,0,0,0
4470,ariel,1988.0,0,0,0,0,0,0,0,0,1,0,0,0,0,0,0,0,0,0,0,0
4471,arthur 2 on the rocks,1988.0,0,0,0,0,0,1,0,0,0,0,0,0,0,0,0,1,0,0,0,0
4473,bat21,1988.0,0,0,0,0,0,0,0,0,1,0,0,0,0,0,0,0,0,0,1,0
4474,beaches,1988.0,0,0,0,0,0,1,0,0,1,0,0,0,0,1,0,0,0,0,0,0
4475,beast of war the beast the,1988.0,0,0,0,0,0,0,0,0,1,0,0,0,0,0,0,0,0,0,1,0
4476,big business,1988.0,0,0,0,0,0,1,0,0,0,0,0,0,0,0,0,0,0,0,0,0
4477,big top peewee,1988.0,0,0,1,0,1,1,0,0,0,0,0,0,0,0,0,0,0,0,0,0
4478,biloxi blues,1988.0,0,0,0,0,0,1,0,0,1,0,0,0,0,0,0,0,0,0,0,0
4480,blob the,1988.0,0,0,0,0,0,0,0,0,0,0,0,1,0,0,0,0,1,0,0,0
4482,bright lights big city,1988.0,0,0,0,0,0,0,0,0,1,0,0,0,0,0,0,0,0,0,0,0
4483,caddyshack ii,1988.0,0,0,0,0,0,1,0,0,0,0,0,0,0,0,0,0,0,0,0,0
4484,camille claudel,1988.0,0,0,0,0,0,0,0,0,1,0,0,0,0,0,0,0,0,0,0,0
4487,cocktail,1988.0,0,0,0,0,0,0,0,0,1,0,0,0,0,0,0,1,0,0,0,0
4488,colors,1988.0,0,1,0,0,0,0,1,0,1,0,0,0,0,0,0,0,0,0,0,0
4489,coming to america,1988.0,0,0,0,0,0,1,0,0,0,0,0,0,0,0,0,1,0,0,0,0
4490,couch trip the,1988.0,0,0,0,0,0,1,0,0,0,0,0,0,0,0,0,0,0,0,0,0
4492,critters,1986.0,0,0,0,0,0,1,0,0,0,0,0,0,0,0,0,0,1,0,0,0
4495,crossing delancey,1988.0,0,0,0,0,0,1,0,0,0,0,0,0,0,0,0,1,0,0,0,0
4496,doa,1988.0,0,0,0,0,0,0,0,0,0,0,1,0,0,0,1,0,0,1,0,0
4497,dead heat,1988.0,0,1,0,0,0,1,0,0,0,0,0,1,0,0,0,0,1,0,0,0
4498,dead pool the,1988.0,0,1,0,0,0,0,1,0,0,0,0,0,0,0,0,0,0,1,0,0
4499,dirty rotten scoundrels,1988.0,0,0,0,0,0,1,0,0,0,0,0,0,0,0,0,0,0,0,0,0
4500,drowning by numbers,1988.0,0,0,0,0,0,1,0,0,1,0,0,0,0,0,0,0,0,0,0,0
4502,ernest saves christmas,1988.0,0,0,0,0,1,1,0,0,0,0,0,0,0,0,0,0,0,0,0,0
4504,feds,1988.0,0,0,0,0,0,1,0,0,0,0,0,0,0,0,0,0,0,0,0,0
4505,for keeps,1988.0,0,0,0,0,0,0,0,0,1,0,0,0,0,0,0,1,0,0,0,0
4506,frantic,1988.0,0,0,0,0,0,0,1,0,0,0,0,0,0,0,1,0,0,1,0,0
4508,gorillas in the mist,1988.0,0,0,0,0,0,0,0,0,1,0,0,0,0,0,0,0,0,0,0,0
4509,great outdoors the,1988.0,0,0,0,0,0,1,0,0,0,0,0,0,0,0,0,0,0,0,0,0
4511,high spirits,1988.0,0,0,0,0,0,1,0,0,0,0,0,0,0,0,0,0,0,0,0,0
4516,johnny be good,1988.0,0,0,0,0,0,1,0,0,0,0,0,0,0,0,0,0,0,0,0,0
4517,lady in white aka the mystery of the lady in white,1988.0,0,0,0,0,0,0,0,0,0,0,0,1,0,0,1,0,0,1,0,0
4518,the lair of the white worm,1988.0,0,0,0,0,0,1,0,0,0,0,0,1,0,0,0,0,0,0,0,0
4519,land before time the,1988.0,0,0,1,1,1,0,0,0,0,1,0,0,0,0,0,0,0,0,0,0
4520,license to drive,1988.0,0,0,0,0,0,1,0,0,0,0,0,0,0,0,0,0,0,0,0,0
4521,little nikita,1988.0,0,0,0,0,0,0,0,0,1,0,0,0,0,0,0,0,0,0,0,0
4522,masquerade,1988.0,0,0,0,0,0,0,0,0,0,0,0,0,0,0,1,1,0,1,0,0
4523,milagro beanfield war,1988.0,0,0,0,0,0,1,0,0,1,1,0,0,0,0,0,0,0,0,0,0
4524,moon over parador,1988.0,0,0,0,0,0,1,0,0,0,0,0,0,0,0,0,0,0,0,0,0
4526,my stepmother is an alien,1988.0,0,0,0,0,0,1,0,0,0,0,0,0,0,0,0,1,1,0,0,0
4527,night in the life of jimmy reardon a,1988.0,0,0,0,0,0,1,0,0,0,0,0,0,0,0,0,1,0,0,0,0
4529,bagdad cafe out of rosenheim,1987.0,0,0,0,0,0,1,0,0,1,0,0,0,0,0,0,0,0,0,0,0
4531,red heat,1988.0,0,1,0,0,0,0,0,0,0,0,0,0,0,0,0,0,0,0,0,0
4533,return of the living dead the,1985.0,0,0,0,0,0,1,0,0,0,0,0,1,0,0,0,0,1,0,0,0
4534,return to snowy river aka the man from snowy river ii,1988.0,0,0,1,0,0,0,0,0,1,0,0,0,0,0,0,0,0,0,0,1
4535,man from snowy river the,1982.0,0,0,0,0,0,0,0,0,1,0,0,0,0,0,0,1,0,0,0,1
4537,running on empty,1988.0,0,0,0,0,0,0,0,0,1,0,0,0,0,0,0,0,0,0,0,0
4541,serpent and the rainbow the,1988.0,0,0,0,0,0,0,0,0,0,0,0,1,0,0,0,0,0,0,0,0
4544,short circuit 2,1988.0,0,0,0,0,0,1,0,0,0,0,0,0,0,0,0,0,1,0,0,0
4545,short circuit,1986.0,0,0,0,0,0,1,0,0,0,0,0,0,0,0,0,0,1,0,0,0
4546,vanishing the spoorloos,1988.0,0,0,0,0,0,0,0,0,1,0,0,0,0,0,0,0,0,1,0,0
4552,tetsuo the ironman tetsuo,1988.0,0,1,0,0,0,0,0,0,0,0,0,1,0,0,0,0,1,1,0,0
4553,they live,1988.0,0,1,0,0,0,0,0,0,0,0,0,0,0,0,0,0,1,1,0,0
4557,tucker the man and his dream,1988.0,0,0,0,0,0,0,0,0,1,0,0,0,0,0,0,0,0,0,0,0
4558,twins,1988.0,0,0,0,0,0,1,0,0,0,0,0,0,0,0,0,0,0,0,0,0
4562,without a clue,1988.0,0,0,0,0,0,1,0,0,0,0,0,0,0,0,1,0,0,0,0,0
4563,young einstein,1988.0,0,0,0,0,0,1,0,0,0,0,0,0,0,0,0,0,0,0,0,0
4564,always,1989.0,0,0,0,0,0,0,0,0,1,1,0,0,0,0,0,1,0,0,0,0
4565,american ninja,1985.0,0,1,1,0,0,0,0,0,0,0,0,0,0,0,0,0,0,0,0,0
4568,best of the best,1989.0,0,1,0,0,0,0,0,0,0,0,0,0,0,0,0,0,0,0,0,0
4571,bill  teds excellent adventure,1989.0,0,0,1,0,0,1,0,0,0,0,0,0,0,0,0,0,1,0,0,0
4572,black rain,1989.0,0,1,0,0,0,0,1,0,1,0,0,0,0,0,0,0,0,0,0,0
4573,blaze,1989.0,0,0,0,0,0,1,0,0,1,0,0,0,0,0,0,0,0,0,0,0
4574,blind fury,1989.0,0,1,0,0,0,0,0,0,0,0,0,0,0,0,0,0,0,1,0,0
4577,casualties of war,1989.0,0,0,0,0,0,0,0,0,1,0,0,0,0,0,0,0,0,0,1,0
4578,chances are,1989.0,0,0,0,0,0,1,0,0,0,0,0,0,0,0,0,1,0,0,0,0
4580,cyborg,1989.0,0,1,0,0,0,0,0,0,0,0,0,0,0,0,0,0,1,0,0,0
4581,dad,1989.0,0,0,0,0,0,0,0,0,1,0,0,0,0,0,0,0,0,0,0,0
4583,disorganized crime,1989.0,0,1,0,0,0,1,0,0,0,0,0,0,0,0,0,0,0,0,0,0
4584,dream a little dream,1989.0,0,0,0,0,0,1,0,0,1,0,0,0,0,0,0,1,0,0,0,0
4585,dream team the,1989.0,0,0,0,0,0,1,0,0,0,0,0,0,0,0,0,0,0,0,0,0
4587,earth girls are easy,1988.0,0,0,0,0,0,1,0,0,0,0,0,0,0,1,0,0,1,0,0,0
4589,eddie and the cruisers,1983.0,0,0,0,0,0,0,0,0,1,0,0,0,0,1,1,0,0,0,0,0
4591,erik the viking,1989.0,0,0,1,0,0,1,0,0,0,1,0,0,0,0,0,0,0,0,0,0
4593,family business,1989.0,0,0,0,0,0,1,0,0,0,0,0,0,0,0,0,0,0,0,0,0
4594,farewell to the king,1989.0,0,1,0,0,0,0,0,0,0,0,0,0,0,0,0,0,0,0,1,0
4595,fat man and little boy,1989.0,0,0,0,0,0,0,0,0,1,0,0,0,0,0,0,0,0,0,0,0
4597,gleaming the cube,1989.0,0,1,0,0,0,0,0,0,1,0,0,0,0,0,1,0,0,0,0,0
4599,great balls of fire,1989.0,0,0,0,0,0,0,0,0,1,0,0,0,0,0,0,0,0,0,0,0
4600,gross anatomy aka a cut above,1989.0,0,0,0,0,0,1,0,0,1,0,0,0,0,0,0,0,0,0,0,0
4602,harlem nights,1989.0,0,0,0,0,0,1,1,0,0,0,0,0,0,0,0,1,0,0,0,0
4603,her alibi,1989.0,0,0,0,0,0,1,0,0,0,0,0,0,0,0,0,1,0,0,0,0
4605,how to get ahead in advertising,1989.0,0,0,0,0,0,1,0,0,0,1,0,0,0,0,0,0,0,0,0,0
4608,innocent man an,1989.0,0,0,0,0,0,0,1,0,1,0,0,0,0,0,0,0,0,0,0,0
4610,january man the,1989.0,0,0,0,0,0,1,1,0,0,0,0,0,0,0,1,0,0,1,0,0
4611,johnny handsome,1989.0,0,0,0,0,0,0,1,0,1,0,0,0,0,0,0,0,0,0,0,0
4612,jesus of montreal jésus de montréal,1989.0,0,0,0,0,0,0,0,0,1,0,0,0,0,0,0,0,0,0,0,0
4613,k9,1989.0,0,1,0,0,0,1,1,0,0,0,0,0,0,0,0,0,0,0,0,0
4614,kickboxer,1989.0,0,1,0,0,0,0,0,0,0,0,0,0,0,0,0,0,0,0,0,0
4615,last exit to brooklyn,1989.0,0,0,0,0,0,0,0,0,1,0,0,0,0,0,0,0,0,0,0,0
4616,lean on me,1989.0,0,0,0,0,0,0,0,0,1,0,0,0,0,0,0,0,0,0,0,0
4617,let it ride,1989.0,0,0,0,0,0,1,0,0,0,0,0,0,0,0,0,0,0,0,0,0
4619,little monsters,1989.0,0,0,0,0,0,1,0,0,0,0,0,0,0,0,0,0,0,0,0,0
4621,look whos talking,1989.0,0,0,0,0,0,1,0,0,0,0,0,0,0,0,0,1,0,0,0,0
4622,loverboy,1989.0,0,0,0,0,0,1,0,0,0,0,0,0,0,0,0,0,0,0,0,0
4623,major league,1989.0,0,0,0,0,0,1,0,0,0,0,0,0,0,0,0,0,0,0,0,0
4624,meet the feebles,1989.0,0,0,0,1,0,1,0,0,0,0,0,0,0,1,0,0,0,0,0,0
4625,millennium,1989.0,0,0,0,0,0,0,0,0,1,0,0,0,0,0,0,0,1,1,0,0
4626,miracle mile,1989.0,0,0,0,0,0,0,0,0,1,0,0,0,0,0,0,1,1,0,0,0
4628,new york stories,1989.0,0,0,0,0,0,1,0,0,1,0,0,0,0,0,0,0,0,0,0,0
4629,next of kin,1989.0,0,1,0,0,0,0,1,0,0,0,0,0,0,0,0,0,0,1,0,0
4630,no holds barred,1989.0,0,1,0,0,0,0,0,0,0,0,0,0,0,0,0,0,0,0,0,0
4632,package the,1989.0,0,1,0,0,0,0,0,0,0,0,0,0,0,0,0,0,0,1,0,0
4634,penn  teller get killed,1989.0,0,0,1,0,0,1,0,0,0,0,0,0,0,0,0,0,0,0,0,0
4635,pink cadillac,1989.0,0,1,0,0,0,1,0,0,1,0,0,0,0,0,0,0,0,0,0,0
4636,punisher the,1989.0,0,1,0,0,0,0,0,0,0,0,0,0,0,0,0,0,0,0,0,0
4638,jurassic park iii,2001.0,0,1,1,0,0,0,0,0,0,0,0,0,0,0,0,0,1,1,0,0
4639,americas sweethearts,2001.0,0,0,0,0,0,1,0,0,0,0,0,0,0,0,0,1,0,0,0,0
4640,brother,2000.0,0,1,0,0,0,0,1,0,0,0,0,0,0,0,0,0,0,1,0,0
4641,ghost world,2001.0,0,0,0,0,0,1,0,0,1,0,0,0,0,0,0,0,0,0,0,0
4642,hedwig and the angry inch,2000.0,0,0,0,0,0,1,0,0,1,0,0,0,0,1,0,0,0,0,0,0
4643,planet of the apes,2001.0,0,1,1,0,0,0,0,0,1,0,0,0,0,0,0,0,1,0,0,0
4644,bread and tulips pane e tulipani,2000.0,0,0,0,0,0,1,0,0,1,0,0,0,0,0,0,1,0,0,0,0
4645,cure,1997.0,0,0,0,0,0,0,1,0,0,0,0,1,0,0,0,0,0,1,0,0
4646,greenfingers,2000.0,0,0,0,0,0,1,0,0,1,0,0,0,0,0,0,0,0,0,0,0
4649,wet hot american summer,2001.0,0,0,0,0,0,1,0,0,0,0,0,0,0,0,0,0,0,0,0,0
4653,return of the musketeers the,1989.0,0,0,1,0,0,1,0,0,0,0,0,0,0,0,0,0,0,0,0,0
4654,road house,1989.0,0,1,0,0,0,0,0,0,1,0,0,0,0,0,0,0,0,0,0,0
4658,santa sangre,1989.0,0,0,0,0,0,0,0,0,1,0,0,1,0,0,1,0,0,1,0,0
4660,scenes from the class struggle in beverly hills,1989.0,0,0,0,0,0,1,0,0,0,0,0,0,0,0,0,0,0,0,0,0
4661,sea of love,1989.0,0,0,0,0,0,0,1,0,1,0,0,0,0,0,0,0,0,1,0,0
4662,see no evil hear no evil,1989.0,0,0,0,0,0,1,1,0,0,0,0,0,0,0,0,0,0,0,0,0
4663,shes out of control,1989.0,0,0,0,0,0,1,0,0,0,0,0,0,0,0,0,0,0,0,0,0
4666,skin deep,1989.0,0,0,0,0,0,1,0,0,0,0,0,0,0,0,0,0,0,0,0,0
4670,stepfather the,1987.0,0,0,0,0,0,0,0,0,0,0,0,1,0,0,0,0,0,1,0,0
4671,sweetie,1989.0,0,0,0,0,0,0,0,0,1,0,0,0,0,0,0,0,0,0,0,0
4672,tall guy the,1989.0,0,0,0,0,0,1,0,0,0,0,0,0,0,0,0,1,0,0,0,0
4673,tango  cash,1989.0,0,1,0,0,0,1,1,0,0,0,0,0,0,0,0,0,0,1,0,0
4675,three fugitives,1989.0,0,1,0,0,0,1,0,0,0,0,0,0,0,0,0,0,0,0,0,0
4676,troop beverly hills,1989.0,0,0,0,0,0,1,0,0,0,0,0,0,0,0,0,0,0,0,0,0
4677,turner  hooch,1989.0,0,0,0,0,0,1,1,0,0,0,0,0,0,0,0,0,0,0,0,0
4678,uhf,1989.0,0,0,0,0,0,1,0,0,0,0,0,0,0,0,0,0,0,0,0,0
4679,uncle buck,1989.0,0,0,0,0,0,1,0,0,0,0,0,0,0,0,0,0,0,0,0,0
4681,war of the roses the,1989.0,0,0,0,0,0,1,0,0,1,0,0,0,0,0,0,0,0,0,0,0
4683,wizard the,1989.0,0,0,1,0,1,1,0,0,1,0,0,0,0,0,0,0,0,0,0,0
4686,weekend at bernies ii,1993.0,0,0,1,0,0,1,0,0,0,0,0,0,0,0,0,0,0,0,0,0
4687,billy liar,1963.0,0,0,0,0,0,1,0,0,0,0,0,0,0,0,0,0,0,0,0,0
4688,black robe,1991.0,0,0,1,0,0,0,0,0,1,0,0,0,0,0,0,0,0,0,0,0
4689,cat o nine tails the gatto a nove code il,1971.0,0,0,0,0,0,0,0,0,0,0,0,0,0,0,1,0,0,1,0,0
4690,cotton club the,1984.0,0,0,0,0,0,0,1,0,0,0,0,0,0,1,0,0,0,0,0,0
4695,wholl stop the rain,1978.0,0,0,0,0,0,0,1,0,1,0,0,0,0,0,0,0,0,0,0,0
4697,basket case,1982.0,0,0,0,0,0,1,0,0,0,0,0,1,0,0,0,0,0,0,0,0
4699,original sin,2001.0,0,0,0,0,0,0,0,0,1,0,0,0,0,0,0,1,0,1,0,0
4700,princess diaries the,2001.0,0,0,0,0,1,1,0,0,0,0,0,0,0,0,0,1,0,0,0,0
4701,rush hour 2,2001.0,0,1,0,0,0,1,0,0,0,0,0,0,0,0,0,0,0,0,0,0
4703,chocolat,1988.0,0,0,0,0,0,0,0,0,1,0,0,0,0,0,0,0,0,0,0,0
4704,hatari,1962.0,0,0,1,0,0,1,0,0,0,0,0,0,0,0,0,0,0,0,0,0
4705,cage aux folles la,1978.0,0,0,0,0,0,1,0,0,0,0,0,0,0,0,0,0,0,0,0,0
4708,maratsade,1966.0,0,0,0,0,0,0,0,0,1,0,0,0,0,1,0,0,0,0,0,0
4709,paint your wagon,1969.0,0,0,0,0,0,1,0,0,0,0,0,0,0,1,0,0,0,0,0,1
4710,shootist the,1976.0,0,0,0,0,0,0,0,0,1,0,0,0,0,0,0,0,0,0,0,1
4711,theremin an electronic odyssey,1993.0,0,0,0,0,0,0,0,1,0,0,0,0,0,0,0,0,0,0,0,0
4713,altered states,1980.0,0,0,0,0,0,0,0,0,1,0,0,0,0,0,0,0,1,0,0,0
4714,any which way you can,1980.0,0,0,0,0,0,1,0,0,0,0,0,0,0,0,0,0,0,0,0,0
4715,awakening the,1980.0,0,0,0,0,0,0,0,0,0,0,0,1,0,0,0,0,0,0,0,0
4717,battle creek brawl big brawl the,1980.0,0,1,0,0,0,1,0,0,0,0,0,0,0,0,0,0,0,0,0,0
4718,american pie 2,2001.0,0,0,0,0,0,1,0,0,0,0,0,0,0,0,0,0,0,0,0,0
4719,osmosis jones,2001.0,0,1,0,1,0,1,1,0,1,0,0,0,0,0,0,1,0,1,0,0
4720,others the,2001.0,0,0,0,0,0,0,0,0,1,0,0,1,0,0,1,0,0,1,0,0
4721,american outlaws,2001.0,0,1,0,0,0,1,0,0,0,0,0,0,0,0,0,0,0,0,0,1
4722,all over the guy,2001.0,0,0,0,0,0,1,0,0,0,0,0,0,0,0,0,0,0,0,0,0
4723,deep end the,2001.0,0,0,0,0,0,0,0,0,1,0,0,0,0,0,0,0,0,0,0,0
4725,session 9,2001.0,0,0,0,0,0,0,0,0,0,0,0,1,0,0,0,0,0,1,0,0
4727,captain corellis mandolin,2001.0,0,0,0,0,0,0,0,0,1,0,0,0,0,0,0,1,0,0,1,0
4728,rat race,2001.0,0,0,0,0,0,1,0,0,0,0,0,0,0,0,0,0,0,0,0,0
4732,bubble boy,2001.0,0,0,0,0,0,1,0,0,0,0,0,0,0,0,0,0,0,0,0,0
4733,curse of the jade scorpion the,2001.0,0,0,0,0,0,1,0,0,0,0,0,0,0,0,0,0,0,0,0,0
4734,jay and silent bob strike back,2001.0,0,0,1,0,0,1,0,0,0,0,0,0,0,0,0,0,0,0,0,0
4735,ghosts of mars,2001.0,0,0,0,0,0,0,0,0,0,0,0,1,0,0,0,0,1,1,0,0
4736,summer catch,2001.0,0,0,0,0,0,1,0,0,1,0,0,0,0,0,0,1,0,0,0,0
4738,happy accidents,2000.0,0,0,0,0,0,0,0,0,0,0,0,0,0,0,0,1,1,0,0,0
4740,maybe baby,2000.0,0,0,0,0,0,1,0,0,0,0,0,0,0,0,0,1,0,0,0,0
4741,together tillsammans,2000.0,0,0,0,0,0,1,0,0,1,0,0,0,0,0,0,1,0,0,0,0
4743,tortilla soup,2001.0,0,0,0,0,0,1,0,0,0,0,0,0,0,0,0,1,0,0,0,0
4744,jeepers creepers,2001.0,0,0,0,0,0,0,0,0,0,0,0,1,0,0,0,0,0,0,0,0
4745,o,2001.0,0,0,0,0,0,0,0,0,1,0,0,0,0,0,0,0,0,0,0,0
4748,3 ninjas,1992.0,0,1,0,0,1,1,0,0,0,0,0,0,0,0,0,0,0,0,0,0
4749,3 ninjas kick back,1994.0,0,1,0,0,1,1,0,0,0,0,0,0,0,0,0,0,0,0,0,0
4750,3 ninjas knuckle up,1995.0,0,1,0,0,1,0,0,0,0,0,0,0,0,0,0,0,0,0,0,0
4754,wicker man the,1973.0,0,0,0,0,0,0,0,0,1,0,0,1,0,0,1,0,0,1,0,0
4756,musketeer the,2001.0,0,1,1,0,0,0,0,0,1,0,0,0,0,0,0,1,0,0,0,0
4757,rock star,2001.0,0,0,0,0,0,1,0,0,1,0,0,0,0,1,0,0,0,0,0,0
4759,two can play that game,2001.0,0,0,0,0,0,1,0,0,1,0,0,0,0,0,0,0,0,0,0,0
4765,lie,2001.0,0,0,0,0,0,0,0,0,1,0,0,0,0,0,0,0,0,0,0,0
4766,our lady of the assassins virgen de los sicarios la,2000.0,0,0,0,0,0,0,1,0,1,0,0,0,0,0,0,1,0,0,0,0
4769,into the arms of strangers stories of the kindertransport,2000.0,0,0,0,0,0,0,0,1,0,0,0,0,0,0,0,0,0,0,0,0
4770,glass house the,2001.0,0,0,0,0,0,0,0,0,0,0,0,0,0,0,0,0,0,1,0,0
4771,hardball,2001.0,0,0,0,0,0,0,0,0,1,0,0,0,0,0,0,0,0,0,0,0
4772,dinner rush,2000.0,0,0,0,0,0,0,0,0,1,0,0,0,0,0,0,0,0,0,0,0
4773,haiku tunnel,2001.0,0,0,0,0,0,1,0,0,0,0,0,0,0,0,0,0,0,0,0,0
4774,big trouble,2002.0,0,0,0,0,0,1,1,0,0,0,0,0,0,0,0,0,0,0,0,0
4775,glitter,2001.0,0,0,0,0,0,0,0,0,1,0,0,0,0,1,0,1,0,0,0,0
4776,training day,2001.0,0,0,0,0,0,0,1,0,1,0,0,0,0,0,0,0,0,1,0,0
4777,american astronaut the,2001.0,0,0,0,0,0,1,0,0,0,0,0,0,0,1,0,0,1,0,0,0
4780,liam,2000.0,0,0,0,0,0,0,0,0,1,0,0,0,0,0,0,0,0,0,0,0
4782,sidewalks of new york,2001.0,0,0,0,0,0,1,0,0,0,0,0,0,0,0,0,1,0,0,0,0
4783,endurance shackletons legendary antarctic expedition the,2000.0,0,0,0,0,0,0,0,1,0,0,0,0,0,0,0,0,0,0,0,0
4784,french lieutenants woman the,1981.0,0,0,0,0,0,0,0,0,1,0,0,0,0,0,0,0,0,0,0,0
4785,great silence the grande silenzio il,1969.0,0,0,0,0,0,0,0,0,1,0,0,0,0,0,0,0,0,0,0,1
4786,legend of hell house the,1973.0,0,0,0,0,0,0,0,0,0,0,0,1,0,0,0,0,0,1,0,0
4787,little man tate,1991.0,0,0,0,0,0,0,0,0,1,0,0,0,0,0,0,0,0,0,0,0
4788,moscow does not believe in tears moskva slezam ne verit,1979.0,0,0,0,0,0,0,0,0,1,0,0,0,0,0,0,1,0,0,0,0
4789,phantom of the paradise,1974.0,0,0,0,0,0,1,0,0,0,1,0,1,0,1,0,0,0,1,0,0
4792,13 ghosts,1960.0,0,0,0,0,0,0,0,0,0,0,0,1,0,0,0,0,0,0,0,0
4794,opera,1987.0,0,0,0,0,0,0,1,0,0,0,0,1,0,0,1,0,0,0,0,0
4795,father goose,1964.0,0,0,1,0,0,1,0,0,0,0,0,0,0,0,0,1,0,0,1,0
4796,grass is greener the,1960.0,0,0,0,0,0,1,0,0,0,0,0,0,0,0,0,1,0,0,0,0
4798,indiscreet,1958.0,0,0,0,0,0,1,0,0,0,0,0,0,0,0,0,1,0,0,0,0
4799,its a mad mad mad mad world,1963.0,0,1,1,0,0,1,1,0,0,0,0,0,0,0,0,0,0,0,0,0
4800,king solomons mines,1937.0,0,1,1,0,0,0,0,0,1,0,0,0,0,0,0,1,0,1,0,0
4801,little foxes the,1941.0,0,0,0,0,0,0,0,0,1,0,0,0,0,0,0,0,0,0,0,0
4802,operation petticoat,1959.0,0,1,0,0,0,1,0,0,0,0,0,0,0,0,0,1,0,0,1,0
4803,play misty for me,1971.0,0,0,0,0,0,0,0,0,1,0,0,0,0,0,0,0,0,1,0,0
4804,pocketful of miracles,1961.0,0,0,0,0,0,1,0,0,1,0,0,0,0,0,0,0,0,0,0,0
4808,vanishing the,1993.0,0,0,0,0,0,0,0,0,0,0,0,0,0,0,1,0,0,1,0,0
4809,silkwood,1983.0,0,0,0,0,0,0,0,0,1,0,0,0,0,0,0,0,0,0,0,0
4810,i never promised you a rose garden,1977.0,0,0,0,0,0,0,0,0,1,0,0,0,0,0,0,0,0,0,0,0
4811,quadrophenia,1979.0,0,0,0,0,0,0,0,0,1,0,0,0,0,1,0,0,0,0,0,0
4812,spacecamp,1986.0,0,0,1,0,0,0,0,0,0,0,0,0,0,0,0,0,1,0,0,0
4813,when worlds collide,1951.0,0,0,0,0,0,0,0,0,0,0,0,0,0,0,0,0,1,0,0,0
4814,dont say a word,2001.0,0,0,0,0,0,0,0,0,0,0,0,0,0,0,0,0,0,1,0,0
4815,hearts in atlantis,2001.0,0,0,0,0,0,0,0,0,1,0,0,0,0,0,0,0,0,0,0,0
4816,zoolander,2001.0,0,0,0,0,0,1,0,0,0,0,0,0,0,0,0,0,0,0,0,0
4818,extreme days,2001.0,0,1,1,0,0,1,0,0,1,0,0,0,0,0,0,0,0,0,0,0
4821,joy ride,2001.0,0,0,1,0,0,0,0,0,0,0,0,0,0,0,0,0,0,1,0,0
4822,max keebles big move,2001.0,0,0,0,0,1,1,0,0,0,0,0,0,0,0,0,0,0,0,0,0
4823,serendipity,2001.0,0,0,0,0,0,1,0,0,0,0,0,0,0,0,0,1,0,0,0,0
4825,swamp the ciénaga la,2001.0,0,0,0,0,0,1,0,0,1,0,0,0,0,0,0,0,0,0,0,0
4826,big red one the,1980.0,0,1,1,0,0,0,0,0,1,0,0,0,0,0,0,0,0,0,1,0
4827,boogeyman the,1980.0,0,0,0,0,0,0,0,0,0,0,0,1,0,0,0,0,0,0,0,0
4828,party the boum la,1980.0,0,0,0,0,0,1,0,0,0,0,0,0,0,0,0,1,0,0,0,0
4830,brubaker,1980.0,0,0,0,0,0,0,1,0,1,0,0,0,0,0,0,0,0,0,0,0
4831,cant stop the music,1980.0,0,0,0,0,0,1,0,0,0,0,0,0,0,1,0,0,0,0,0,0
4833,changeling the,1980.0,0,0,0,0,0,0,0,0,0,0,0,1,0,0,1,0,0,1,0,0
4835,coal miners daughter,1980.0,0,0,0,0,0,0,0,0,1,0,0,0,0,0,0,0,0,0,0,0
4836,competition the,1980.0,0,0,0,0,0,0,0,0,1,0,0,0,0,0,0,1,0,0,0,0
4840,last metro the dernier métro le,1980.0,0,0,0,0,0,0,0,0,1,0,0,0,0,0,0,1,0,0,0,0
4844,bandits,2001.0,0,0,0,0,0,1,1,0,0,0,0,0,0,0,0,1,0,0,0,0
4845,corky romano,2001.0,0,0,0,0,0,1,1,0,0,0,0,0,0,0,0,0,0,0,0,0
4846,iron monkey siu nin wong feihung ji tit ma lau,1993.0,0,1,0,0,0,1,0,0,0,0,0,0,0,0,0,0,0,0,0,0
4847,fat girl à ma soeur,2001.0,0,0,0,0,0,0,0,0,1,0,0,0,0,0,0,0,0,0,0,0
4848,mulholland drive,2001.0,0,0,0,0,0,0,1,0,1,0,1,0,0,0,1,0,0,1,0,0
4849,my first mister,2001.0,0,0,0,0,0,1,0,0,1,0,0,0,0,0,0,0,0,0,0,0
4850,spriggan supurigan,1998.0,0,1,0,1,0,0,0,0,0,0,0,0,0,0,0,0,1,0,0,0
4852,bones,2001.0,0,0,0,0,0,0,0,0,0,0,0,1,0,0,0,0,0,0,0,0
4855,dirty harry,1971.0,0,1,0,0,0,0,1,0,0,0,0,0,0,0,0,0,0,1,0,0
4857,fiddler on the roof,1971.0,0,0,0,0,0,0,0,0,1,0,0,0,0,1,0,0,0,0,0,0
4860,making the grade,1984.0,0,0,0,0,0,1,0,0,0,0,0,0,0,0,0,0,0,0,0,0
4862,not without my daughter,1991.0,0,0,0,0,0,0,0,0,1,0,0,0,0,0,0,0,0,0,0,0
4863,female trouble,1975.0,0,0,0,0,0,1,1,0,0,0,0,0,0,0,0,0,0,0,0,0
4864,titanica,1992.0,0,0,0,0,0,0,0,1,0,0,0,0,1,0,0,0,0,0,0,0
4865,from hell,2001.0,0,0,0,0,0,0,1,0,0,0,0,1,0,0,1,0,0,1,0,0
4866,last castle the,2001.0,0,1,0,0,0,0,0,0,0,0,0,0,0,0,0,0,0,0,0,0
4867,riding in cars with boys,2001.0,0,0,0,0,0,1,0,0,1,0,0,0,0,0,0,0,0,0,0,0
4871,focus,2001.0,0,0,0,0,0,0,0,0,1,0,0,0,0,0,0,0,0,0,0,0
4873,waking life,2001.0,0,0,0,1,0,0,0,0,1,1,0,0,0,0,0,0,0,0,0,0
4874,kpax,2001.0,0,0,0,0,0,0,0,0,1,1,0,0,0,0,1,0,1,0,0,0
4876,thirteen ghosts aka thir13en ghosts,2001.0,0,0,0,0,0,0,0,0,0,0,0,1,0,0,0,0,0,1,0,0
4877,better than sex,2000.0,0,0,0,0,0,1,0,0,0,0,0,0,0,0,0,1,0,0,0,0
4878,donnie darko,2001.0,0,0,0,0,0,0,0,0,1,0,0,0,0,0,1,0,1,1,0,0
4879,high heels and low lifes,2001.0,0,1,0,0,0,1,1,0,1,0,0,0,0,0,0,0,0,0,0,0
4880,life as a house,2001.0,0,0,0,0,0,0,0,0,1,0,0,0,0,0,0,0,0,0,0,0
4881,man who wasnt there the,2001.0,0,0,0,0,0,0,1,0,1,0,0,0,0,0,0,0,0,0,0,0
4883,town is quiet the ville est tranquille la,2000.0,0,0,0,0,0,0,0,0,1,0,0,0,0,0,0,0,0,0,0,0
4885,domestic disturbance,2001.0,0,0,0,0,0,0,0,0,0,0,0,0,0,0,0,0,0,1,0,0
4886,monsters inc,2001.0,0,0,1,1,1,1,0,0,0,1,0,0,0,0,0,0,0,0,0,0
4887,one the,2001.0,0,1,0,0,0,0,0,0,0,0,0,0,0,0,0,0,1,1,0,0
4888,tape,2001.0,0,0,0,0,0,0,0,0,1,0,0,0,0,0,0,0,0,0,0,0
4889,heist,2001.0,0,0,0,0,0,0,1,0,1,0,0,0,0,0,0,0,0,0,0,0
4890,shallow hal,2001.0,0,0,0,0,0,1,0,0,0,1,0,0,0,0,0,1,0,0,0,0
4893,when a stranger calls,1979.0,0,0,0,0,0,0,0,0,0,0,0,1,0,0,0,0,0,1,0,0
4896,harry potter and the sorcerers stone aka harry potter and the philosophers stone,2001.0,0,0,1,0,1,0,0,0,0,1,0,0,0,0,0,0,0,0,0,0
4898,novocaine,2001.0,0,0,0,0,0,1,1,0,0,0,0,0,0,0,1,0,0,1,0,0
4899,black knight,2001.0,0,0,1,0,0,1,0,0,0,1,0,0,0,0,0,0,0,0,0,0
4900,out cold,2001.0,0,0,0,0,0,1,0,0,0,0,0,0,0,0,0,0,0,0,0,0
4901,spy game,2001.0,0,1,0,0,0,0,1,0,1,0,0,0,0,0,0,0,0,1,0,0
4902,devils backbone the espinazo del diablo el,2001.0,0,0,0,0,0,0,0,0,1,1,0,1,0,0,0,0,0,1,1,0
4903,in the bedroom,2001.0,0,0,0,0,0,0,0,0,1,0,0,0,0,0,0,0,0,0,0,0
4909,incredible shrinking woman the,1981.0,0,0,0,0,0,1,0,0,0,0,0,0,0,0,0,0,1,0,0,0
4911,jabberwocky,1977.0,0,0,1,0,0,1,0,0,0,1,0,0,0,0,0,0,0,0,0,0
4912,funny girl,1968.0,0,0,0,0,0,0,0,0,1,0,0,0,0,1,0,1,0,0,0,0
4914,breathless à bout de souffle,1960.0,0,0,0,0,0,0,1,0,1,0,0,0,0,0,0,1,0,0,0,0
4915,beastmaster the,1982.0,0,1,1,0,0,0,0,0,0,1,0,0,0,0,0,0,0,0,0,0
4916,midway,1976.0,0,0,0,0,0,0,0,0,1,0,0,0,0,0,0,0,0,0,1,0
4917,macarthur,1977.0,0,0,0,0,0,0,0,0,1,0,0,0,0,0,0,0,0,0,0,0
4919,subway,1985.0,0,0,0,0,0,0,1,0,1,0,0,0,0,0,0,1,0,1,0,0
4920,now voyager,1942.0,0,0,0,0,0,0,0,0,1,0,0,0,0,0,0,1,0,0,0,0
4921,little women,1933.0,0,0,0,0,0,0,0,0,1,0,0,0,0,0,0,1,0,0,0,0
4925,cheap detective the,1978.0,0,0,0,0,0,1,0,0,0,0,0,0,0,0,0,0,0,0,0,0
4926,everybodys famous iedereen beroemd,2000.0,0,0,0,0,0,1,0,0,1,0,0,0,0,1,0,0,0,0,0,0
4927,last wave the,1977.0,0,0,0,0,0,0,0,0,0,1,0,0,0,0,1,0,0,1,0,0
4928,that obscure object of desire cet obscur objet du désir,1977.0,0,0,0,0,0,0,0,0,1,0,0,0,0,0,0,0,0,0,0,0
4929,toy the,1982.0,0,0,0,0,0,1,0,0,0,0,0,0,0,0,0,0,0,0,0,0
4932,dressed to kill,1980.0,0,0,0,0,0,0,0,0,0,0,0,0,0,0,1,0,0,1,0,0
4936,fame,1980.0,0,0,0,0,0,0,0,0,1,0,0,0,0,1,0,0,0,0,0,0
4939,final countdown the,1980.0,0,1,0,0,0,0,0,0,0,0,0,0,0,0,0,0,1,0,0,0
4941,flash gordon,1980.0,0,1,1,0,0,0,0,0,0,0,0,0,0,0,0,0,1,0,0,0
4942,angry red planet the,1959.0,0,0,0,0,0,0,0,0,0,0,0,0,0,0,0,0,1,0,0,0
4945,enforcer the,1976.0,0,0,0,0,0,0,1,0,0,0,0,0,0,0,0,0,0,0,0,0
4946,eye for an eye an,1981.0,0,1,0,0,0,0,1,0,0,0,0,0,0,0,0,0,0,1,0,0
4947,gauntlet the,1977.0,0,1,0,0,0,0,0,0,0,0,0,0,0,0,0,0,0,0,0,0
4951,lord of the flies,1990.0,0,0,1,0,0,0,0,0,1,0,0,0,0,0,0,0,0,1,0,0
4952,morons from outer space,1985.0,0,0,0,0,0,1,0,0,0,0,0,0,0,0,0,0,1,0,0,0
4953,people that time forgot the,1977.0,0,0,1,0,0,0,0,0,0,0,0,0,0,0,0,0,1,0,0,0
4954,oceans eleven aka oceans 11,1960.0,0,0,0,0,0,1,1,0,0,0,0,0,0,0,0,0,0,0,0,0
4956,stunt man the,1980.0,0,1,1,0,0,1,0,0,1,0,0,0,0,0,0,1,0,1,0,0
4957,sudden impact,1983.0,0,0,0,0,0,0,1,0,0,0,0,0,0,0,0,0,0,1,0,0
4958,behind enemy lines,2001.0,0,1,0,0,0,0,0,0,1,0,0,0,0,0,0,0,0,0,1,0
4959,affair of the necklace the,2001.0,0,0,0,0,0,0,0,0,1,0,0,0,0,0,0,0,0,0,0,0
4961,pornstar the legend of ron jeremy,2001.0,0,0,0,0,0,0,0,1,0,0,0,0,0,0,0,0,0,0,0,0
4962,texas rangers,2001.0,0,0,1,0,0,0,0,0,0,0,0,0,0,0,0,0,0,0,0,1
4963,oceans eleven,2001.0,0,0,0,0,0,0,1,0,0,0,0,0,0,0,0,0,0,1,0,0
4964,baran,2001.0,0,0,1,0,0,0,0,0,1,0,0,0,0,0,0,1,0,0,0,0
4965,business of strangers the,2001.0,0,1,0,0,0,0,0,0,1,0,0,0,0,0,0,0,0,1,0,0
4966,incredible shrinking man the,1957.0,0,0,0,0,0,0,0,0,0,0,0,0,0,0,0,0,1,1,0,0
4967,no mans land,2001.0,0,0,0,0,0,0,0,0,1,0,0,0,0,0,0,0,0,0,1,0
4969,and then there were none,1945.0,0,0,0,0,0,0,1,0,0,0,0,0,0,0,1,0,0,0,0,0
4970,blue angel the blaue engel der,1930.0,0,0,0,0,0,0,0,0,1,0,0,0,0,0,0,0,0,0,0,0
4971,moscow on the hudson,1984.0,0,0,0,0,0,1,0,0,1,0,0,0,0,0,0,0,0,0,0,0
4973,amelie fabuleux destin damélie poulain le,2001.0,0,0,0,0,0,1,0,0,0,0,0,0,0,0,0,1,0,0,0,0
4974,not another teen movie,2001.0,0,0,0,0,0,1,0,0,0,0,0,0,0,0,0,0,0,0,0,0
4975,vanilla sky,2001.0,0,0,0,0,0,0,0,0,0,0,0,0,0,0,1,1,1,1,0,0
4976,iris,2001.0,0,0,0,0,0,0,0,0,1,0,0,0,0,0,0,0,0,0,0,0
4977,kandahar safar e ghandehar,2001.0,0,0,0,0,0,0,0,0,1,0,0,0,0,0,0,0,0,0,0,0
4978,lantana,2001.0,0,0,0,0,0,0,0,0,1,0,0,0,0,0,1,0,0,1,0,0
4979,royal tenenbaums the,2001.0,0,0,0,0,0,1,0,0,1,0,0,0,0,0,0,0,0,0,0,0
4980,bill  teds bogus journey,1991.0,0,0,1,0,0,1,0,0,0,1,0,0,0,0,0,0,1,0,0,0
4981,clockwise,1986.0,0,0,0,0,0,1,0,0,0,0,0,0,0,0,0,0,0,0,0,0
4985,sheena,1984.0,0,1,1,0,0,0,0,0,0,1,0,0,0,0,0,0,0,0,0,0
4987,spacehunter adventures in the forbidden zone,1983.0,0,1,1,0,0,0,0,0,0,0,0,0,0,0,0,0,1,0,0,0
4988,white water summer,1987.0,0,0,1,0,0,0,0,0,0,0,0,0,0,0,0,0,0,0,0,0
4989,how high,2001.0,0,0,0,0,0,1,0,0,0,0,0,0,0,0,0,0,0,0,0,0
4990,jimmy neutron boy genius,2001.0,0,0,1,1,1,1,0,0,0,0,0,0,0,0,0,0,0,0,0,0
4991,joe somebody,2001.0,0,0,0,0,0,1,0,0,1,0,0,0,0,0,0,1,0,0,0,0
4992,kate  leopold,2001.0,0,0,0,0,0,1,0,0,0,0,0,0,0,0,0,1,0,0,0,0
4993,lord of the rings the fellowship of the ring the,2001.0,0,0,1,0,0,0,0,0,0,1,0,0,0,0,0,0,0,0,0,0
4994,majestic the,2001.0,0,0,0,0,0,1,0,0,1,0,0,0,0,0,0,1,0,0,0,0
4995,beautiful mind a,2001.0,0,0,0,0,0,0,0,0,1,0,0,0,0,0,0,1,0,0,0,0
4998,defiant ones the,1958.0,0,0,1,0,0,0,1,0,1,0,0,0,0,0,0,0,0,1,0,0
5004,party the,1968.0,0,0,0,0,0,1,0,0,0,0,0,0,0,0,0,0,0,0,0,0
5007,topkapi,1964.0,0,0,1,0,0,1,0,0,0,0,0,0,0,0,0,0,0,1,0,0
5008,witness for the prosecution,1957.0,0,0,0,0,0,0,0,0,1,0,0,0,0,0,1,0,0,1,0,0
5009,ali,2001.0,0,0,0,0,0,0,0,0,1,0,0,0,0,0,0,0,0,0,0,0
5010,black hawk down,2001.0,0,1,0,0,0,0,0,0,1,0,0,0,0,0,0,0,0,0,1,0
5011,charlotte gray,2001.0,0,0,0,0,0,0,0,0,1,0,0,0,0,0,0,1,0,0,0,0
5012,yentl,1983.0,0,0,0,0,0,0,0,0,1,0,0,0,0,1,0,1,0,0,0,0
5013,gosford park,2001.0,0,0,0,0,0,1,0,0,1,0,0,0,0,0,1,0,0,0,0,0
5014,i am sam,2001.0,0,0,0,0,0,0,0,0,1,0,0,0,0,0,0,0,0,0,0,0
5015,monsters ball,2001.0,0,0,0,0,0,0,0,0,1,0,0,0,0,0,0,1,0,0,0,0
5016,shipping news the,2001.0,0,0,0,0,0,0,0,0,1,0,0,0,0,0,0,0,0,0,0,0
5021,murder by death,1976.0,0,0,0,0,0,1,1,0,0,0,0,0,0,0,1,0,0,1,0,0
5023,waterdance the,1992.0,0,0,0,0,0,0,0,0,1,0,0,0,0,0,0,0,0,0,0,0
5025,orange county,2002.0,0,0,0,0,0,1,0,0,0,0,0,0,0,0,0,0,0,0,0,0
5026,brotherhood of the wolf pacte des loups le,2001.0,0,1,0,0,0,0,0,0,0,0,0,0,0,0,1,0,0,1,0,0
5027,another 48 hrs,1990.0,0,1,0,0,0,1,1,0,1,0,0,0,0,0,0,0,0,1,0,0
5028,what time is it there ni neibian jidian,2001.0,0,0,0,0,0,0,0,0,1,0,0,0,0,0,0,0,0,0,0,0
5033,russia house the,1990.0,0,0,0,0,0,0,0,0,1,0,0,0,0,0,0,0,0,1,0,0
5034,truly madly deeply,1991.0,0,0,0,0,0,0,0,0,1,0,0,0,0,0,0,1,0,0,0,0
5039,dragonslayer,1981.0,0,1,1,0,0,0,0,0,0,1,0,0,0,0,0,0,0,0,0,0
5040,conan the destroyer,1984.0,0,1,1,0,0,0,0,0,0,1,0,0,0,0,0,0,0,0,0,0
5041,fire and ice,1983.0,0,0,0,1,0,0,0,0,0,1,0,0,0,0,0,0,0,0,0,0
5046,impostor,2002.0,0,1,0,0,0,0,0,0,1,0,0,0,0,0,0,0,1,1,0,0
5047,kung pow enter the fist,2002.0,0,1,0,0,0,1,0,0,0,0,0,0,0,0,0,0,0,0,0,0
5048,snow dogs,2002.0,0,0,1,0,1,1,0,0,0,0,0,0,0,0,0,0,0,0,0,0
5049,48 hrs,1982.0,0,1,0,0,0,1,1,0,1,0,0,0,0,0,0,0,0,0,0,0
5051,italian for beginners italiensk for begyndere,2000.0,0,0,0,0,0,1,0,0,1,0,0,0,0,0,0,1,0,0,0,0
5053,blankman,1994.0,0,0,0,0,0,1,0,0,0,0,0,0,0,0,0,0,0,0,0,0
5054,brainstorm,1983.0,0,0,0,0,0,0,0,0,0,0,0,0,0,0,0,0,1,1,0,0
5055,dragon the bruce lee story,1993.0,0,1,0,0,0,0,0,0,1,0,0,0,0,0,0,0,0,0,0,0
5059,little dieter needs to fly,1997.0,0,0,0,0,0,0,0,1,0,0,0,0,0,0,0,0,0,0,0,0
5060,mash aka mash,1970.0,0,0,0,0,0,1,0,0,1,0,0,0,0,0,0,0,0,0,1,0
5062,seconds,1966.0,0,0,0,0,0,0,0,0,0,0,0,0,0,0,1,0,1,1,0,0
5063,oneeyed jacks,1961.0,0,0,0,0,0,0,0,0,0,0,0,0,0,0,0,0,0,0,0,1
5064,the count of monte cristo,2002.0,0,1,1,0,0,0,0,0,1,0,0,0,0,0,0,0,0,1,0,0
5065,mothman prophecies the,2002.0,0,0,0,0,0,0,0,0,1,1,0,1,0,0,1,0,0,1,0,0
5066,walk to remember a,2002.0,0,0,0,0,0,0,0,0,1,0,0,0,0,0,0,1,0,0,0,0
5068,beijing bicycle shiqi sui de dan che,2001.0,0,0,0,0,0,0,0,0,1,0,0,0,0,0,0,0,0,0,0,0
5069,escaflowne the movie escaflowne,2000.0,0,1,1,1,0,0,0,0,1,1,0,0,0,0,0,0,0,0,0,0
5071,maelström,2000.0,0,0,0,0,0,0,0,0,1,0,0,0,0,0,0,1,0,0,0,0
5072,metropolis,2001.0,0,0,0,1,0,0,0,0,0,0,0,0,0,0,0,0,1,0,0,0
5073,sons room the stanza del figlio la,2001.0,0,0,0,0,0,0,0,0,1,0,0,0,0,0,0,0,0,0,0,0
5074,storytelling,2001.0,0,0,0,0,0,1,0,0,1,0,0,0,0,0,0,0,0,0,0,0
5075,waydowntown,2000.0,0,0,0,0,0,1,0,0,0,0,0,0,0,0,0,0,0,0,0,0
5076,adventures of huck finn the,1993.0,0,0,1,0,1,1,0,0,1,0,0,0,0,0,0,0,0,0,0,0
5077,cousins,1989.0,0,0,0,0,0,1,0,0,0,0,0,0,0,0,0,1,0,0,0,0
5080,slackers,2002.0,0,0,0,0,0,1,0,0,0,0,0,0,0,0,0,0,0,0,0,0
5081,birthday girl,2001.0,0,0,0,0,0,0,0,0,1,0,0,0,0,0,0,1,0,0,0,0
5083,rare birds,2001.0,0,0,0,0,0,1,0,0,1,0,0,0,0,0,0,0,0,0,0,0
5088,going places valseuses les,1974.0,0,0,0,0,0,1,1,0,1,0,0,0,0,0,0,0,0,0,0,0
5092,big fat liar,2002.0,0,0,0,0,1,1,0,0,0,0,0,0,0,0,0,0,0,0,0,0
5093,collateral damage,2002.0,0,1,0,0,0,0,0,0,0,0,0,0,0,0,0,0,0,1,0,0
5094,rollerball,2002.0,0,1,0,0,0,0,0,0,0,0,0,0,0,0,0,0,1,0,0,0
5095,scotland pa,2001.0,0,0,0,0,0,1,1,0,0,0,0,0,0,0,0,0,0,0,0,0
5096,babys day out,1994.0,0,0,0,0,0,1,0,0,0,0,0,0,0,0,0,0,0,0,0,0
5099,heidi,1937.0,0,0,0,0,1,0,0,0,1,0,0,0,0,0,0,0,0,0,0,0
5102,rookie of the year,1993.0,0,0,0,0,0,1,0,0,0,1,0,0,0,0,0,0,0,0,0,0
5103,sandlot the,1993.0,0,0,0,0,1,1,0,0,1,0,0,0,0,0,0,0,0,0,0,0
5105,dont look now,1973.0,0,0,0,0,0,0,0,0,1,0,0,1,0,0,0,0,0,1,0,0
5106,crossroads,2002.0,0,0,0,0,0,1,0,0,0,0,0,0,0,1,0,1,0,0,0,0
5107,harts war,2002.0,0,0,0,0,0,0,0,0,1,0,0,0,0,0,0,0,0,0,1,0
5108,john q,2002.0,0,0,0,0,0,0,1,0,1,0,0,0,0,0,0,0,0,1,0,0
5109,return to never land,2002.0,0,0,1,1,1,0,0,0,0,0,0,0,0,0,0,0,0,0,0,0
5110,super troopers,2001.0,0,0,0,0,0,1,1,0,0,0,0,0,0,0,1,0,0,0,0,0
5111,good son the,1993.0,0,0,0,0,0,0,0,0,1,0,0,0,0,0,0,0,0,1,0,0
5112,last orders,2001.0,0,0,0,0,0,0,0,0,1,0,0,0,0,0,0,0,0,0,0,0
5113,after the fox caccia alla volpe,1966.0,0,0,0,0,0,1,1,0,0,0,0,0,0,0,0,0,0,0,0,0
5114,bad and the beautiful the,1952.0,0,0,0,0,0,0,0,0,1,0,0,0,0,0,0,0,0,0,0,0
5116,designing woman,1957.0,0,0,0,0,0,1,0,0,0,0,0,0,0,0,0,0,0,0,0,0
5120,sleuth,1972.0,0,0,0,0,0,1,0,0,0,0,0,0,0,0,1,0,0,1,0,0
5121,stroszek,1977.0,0,0,0,0,0,1,0,0,1,0,0,0,0,0,0,0,0,0,0,0
5127,dragonfly,2002.0,0,0,0,0,0,0,0,0,1,1,0,0,0,0,1,1,0,1,0,0
5128,queen of the damned,2002.0,0,0,0,0,0,0,0,0,0,1,0,1,0,0,0,0,0,0,0,0
5131,how to kill your neighbors dog,2000.0,0,0,0,0,0,1,0,0,1,0,0,0,0,0,0,0,0,0,0,0
5134,mean machine,2001.0,0,0,0,0,0,1,0,0,1,0,0,0,0,0,0,0,0,0,0,0
5135,monsoon wedding,2001.0,0,0,0,0,0,1,0,0,0,0,0,0,0,0,0,1,0,0,0,0
5136,wendigo,2001.0,0,0,0,0,0,0,0,0,1,0,0,1,0,0,0,0,0,0,0,0
5137,scratch,2001.0,0,0,0,0,0,0,0,1,0,0,0,0,0,0,0,0,0,0,0,0
5139,bad news bears the,1976.0,0,0,0,0,0,1,0,0,0,0,0,0,0,0,0,0,0,0,0,0
5146,vampire hunter d bloodlust banpaia hantâ d,2000.0,0,0,0,1,0,0,0,0,0,1,0,1,0,0,0,0,1,0,0,0
5147,wild strawberries smultronstället,1957.0,0,0,0,0,0,0,0,0,1,0,0,0,0,0,0,0,0,0,0,0
5151,40 days and 40 nights,2002.0,0,0,0,0,0,1,0,0,0,0,0,0,0,0,0,1,0,0,0,0
5152,we were soldiers,2002.0,0,1,0,0,0,0,0,0,1,0,0,0,0,0,0,0,0,0,1,0
5155,big bird cage the,1972.0,0,1,0,0,0,0,0,0,0,0,0,0,0,0,0,0,0,0,0,0
5156,big doll house the,1971.0,0,1,0,0,0,0,0,0,0,0,0,0,0,0,0,0,0,0,0,0
5159,ferngully the last rainforest,1992.0,0,0,0,1,1,1,0,0,0,0,0,0,0,1,0,0,0,0,0,0
5165,zombie aka zombie 2 the dead are among us zombi 2,1979.0,0,0,0,0,0,0,0,0,0,0,0,1,0,0,0,0,0,0,0,0
5168,royal wedding,1951.0,0,0,0,0,0,1,0,0,0,0,0,0,0,1,0,1,0,0,0,0
5170,all about the benjamins,2002.0,0,1,0,0,0,1,1,0,0,0,0,0,0,0,0,0,0,0,0,0
5171,time machine the,2002.0,0,1,1,0,0,0,0,0,0,0,0,0,0,0,0,0,1,0,0,0
5177,magnificent ambersons the,1942.0,0,0,0,0,0,0,0,0,1,0,0,0,0,0,0,1,0,0,0,0
5178,fun,1994.0,0,0,0,0,0,0,1,0,1,0,0,0,0,0,0,0,0,0,0,0
5181,hangar 18,1980.0,0,1,0,0,0,0,0,0,0,0,0,0,0,0,0,0,1,1,0,0
5187,hopscotch,1980.0,0,0,0,0,0,1,0,0,0,0,0,0,0,0,0,0,0,0,0,0
5189,humanoids from the deep,1980.0,0,0,0,0,0,0,0,0,0,0,0,1,0,0,0,0,1,0,0,0
5197,little darlings,1980.0,0,0,0,0,0,0,0,0,1,0,0,0,0,0,0,0,0,0,0,0
5198,long good friday the,1980.0,0,0,0,0,0,0,0,0,1,0,0,0,0,0,0,0,0,1,0,0
5202,mon oncle damérique,1980.0,0,0,0,0,0,0,0,0,1,0,0,0,0,0,0,0,0,0,0,0
5205,motel hell,1980.0,0,0,0,0,0,1,0,0,0,0,0,1,0,0,0,0,0,0,0,0
5209,ffolkes,1979.0,0,1,1,0,0,0,0,0,0,0,0,0,0,0,0,0,0,1,0,0
5212,octagon the,1980.0,0,1,0,0,0,0,0,0,0,0,0,0,0,0,0,0,0,0,0,0
5213,oh god book ii,1980.0,0,0,0,0,0,1,0,0,0,0,0,0,0,0,0,0,0,0,0,0
5214,oh god,1977.0,0,0,0,0,0,1,0,0,0,1,0,0,0,0,0,0,0,0,0,0
5218,ice age,2002.0,0,0,1,1,1,1,0,0,0,0,0,0,0,0,0,0,0,0,0,0
5219,resident evil,2002.0,0,1,0,0,0,0,0,0,0,0,0,1,0,0,0,0,1,1,0,0
5220,showtime,2002.0,0,1,0,0,0,1,0,0,0,0,0,0,0,0,0,0,0,0,0,0
5221,harrisons flowers,2000.0,0,0,0,0,0,0,0,0,1,0,0,0,0,0,0,0,0,0,0,0
5222,kissing jessica stein,2001.0,0,0,0,0,0,1,0,0,0,0,0,0,0,0,0,1,0,0,0,0
5224,promises,2001.0,0,0,0,0,0,0,0,1,0,0,0,0,0,0,0,0,0,0,0,0
5225,and your mother too y tu mamá también,2001.0,0,0,0,0,0,0,0,0,1,0,0,0,0,0,0,1,0,0,0,0
5226,all the right moves,1983.0,0,0,0,0,0,0,0,0,1,0,0,0,0,0,0,1,0,0,0,0
5231,road to morocco,1942.0,0,0,0,0,0,1,0,0,0,0,0,0,0,0,0,0,0,0,0,0
5237,taps,1981.0,0,0,0,0,0,0,0,0,1,0,0,0,0,0,0,0,0,0,0,0
5238,return of the secaucus 7,1980.0,0,0,0,0,0,0,0,0,1,0,0,0,0,0,0,0,0,0,0,0
5239,rude boy,1980.0,0,0,0,0,0,0,0,1,1,0,0,0,0,0,0,0,0,0,0,0
5240,running scared,1980.0,0,1,0,0,0,0,0,0,1,0,0,0,0,0,0,0,0,0,0,0
5241,seems like old times,1980.0,0,0,0,0,0,1,0,0,0,0,0,0,0,0,0,1,0,0,0,0
5244,shogun assassin,1980.0,0,1,1,0,0,0,0,0,0,0,0,0,0,0,0,0,0,0,0,0
5246,smokey and the bandit ii,1980.0,0,1,0,0,0,1,0,0,0,0,0,0,0,0,0,0,0,0,0,0
5247,smokey and the bandit,1977.0,0,1,0,0,0,1,0,0,0,0,0,0,0,0,0,0,0,0,0,0
5248,smokey and the bandit iii,1983.0,0,1,0,0,0,1,0,0,0,0,0,0,0,0,0,0,0,0,0,0
5250,stir crazy,1980.0,0,0,0,0,0,1,0,0,0,0,0,0,0,0,0,0,0,0,0,0
5254,blade ii,2002.0,0,1,0,0,0,0,0,0,0,0,0,1,0,0,0,0,0,1,0,0
5255,sorority boys,2002.0,0,0,0,0,0,1,0,0,0,0,0,0,0,0,0,0,0,0,0,0
5256,stolen summer,2002.0,0,0,0,0,0,0,0,0,1,0,0,0,0,0,0,0,0,0,0,0
5258,george washington,2000.0,0,0,0,0,0,0,0,0,1,0,0,0,0,0,0,0,0,0,0,0
5264,clockstoppers,2002.0,0,1,1,0,0,0,0,0,0,0,0,0,0,0,0,0,1,1,0,0
5265,death to smoochy,2002.0,0,0,0,0,0,1,1,0,1,0,0,0,0,0,0,0,0,0,0,0
5266,panic room,2002.0,0,0,0,0,0,0,0,0,0,0,0,0,0,0,0,0,0,1,0,0
5267,rookie the,2002.0,0,0,0,0,0,0,0,0,1,0,0,0,0,0,0,0,0,0,0,0
5268,no such thing,2001.0,0,0,0,0,0,0,0,0,1,1,0,0,0,0,0,1,0,0,0,0
5269,piano teacher the la pianiste,2001.0,0,0,0,0,0,0,0,0,1,0,0,0,0,0,0,0,0,0,0,0
5272,time out lemploi du temps,2001.0,0,0,0,0,0,0,0,0,1,0,0,0,0,0,0,0,0,0,0,0
5275,boxcar bertha,1972.0,0,0,0,0,0,0,0,0,1,0,0,0,0,0,0,0,0,0,0,0
5278,fraternity vacation,1985.0,0,0,0,0,0,1,0,0,0,0,0,0,0,0,0,1,0,0,0,0
5279,impromptu,1991.0,0,0,0,0,0,1,0,0,0,0,0,0,0,0,0,1,0,0,0,0
5282,high crimes,2002.0,0,0,0,0,0,0,0,0,0,0,0,0,0,0,0,0,0,1,0,0
5283,national lampoons van wilder,2002.0,0,0,0,0,0,1,0,0,0,0,0,0,0,0,0,0,0,0,0,0
5284,crush,2001.0,0,0,0,0,0,1,0,0,0,0,0,0,0,0,0,1,0,0,0,0
5285,lucky break,2001.0,0,0,0,0,0,1,1,0,0,0,0,0,0,0,0,0,0,0,0,0
5288,atomic cafe the,1982.0,0,0,0,0,0,0,0,1,0,0,0,0,0,0,0,0,0,0,1,0
5291,rashomon rashômon,1950.0,0,0,0,0,0,0,1,0,1,0,0,0,0,0,1,0,0,0,0,0
5292,slap shot,1977.0,0,0,0,0,0,1,0,0,0,0,0,0,0,0,0,0,0,0,0,0
5293,changing lanes,2002.0,0,0,0,0,0,0,0,0,1,0,0,0,0,0,0,0,0,1,0,0
5294,frailty,2001.0,0,0,0,0,0,0,1,0,1,0,0,0,0,0,0,0,0,1,0,0
5296,sweetest thing the,2002.0,0,0,0,0,0,1,0,0,0,0,0,0,0,0,0,1,0,0,0,0
5297,cats meow the,2002.0,0,0,0,0,0,0,0,0,1,0,0,0,0,0,0,0,0,1,0,0
5298,human nature,2001.0,0,0,0,0,0,1,0,0,0,0,0,0,0,0,0,1,0,0,0,0
5299,my big fat greek wedding,2002.0,0,0,0,0,0,1,0,0,0,0,0,0,0,0,0,1,0,0,0,0
5300,310 to yuma,1957.0,0,1,1,0,0,0,0,0,1,0,0,0,0,0,0,0,0,1,0,1
5303,joe versus the volcano,1990.0,0,0,0,0,0,1,0,0,0,0,0,0,0,0,0,1,0,0,0,0
5304,rome open city aka open city roma città aperta,1945.0,0,0,0,0,0,0,0,0,1,0,0,0,0,0,0,0,0,0,1,0
5307,taking care of business,1990.0,0,0,0,0,0,1,0,0,0,0,0,0,0,0,0,0,0,0,0,0
5308,three men and a baby,1987.0,0,0,0,0,0,1,0,0,0,0,0,0,0,0,0,0,0,0,0,0
5309,three men and a little lady,1990.0,0,0,0,0,0,1,0,0,0,0,0,0,0,0,0,1,0,0,0,0
5311,watcher in the woods the,1980.0,0,0,0,0,1,0,0,0,0,0,0,1,0,0,1,0,0,1,0,0
5312,murder by numbers,2002.0,0,0,0,0,0,0,1,0,0,0,0,0,0,0,0,0,0,1,0,0
5313,the scorpion king,2002.0,0,1,1,0,0,0,0,0,0,1,0,0,0,0,0,0,0,1,0,0
5316,enigma,2001.0,0,0,0,0,0,0,0,0,0,0,0,0,0,0,0,1,0,1,0,0
5319,nine queens nueve reinas,2000.0,0,0,0,0,0,0,1,0,0,0,0,0,0,0,0,0,0,1,0,0
5321,triumph of love the,2001.0,0,0,0,0,0,1,0,0,0,0,0,0,0,0,0,0,0,0,0,0
5322,world traveler,2001.0,0,0,0,0,0,0,0,0,1,0,0,0,0,0,0,0,0,0,0,0
5323,jason x,2002.0,0,0,0,0,0,0,0,0,0,0,0,1,0,0,0,0,1,1,0,0
5324,life or something like it,2002.0,0,0,0,0,0,1,0,0,0,0,0,0,0,0,0,1,0,0,0,0
5325,dogtown and zboyz,2001.0,0,0,0,0,0,0,0,1,0,0,0,0,0,0,0,0,0,0,0,0
5328,rain,2001.0,0,0,0,0,0,0,0,0,1,0,0,0,0,0,0,1,0,0,0,0
5329,salton sea the,2002.0,0,0,0,0,0,0,1,0,1,0,0,0,0,0,0,0,0,1,0,0
5333,bob le flambeur,1955.0,0,0,0,0,0,0,1,0,1,0,0,0,0,0,0,0,0,0,0,0
5334,cadillac man,1990.0,0,0,0,0,0,1,1,0,0,0,0,0,0,0,0,0,0,0,0,0
5337,delirious,1991.0,0,0,0,0,0,1,0,0,0,0,0,0,0,0,0,0,0,0,0,0
5338,full moon in blue water,1988.0,0,0,0,0,0,0,0,0,1,0,0,0,0,0,0,0,0,0,0,0
5339,husbands and wives,1992.0,0,0,0,0,0,1,0,0,1,0,0,0,0,0,0,0,0,0,0,0
5341,lenny,1974.0,0,0,0,0,0,0,0,0,1,0,0,0,0,0,0,0,0,0,0,0
5345,triumph of the spirit,1989.0,0,0,0,0,0,0,0,0,1,0,0,0,0,0,0,0,0,0,0,0
5346,wild orchid,1990.0,0,0,0,0,0,0,0,0,1,0,0,0,0,0,0,1,0,0,0,0
5347,deuces wild,2002.0,0,0,0,0,0,0,0,0,1,0,0,0,0,0,0,0,0,0,0,0
5348,hollywood ending,2002.0,0,0,0,0,0,1,0,0,1,0,0,0,0,0,0,0,0,0,0,0
5349,spiderman,2002.0,0,1,1,0,0,0,0,0,0,0,0,0,0,0,0,0,1,1,0,0
5353,butterflies are free,1972.0,0,0,0,0,0,1,0,0,1,0,0,0,0,0,0,0,0,0,0,0
5356,giant spider invasion the,1975.0,0,0,0,0,0,0,0,0,0,0,0,1,0,0,0,0,1,0,0,0
5357,iron will,1994.0,0,0,1,0,0,0,0,0,0,0,0,0,0,0,0,0,0,0,0,0
5358,mountains of the moon,1990.0,0,0,1,0,0,0,0,0,0,0,0,0,0,0,0,0,0,0,0,0
5361,white fang,1991.0,0,0,1,0,0,0,0,0,0,0,0,0,0,0,0,0,0,0,0,0
5363,new guy the,2002.0,0,0,0,0,0,1,0,0,0,0,0,0,0,0,0,0,0,0,0,0
5364,unfaithful,2002.0,0,0,0,0,0,0,0,0,1,0,0,0,0,0,0,0,0,1,0,0
5365,lady and the duke the anglaise et le duc l,2001.0,0,0,0,0,0,0,0,0,1,0,0,0,0,0,0,1,0,0,0,0
5372,calamity jane,1953.0,0,0,0,0,0,0,0,0,0,0,0,0,0,1,0,0,0,0,0,1
5373,cranes are flying the letyat zhuravli,1957.0,0,0,0,0,0,0,0,0,1,0,0,0,0,0,0,1,0,0,1,0
5375,harvey girls the,1946.0,0,0,0,0,0,1,0,0,0,0,0,0,0,1,0,0,0,0,0,1
5377,about a boy,2002.0,0,0,0,0,0,1,0,0,1,0,0,0,0,0,0,1,0,0,0,0
5378,star wars episode ii  attack of the clones,2002.0,0,1,1,0,0,0,0,0,0,0,0,0,1,0,0,0,1,0,0,0
5379,believer the,2001.0,0,0,0,0,0,0,0,0,1,0,0,0,0,0,0,0,0,0,0,0
5380,importance of being earnest the,2002.0,0,0,0,0,0,1,0,0,1,0,0,0,0,0,0,1,0,0,0,0
5382,every which way but loose,1978.0,0,0,0,0,0,1,0,0,0,0,0,0,0,0,0,0,0,0,0,0
5384,i want to live,1958.0,0,0,0,0,0,0,1,0,1,0,0,0,0,0,0,0,0,0,0,0
5385,last waltz the,1978.0,0,0,0,0,0,0,0,1,0,0,0,0,0,0,0,0,0,0,0,0
5387,enough,2002.0,0,0,0,0,0,0,0,0,1,0,0,0,0,0,0,0,0,1,0,0
5388,insomnia,2002.0,0,1,0,0,0,0,1,0,1,0,0,0,0,0,1,0,0,1,0,0
5389,spirit stallion of the cimarron,2002.0,0,0,1,1,1,0,0,0,0,0,0,0,0,0,0,0,0,0,0,1
5390,cq,2001.0,0,0,0,0,0,0,0,0,1,0,0,0,0,0,0,0,0,0,0,0
5391,thirteen conversations about one thing aka 13 conversations,2001.0,0,0,0,0,0,0,0,0,1,0,0,0,0,0,0,0,0,0,0,0
5397,monkey business,1952.0,0,0,0,0,0,1,0,0,0,0,0,0,0,0,0,0,1,0,0,0
5398,requiem for a heavyweight,1962.0,0,0,0,0,0,0,0,0,1,0,0,0,0,0,0,0,0,0,0,0
5400,sum of all fears the,2002.0,0,0,0,0,0,0,0,0,1,0,0,0,0,0,0,0,0,1,0,0
5401,undercover brother,2002.0,0,0,0,0,0,1,0,0,0,0,0,0,0,0,0,0,0,0,0,0
5404,84 charing cross road,1987.0,0,0,0,0,0,0,0,0,1,0,0,0,0,0,0,1,0,0,0,0
5409,rapid fire,1992.0,0,1,0,0,0,0,0,0,0,0,0,0,0,0,0,0,0,0,0,0
5410,silent running,1972.0,0,0,0,0,0,0,0,0,1,0,0,0,0,0,0,0,1,0,0,0
5414,bad company,2002.0,0,1,0,0,0,1,1,0,0,0,0,0,0,0,0,0,0,0,0,0
5415,divine secrets of the yaya sisterhood,2002.0,0,0,0,0,0,1,0,0,1,0,0,0,0,0,0,0,0,0,0,0
5416,cherish,2002.0,0,0,0,0,0,1,0,0,1,0,0,0,0,0,0,0,0,1,0,0
5417,fast runner the atanarjuat,2001.0,0,0,0,0,0,0,0,0,1,1,0,0,0,0,0,0,0,0,0,0
5418,bourne identity the,2002.0,0,1,0,0,0,0,0,0,0,0,0,0,0,0,1,0,0,1,0,0
5419,scoobydoo,2002.0,0,0,1,0,1,1,0,0,0,1,0,0,0,0,1,0,0,0,0,0
5420,windtalkers,2002.0,0,1,0,0,0,0,0,0,1,0,0,0,0,0,0,0,0,0,1,0
5421,dangerous lives of altar boys the,2002.0,0,0,0,0,0,0,0,0,1,0,0,0,0,0,0,0,0,0,0,0
5422,emperors new clothes the,2001.0,0,0,0,0,0,1,0,0,0,0,0,0,0,0,0,0,0,0,0,0
5423,gangster no 1,2000.0,0,1,0,0,0,0,1,0,0,0,0,0,0,0,0,0,0,1,0,0
5424,harvard man,2001.0,0,0,0,0,0,0,1,0,1,0,0,0,0,0,0,1,0,1,0,0
5425,dark blue world tmavomodrý svet,2001.0,0,0,0,0,0,0,0,0,1,0,0,0,0,0,0,0,0,0,1,0
5427,caveman,1981.0,0,0,0,0,0,1,0,0,0,0,0,0,0,0,0,0,0,0,0,0
5428,cheech  chongs the corsican brothers,1984.0,0,0,0,0,0,1,0,0,0,0,0,0,0,0,0,0,0,0,0,0
5433,silver bullet stephen kings silver bullet,1985.0,0,0,1,0,0,0,0,0,1,0,0,1,0,0,1,0,0,1,0,0
5434,sorry wrong number,1948.0,0,0,0,0,0,0,0,0,1,0,1,0,0,0,0,0,0,1,0,0
5435,hombre,1967.0,0,0,0,0,0,0,0,0,0,0,0,0,0,0,0,0,0,0,0,1
5437,manhattan project the,1986.0,0,0,0,0,0,1,0,0,0,0,0,0,0,0,0,0,1,1,0,0
5438,men at work,1990.0,0,1,0,0,0,1,0,0,0,0,0,0,0,0,0,0,0,0,0,0
5440,she wore a yellow ribbon,1949.0,0,0,0,0,0,0,0,0,0,0,0,0,0,0,0,0,0,0,0,1
5442,v i warshawski,1991.0,0,1,0,0,0,1,1,0,0,0,0,0,0,0,0,0,0,0,0,0
5443,juwanna mann,2002.0,0,0,0,0,0,1,0,0,0,0,0,0,0,0,0,0,0,0,0,0
5444,lilo  stitch,2002.0,0,0,1,1,1,0,0,0,0,0,0,0,0,0,0,0,1,0,0,0
5445,minority report,2002.0,0,1,0,0,0,0,1,0,0,0,0,0,0,0,1,0,1,1,0,0
5446,rabbitproof fence,2002.0,0,0,1,0,0,0,0,0,1,0,0,0,0,0,0,0,0,0,0,0
5447,sunshine state,2002.0,0,0,0,0,0,0,0,0,1,0,0,0,0,0,0,0,0,0,0,0
5448,hey arnold the movie,2002.0,0,0,1,1,1,1,0,0,0,0,0,0,0,0,0,0,0,0,0,0
5449,mr deeds,2002.0,0,0,0,0,0,1,0,0,0,0,0,0,0,0,0,1,0,0,0,0
5450,lovely  amazing,2001.0,0,0,0,0,0,1,0,0,1,0,0,0,0,0,0,1,0,0,0,0
5451,pumpkin,2002.0,0,0,0,0,0,1,0,0,1,0,0,0,0,0,0,1,0,0,0,0
5452,look whos talking now,1993.0,0,0,0,0,1,1,0,0,0,0,0,0,0,0,0,1,0,0,0,0
5454,mo money,1992.0,0,0,0,0,0,1,0,0,0,0,0,0,0,0,0,1,0,0,0,0
5455,object of beauty the,1991.0,0,0,0,0,0,1,0,0,1,0,0,0,0,0,0,0,0,0,0,0
5456,wagons east,1994.0,0,0,0,0,0,1,0,0,0,0,0,0,0,0,0,0,0,0,0,1
5458,like mike,2002.0,0,0,0,0,1,1,0,0,0,1,0,0,0,0,0,0,0,0,0,0
5459,men in black ii aka miib aka mib 2,2002.0,0,1,0,0,0,1,0,0,0,0,0,0,0,0,0,0,1,0,0,0
5460,powerpuff girls the,2002.0,0,1,0,1,1,1,0,0,0,0,0,0,0,0,0,0,0,0,0,0
5461,me without you,2001.0,0,0,0,0,0,1,0,0,1,0,0,0,0,0,0,0,0,0,0,0
5462,crocodile hunter collision course the,2002.0,0,0,1,0,0,1,0,0,0,0,0,0,0,0,0,0,0,0,0,0
5463,reign of fire,2002.0,0,1,1,0,0,0,0,0,0,1,0,0,0,0,0,0,0,0,0,0
5464,road to perdition,2002.0,0,0,0,0,0,0,1,0,1,0,0,0,0,0,0,0,0,0,0,0
5465,all about lily chouchou riri shushu no subete,2001.0,0,0,0,0,0,0,1,0,1,0,0,0,0,0,0,0,0,1,0,0
5466,my wife is an actress ma femme est une actrice,2001.0,0,0,0,0,0,1,0,0,1,0,0,0,0,0,0,1,0,0,0,0
5468,20 million miles to earth,1957.0,0,0,0,0,0,0,0,0,0,0,0,0,0,0,0,0,1,0,0,0
5470,the importance of being earnest,1952.0,0,0,0,0,0,1,0,0,0,0,0,0,0,0,0,1,0,0,0,0
5471,perfect,1985.0,0,0,0,0,0,0,0,0,1,0,0,0,0,0,0,1,0,0,0,0
5472,1776,1972.0,0,0,0,0,1,0,0,0,1,0,0,0,0,1,0,0,0,0,0,0
5475,z,1969.0,0,0,0,0,0,0,0,0,1,0,0,0,0,0,1,0,0,1,0,0
5476,halloween resurrection halloween 8,2002.0,0,0,0,0,0,0,0,0,0,0,0,1,0,0,0,0,0,1,0,0
5477,sex and lucia lucía y el sexo,2001.0,0,0,0,0,0,0,0,0,1,0,0,0,0,0,0,1,0,0,0,0
5478,eight legged freaks,2002.0,0,1,0,0,0,1,0,0,0,0,0,1,0,0,0,0,1,0,0,0
5479,k19 the widowmaker,2002.0,0,1,1,0,0,0,0,0,1,0,0,0,0,0,0,0,0,1,0,0
5480,stuart little 2,2002.0,0,0,0,0,1,1,0,0,0,0,0,0,0,0,0,0,0,0,0,0
5481,austin powers in goldmember,2002.0,0,0,0,0,0,1,0,0,0,0,0,0,0,0,0,0,0,0,0,0
5483,kid stays in the picture the,2002.0,0,0,0,0,0,0,0,1,0,0,0,0,0,0,0,0,0,0,0,0
5485,tadpole,2002.0,0,0,0,0,0,1,0,0,1,0,0,0,0,0,0,1,0,0,0,0
5486,who is cletis tout,2001.0,0,0,0,0,0,1,0,0,0,0,0,0,0,0,0,0,0,0,0,0
5489,nosferatu the vampyre nosferatu phantom der nacht,1979.0,0,0,0,0,0,0,0,0,0,0,0,1,0,0,0,0,0,0,0,0
5490,the big bus,1976.0,0,1,0,0,0,1,0,0,0,0,0,0,0,0,0,0,0,0,0,0
5493,in like flint,1967.0,0,1,1,0,0,1,0,0,0,0,0,0,0,0,0,0,0,0,0,0
5497,our man flint,1965.0,0,0,1,0,0,1,0,0,0,0,0,0,0,0,0,0,1,0,0,0
5498,red beard akahige,1965.0,0,0,0,0,0,0,0,0,1,0,0,0,0,0,0,0,0,0,0,0
5499,robin and marian,1976.0,0,0,1,0,0,0,0,0,1,0,0,0,0,0,0,1,0,0,0,0
5500,top secret,1984.0,0,0,0,0,0,1,0,0,0,0,0,0,0,0,0,0,0,0,0,0
5501,master of disguise the,2002.0,0,0,0,0,0,1,0,0,0,0,0,0,0,0,1,0,0,0,0,0
5502,signs,2002.0,0,0,0,0,0,0,0,0,0,0,0,1,0,0,0,0,1,1,0,0
5503,last kiss the ultimo bacio l,2001.0,0,0,0,0,0,1,0,0,1,0,0,0,0,0,0,1,0,0,0,0
5504,spy kids 2 the island of lost dreams,2002.0,0,0,1,0,1,0,0,0,0,0,0,0,0,0,0,0,0,0,0,0
5505,good girl the,2002.0,0,0,0,0,0,1,0,0,1,0,0,0,0,0,0,0,0,0,0,0
5506,blood work,2002.0,0,0,0,0,0,0,1,0,1,0,0,0,0,0,1,0,0,1,0,0
5507,xxx,2002.0,0,1,0,0,0,0,1,0,0,0,0,0,0,0,0,0,0,1,0,0
5508,24 hour party people,2002.0,0,0,0,0,0,1,0,0,1,0,0,0,0,1,0,0,0,0,0,0
5512,secret ballot raye makhfi,2001.0,0,0,0,0,0,1,0,0,0,0,0,0,0,0,0,0,0,0,0,0
5513,martin lawrence live runteldat,2002.0,0,0,0,0,0,1,0,1,0,0,0,0,0,0,0,0,0,0,0,0
5515,songs from the second floor sånger från andra våningen,2000.0,0,0,0,0,0,0,0,0,1,0,0,0,0,0,0,0,0,0,0,0
5521,principal the,1987.0,0,1,0,0,0,0,1,0,1,0,0,0,0,0,0,0,0,0,0,0
5522,rollerball,1975.0,0,1,0,0,0,0,0,0,1,0,0,0,0,0,0,0,1,0,0,0
5523,adventures of pluto nash the,2002.0,0,1,1,0,0,1,0,0,0,0,0,0,0,0,0,0,1,0,0,0
5524,blue crush,2002.0,0,0,1,0,0,0,0,0,1,0,0,0,0,0,0,1,0,0,0,0
5525,mostly martha bella martha,2001.0,0,0,0,0,0,1,0,0,1,0,0,0,0,0,0,1,0,0,0,0
5527,possession,2002.0,0,0,0,0,0,0,0,0,1,0,0,0,0,0,0,1,0,0,0,0
5528,one hour photo,2002.0,0,0,0,0,0,0,0,0,1,0,0,0,0,0,0,0,0,1,0,0
5529,serving sara,2002.0,0,0,0,0,0,1,0,0,0,0,0,0,0,0,0,1,0,0,0,0
5530,simone s1m0ne,2002.0,0,0,0,0,0,1,0,0,1,1,0,0,0,0,0,0,1,0,0,0
5531,undisputed,2002.0,0,0,0,0,0,0,0,0,1,0,0,0,0,0,0,0,0,0,0,0
5532,amys o aka amys orgasm,2001.0,0,0,0,0,0,1,0,0,0,0,0,0,0,0,0,1,0,0,0,0
5537,satin rouge,2002.0,0,0,0,0,0,0,0,0,1,0,0,0,0,1,0,0,0,0,0,0
5538,care bears movie the,1985.0,0,0,0,1,1,0,0,0,0,1,0,0,0,0,0,0,0,0,0,0
5539,care bears movie ii a new generation,1986.0,0,0,0,1,1,0,0,0,0,0,0,0,0,0,0,0,0,0,0,0
5540,clash of the titans,1981.0,0,1,1,0,0,0,0,0,0,1,0,0,0,0,0,1,0,0,0,0
5541,hot shots,1991.0,0,1,0,0,0,1,0,0,0,0,0,0,0,0,0,1,0,0,1,0
5543,swarm the,1978.0,0,1,0,0,0,0,0,0,0,0,0,1,0,0,0,0,1,0,0,0
5544,time after time,1979.0,0,0,0,0,0,0,0,0,0,0,0,0,0,0,0,0,1,1,0,0
5548,down and out in beverly hills,1986.0,0,0,0,0,0,1,0,0,0,0,0,0,0,0,0,0,0,0,0,0
5550,love me tender,1956.0,0,0,0,0,0,0,0,0,0,0,0,0,0,1,0,0,0,0,0,1
5553,stakeout,1987.0,0,0,0,0,0,1,1,0,0,0,0,0,0,0,0,1,0,1,0,0
5556,feardotcom aka fearcom aka fear dot com,2002.0,0,0,0,0,0,0,1,0,0,0,0,1,0,0,0,0,0,1,0,0
5560,à nous la liberté freedom for us,1931.0,0,0,0,0,0,1,0,0,0,0,0,0,0,1,0,0,0,0,0,0
5562,snipes,2001.0,0,0,0,0,0,0,0,0,1,0,0,0,0,0,0,0,0,1,0,0
5563,city by the sea,2002.0,0,0,0,0,0,0,1,0,1,0,0,0,0,0,0,0,0,0,0,0
5564,swimfan,2002.0,0,0,0,0,0,0,0,0,0,0,0,0,0,0,0,0,0,1,0,0
5568,johnny dangerously,1984.0,0,0,0,0,0,1,0,0,0,0,0,0,0,0,0,0,0,0,0,0
5569,last house on the left the,1972.0,0,0,0,0,0,0,1,0,0,0,0,1,0,0,0,0,0,1,0,0
5570,thesis tesis,1996.0,0,0,0,0,0,0,0,0,1,0,0,1,0,0,0,0,0,1,0,0
5572,barbershop,2002.0,0,0,0,0,0,1,0,0,0,0,0,0,0,0,0,0,0,0,0,0
5573,stealing harvard,2002.0,0,0,0,0,0,1,1,0,0,0,0,0,0,0,0,0,0,0,0,0
5574,transporter the,2002.0,0,1,0,0,0,0,1,0,0,0,0,0,0,0,0,0,0,0,0,0
5575,alias betty betty fisher et autres histoires,2001.0,0,0,0,0,0,0,1,0,1,0,0,0,0,0,0,0,0,0,0,0
5577,igby goes down,2002.0,0,0,0,0,0,1,0,0,1,0,0,0,0,0,0,0,0,0,0,0
5580,aspen extreme,1993.0,0,1,0,0,0,0,0,0,0,0,0,0,0,0,0,0,0,0,0,0
5581,betsys wedding,1990.0,0,0,0,0,0,1,0,0,0,0,0,0,0,0,0,0,0,0,0,0
5582,captain ron,1992.0,0,0,1,0,0,1,0,0,0,0,0,0,0,0,0,0,0,0,0,0
5584,ernest goes to jail,1990.0,0,0,0,0,0,1,0,0,0,0,0,0,0,0,0,0,0,0,0,0
5585,ernest scared stupid,1991.0,0,0,0,0,0,1,0,0,0,0,0,0,0,0,0,0,0,0,0,0
5588,hills have eyes the,1977.0,0,0,0,0,0,0,0,0,0,0,0,1,0,0,0,0,0,0,0,0
5589,indian summer,1993.0,0,0,0,0,0,1,0,0,1,0,0,0,0,0,0,0,0,0,0,0
5590,mack the,1973.0,0,0,0,0,0,0,1,0,0,0,0,0,0,0,0,0,0,0,0,0
5591,monkey trouble,1994.0,0,0,0,0,1,1,0,0,0,0,0,0,0,0,0,0,0,0,0,0
5596,spaced invaders,1990.0,0,0,1,0,0,1,0,0,0,0,0,0,0,0,0,0,1,0,0,0
5597,suburban commando,1991.0,0,0,0,0,0,1,0,0,0,0,0,0,0,0,0,0,1,0,0,0
5601,yearling the,1946.0,0,0,0,0,1,0,0,0,1,0,0,0,0,0,0,0,0,0,0,0
5602,ladykillers the,1955.0,0,0,0,0,0,1,1,0,0,0,0,0,0,0,0,0,0,0,0,0
5603,lavender hill mob the,1951.0,0,0,0,0,0,1,1,0,0,0,0,0,0,0,0,0,0,0,0,0
5604,man in the white suit the,1951.0,0,0,0,0,0,1,0,0,0,0,0,0,0,0,0,0,1,0,0,0
5607,son of the bride hijo de la novia el,2001.0,0,0,0,0,0,1,0,0,1,0,0,0,0,0,0,0,0,0,0,0
5608,das experiment experiment the,2001.0,0,0,0,0,0,0,0,0,1,0,0,0,0,0,0,0,0,1,0,0
5609,ballistic ecks vs sever,2002.0,0,1,0,0,0,0,0,0,0,0,0,0,0,0,0,0,0,1,0,0
5610,banger sisters the,2002.0,0,0,0,0,0,1,0,0,1,0,0,0,0,0,0,0,0,0,0,0
5611,four feathers the,2002.0,0,0,1,0,0,0,0,0,0,0,0,0,0,0,0,0,0,0,1,0
5612,trapped,2002.0,0,1,0,0,0,0,0,0,0,0,0,0,0,0,0,0,0,1,0,0
5613,8 women,2002.0,0,0,0,0,0,1,1,0,0,0,0,0,0,1,1,0,0,0,0,0
5614,his secret life aka ignorant fairies the fate ignoranti le,2001.0,0,0,0,0,0,0,0,0,1,0,0,0,0,0,0,1,0,0,0,0
5615,invincible,2001.0,0,0,0,0,0,0,0,0,1,0,0,0,0,0,0,0,0,0,0,0
5617,secretary,2002.0,0,0,0,0,0,1,0,0,1,0,0,0,0,0,0,1,0,0,0,0
5618,spirited away sen to chihiro no kamikakushi,2001.0,0,0,1,1,0,0,0,0,0,1,0,0,0,0,0,0,0,0,0,0
5619,trials of henry kissinger the,2002.0,0,0,0,0,0,0,0,1,0,0,0,0,0,0,0,0,0,0,0,0
5620,sweet home alabama,2002.0,0,0,0,0,0,1,0,0,0,0,0,0,0,0,0,1,0,0,0,0
5621,tuxedo the,2002.0,0,1,0,0,0,1,0,0,0,0,0,0,0,0,0,0,0,0,0,0
5625,moonlight mile,2002.0,0,0,0,0,0,0,0,0,1,0,0,0,0,0,0,1,0,0,0,0
5628,wasabi,2001.0,0,1,0,0,0,1,1,0,1,0,0,0,0,0,0,0,0,1,0,0
5629,jonah a veggietales movie,2002.0,0,0,0,1,1,0,0,0,0,0,0,0,0,1,0,0,0,0,0,0
5630,red dragon,2002.0,0,0,0,0,0,0,1,0,0,0,0,0,0,0,1,0,0,1,0,0
5632,bloody sunday,2002.0,0,0,0,0,0,0,0,0,1,0,0,0,0,0,0,0,0,0,0,0
5633,heaven,2002.0,0,0,0,0,0,0,0,0,1,0,0,0,0,0,0,0,0,0,0,0
5635,man from elysian fields the,2001.0,0,0,0,0,0,0,0,0,1,0,0,0,0,0,0,0,0,0,0,0
5636,welcome to collinwood,2002.0,0,0,0,0,0,1,1,0,0,0,0,0,0,0,0,0,0,0,0,0
5637,flirting,1991.0,0,0,0,0,0,0,0,0,1,0,0,0,0,0,0,0,0,0,0,0
5638,godzilla vs mothra mosura tai gojira,1964.0,0,1,1,0,0,0,0,0,0,1,0,0,0,0,0,0,1,0,0,0
5640,godzilla king of the monsters kaijûô gojira,1956.0,0,0,0,0,0,0,0,0,0,0,0,1,0,0,0,0,1,0,0,0
5643,powaqqatsi,1988.0,0,0,0,0,0,0,0,1,0,0,0,0,0,0,0,0,0,0,0,0
5644,pride of the yankees the,1942.0,0,0,0,0,0,0,0,0,1,0,0,0,0,0,0,0,0,0,0,0
5646,valmont,1989.0,0,0,0,0,0,0,0,0,1,0,0,0,0,0,0,1,0,0,0,0
5649,horror of dracula dracula,1958.0,0,0,0,0,0,0,0,0,0,0,0,1,0,0,0,0,0,0,0,0
5650,strange brew,1983.0,0,0,0,0,0,1,0,0,0,0,0,0,0,0,0,0,0,0,0,0
5651,incredible mr limpet the,1964.0,0,0,0,1,0,1,0,0,0,0,0,0,0,0,0,0,0,0,1,0
5657,flashback,1990.0,0,1,1,0,0,1,1,0,1,0,0,0,0,0,0,0,0,0,0,0
5663,below,2002.0,0,0,0,0,0,0,0,0,0,0,0,1,0,0,0,0,0,0,0,0
5664,brown sugar,2002.0,0,0,0,0,0,0,0,0,0,0,0,0,0,0,0,1,0,0,0,0
5665,knockaround guys,2002.0,0,1,0,0,0,1,1,0,0,0,0,0,0,0,0,0,0,0,0,0
5666,rules of attraction the,2002.0,0,0,0,0,0,1,0,0,1,0,0,0,0,0,0,1,0,1,0,0
5667,tuck everlasting,2002.0,0,0,0,0,0,0,0,0,1,1,0,0,0,0,0,0,0,0,0,0
5668,white oleander,2002.0,0,0,0,0,0,0,0,0,1,0,0,0,0,0,0,0,0,0,0,0
5669,bowling for columbine,2002.0,0,0,0,0,0,0,0,1,0,0,0,0,0,0,0,0,0,0,0,0
5670,comedian,2002.0,0,0,0,0,0,1,0,1,0,0,0,0,0,0,0,0,0,0,0,0
5672,pokemon 4 ever aka pokémon 4 the movie,2002.0,0,0,1,1,1,0,0,0,0,1,0,0,0,0,0,0,0,0,0,0
5673,punchdrunk love,2002.0,0,0,0,0,0,1,0,0,1,0,0,0,0,0,0,1,0,0,0,0
5675,swept away,2002.0,0,0,0,0,0,1,0,0,0,0,0,0,0,0,0,1,0,0,0,0
5678,formula 51,2001.0,0,1,0,0,0,1,1,0,0,0,0,0,0,0,0,0,0,1,0,0
5679,ring the,2002.0,0,0,0,0,0,0,0,0,0,0,0,1,0,0,1,0,0,1,0,0
5680,auto focus,2002.0,0,0,0,0,0,0,1,0,1,0,0,0,0,0,0,0,0,0,0,0
5682,grey zone the,2001.0,0,0,0,0,0,0,0,0,1,0,0,0,0,0,0,0,0,0,0,0
5684,naqoyqatsi,2002.0,0,0,0,0,0,0,0,1,0,0,0,0,0,0,0,0,0,0,0,0
5685,real women have curves,2002.0,0,0,0,0,0,1,0,0,1,0,0,0,0,0,0,0,0,0,0,0
5688,tully,2000.0,0,0,0,0,0,0,0,0,1,0,0,0,0,0,0,0,0,0,0,0
5689,billy bathgate,1991.0,0,0,0,0,0,0,1,0,1,0,0,0,0,0,0,0,0,0,0,0
5690,grave of the fireflies hotaru no haka,1988.0,0,0,0,1,0,0,0,0,1,0,0,0,0,0,0,0,0,0,1,0
5693,saturday night fever,1977.0,0,0,0,0,0,1,0,0,1,0,0,0,0,0,0,1,0,0,0,0
5694,staying alive,1983.0,0,0,0,0,0,1,0,0,1,0,0,0,0,1,0,0,0,0,0,0
5696,urban cowboy,1980.0,0,0,0,0,0,0,0,0,1,0,0,0,0,0,0,0,0,0,0,0
5699,tom horn,1980.0,0,0,0,0,0,0,0,0,0,0,0,0,0,0,0,0,0,0,0,1
5700,the pumaman,1980.0,0,1,1,0,0,0,0,0,0,1,0,0,0,0,0,0,1,0,0,0
5704,without warning aka alien warning aka it came without warning,1980.0,0,0,0,0,0,0,0,0,0,0,0,1,0,0,0,0,1,0,0,0
5706,all the marbles,1981.0,0,0,0,0,0,1,0,0,1,0,0,0,0,0,0,0,0,0,0,0
5707,absence of malice,1981.0,0,0,0,0,0,0,0,0,1,0,0,0,0,0,0,1,0,0,0,0
5710,banana joe,1981.0,0,0,0,0,0,1,0,0,0,0,0,0,0,0,0,0,0,0,0,0
5712,blow out,1981.0,0,0,0,0,0,0,0,0,0,0,0,0,0,0,1,0,0,1,0,0
5720,friend is a treasure a chi trova un amico trova un tesoro who finds a friend finds a treasure,1981.0,0,1,1,0,0,1,0,0,0,0,0,0,0,0,0,0,0,0,0,0
5721,chosen the,1981.0,0,0,0,0,0,0,0,0,1,0,0,0,0,0,0,0,0,0,0,0
5723,continental divide,1981.0,0,0,0,0,0,1,0,0,0,0,0,0,0,0,0,1,0,0,0,0
5733,eyewitness janitor the,1981.0,0,0,0,0,0,0,0,0,0,0,0,0,0,0,0,0,0,1,0,0
5735,faces of death,1978.0,0,0,0,0,0,0,0,1,0,0,0,1,0,0,0,0,0,0,0,0
5736,faces of death 3,1985.0,0,0,0,0,0,0,0,1,0,0,0,1,0,0,0,0,0,0,0,0
5741,woman next door the femme dà côté la,1981.0,0,0,0,0,0,0,0,0,1,0,0,0,0,0,0,1,0,0,0,0
5742,first monday in october,1981.0,0,0,0,0,0,1,0,0,1,0,0,0,0,0,0,0,0,0,0,0
5745,four seasons the,1981.0,0,0,0,0,0,1,0,0,1,0,0,0,0,0,0,0,0,0,0,0
5746,galaxy of terror quest,1981.0,0,1,0,0,0,0,0,0,0,0,0,1,0,0,1,0,1,0,0,0
5747,gallipoli,1981.0,0,0,0,0,0,0,0,0,1,0,0,0,0,0,0,0,0,0,1,0
5749,ghost story,1981.0,0,0,0,0,0,0,0,0,1,0,0,1,0,0,0,0,0,0,0,0
5752,gregorys girl,1981.0,0,0,0,0,0,1,0,0,0,0,0,0,0,0,0,1,0,0,0,0
5755,happy birthday to me,1981.0,0,0,0,0,0,0,0,0,0,0,0,1,0,0,1,0,0,0,0,0
5764,looker,1981.0,0,0,0,0,0,0,0,0,1,0,0,1,0,0,0,0,1,1,0,0
5767,teddy bear mis,1981.0,0,0,0,0,0,1,1,0,0,0,0,0,0,0,0,0,0,0,0,0
5768,modern problems,1981.0,0,0,0,0,0,1,0,0,0,1,0,0,0,0,0,0,0,0,0,0
5771,my bloody valentine,1981.0,0,0,0,0,0,0,0,0,1,0,0,1,0,0,0,0,0,1,0,0
5772,my dinner with andré,1981.0,0,0,0,0,0,0,0,0,1,0,0,0,0,0,0,0,0,0,0,0
5773,neighbors,1981.0,0,0,0,0,0,1,0,0,0,0,0,0,0,0,0,0,0,0,0,0
5779,piranha ii the spawning,1981.0,0,0,0,0,0,0,0,0,0,0,0,1,0,0,0,0,1,0,0,0
5780,polyester,1981.0,0,0,0,0,0,1,0,0,0,0,0,0,0,0,0,0,0,0,0,0
5782,professional the le professionnel,1981.0,0,1,0,0,0,0,0,0,1,0,0,0,0,0,0,0,0,1,0,0
5784,ghost ship,2002.0,0,0,0,0,0,0,0,0,0,0,0,1,0,0,0,0,0,0,0,0
5785,jackass the movie,2002.0,0,1,0,0,0,1,0,1,0,0,0,0,0,0,0,0,0,0,0,0
5786,paid in full,2002.0,0,1,0,0,0,0,0,0,1,0,0,0,0,0,0,0,0,0,0,0
5787,truth about charlie the,2002.0,0,0,0,0,0,0,0,0,0,0,0,0,0,0,1,0,0,1,0,0
5788,all or nothing,2002.0,0,0,0,0,0,0,0,0,1,0,0,0,0,0,0,0,0,0,0,0
5791,frida,2002.0,0,0,0,0,0,0,0,0,1,0,0,0,0,0,0,1,0,0,0,0
5792,roger dodger,2002.0,0,0,0,0,0,1,0,0,1,0,0,0,0,0,0,0,0,0,0,0
5796,casino royale,1967.0,0,1,1,0,0,1,0,0,0,0,0,0,0,0,0,0,0,0,0,0
5797,company of wolves the,1984.0,0,0,0,0,0,0,0,0,0,1,0,1,0,0,0,0,0,0,0,0
5799,exodus,1960.0,0,0,0,0,0,0,0,0,1,0,0,0,0,0,0,1,0,0,1,0
5801,russians are coming the russians are coming the,1966.0,0,0,0,0,0,1,0,0,0,0,0,0,0,0,0,0,0,0,1,0
5802,world of henry orient the,1964.0,0,0,0,0,0,1,0,0,0,0,0,0,0,0,0,0,0,0,0,0
5803,i spy,2002.0,0,1,1,0,0,1,1,0,0,0,0,0,0,0,0,0,0,0,0,0
5804,santa clause 2 the,2002.0,0,0,0,0,1,1,0,0,0,1,0,0,0,0,0,1,0,0,0,0
5809,femme fatale,2002.0,0,0,0,0,0,0,1,0,0,0,0,0,0,0,0,0,0,1,0,0
5810,8 mile,2002.0,0,0,0,0,0,0,0,0,1,0,0,0,0,0,0,0,0,0,0,0
5812,far from heaven,2002.0,0,0,0,0,0,0,0,0,1,0,0,0,0,0,0,1,0,0,0,0
5816,harry potter and the chamber of secrets,2002.0,0,0,1,0,0,0,0,0,0,1,0,0,0,0,0,0,0,0,0,0
5817,ararat,2002.0,0,0,0,0,0,0,0,0,1,0,0,0,0,0,0,0,0,0,1,0
5818,crime of father amaro the crimen del padre amaro el,2002.0,0,0,0,0,0,0,0,0,1,0,0,0,0,0,0,1,0,0,0,0
5820,standing in the shadows of motown,2002.0,0,0,0,0,0,0,0,1,0,0,0,0,0,1,0,0,0,0,0,0
5826,rio grande,1950.0,0,0,0,0,0,0,0,0,0,0,0,0,0,0,0,1,0,0,0,1
5828,blackrock,1997.0,0,0,0,0,0,0,0,0,1,0,0,0,0,0,0,0,0,1,0,0
5829,men with brooms,2002.0,0,0,0,0,0,1,0,0,1,0,0,0,0,0,0,1,0,0,0,0
5833,dog soldiers,2002.0,0,1,0,0,0,0,0,0,0,0,0,1,0,0,0,0,0,0,0,0
5836,houseboat,1958.0,0,0,0,0,0,1,0,0,0,0,0,0,0,0,0,1,0,0,0,0
5838,madame bovary,1991.0,0,0,0,0,0,0,0,0,1,0,0,0,0,0,0,0,0,0,0,0
5839,my fathers glory la gloire de mon père,1990.0,0,0,1,0,0,0,0,0,1,0,0,0,0,0,0,0,0,0,0,0
5840,my mothers castle château de ma mère le,1990.0,0,0,0,0,0,1,0,0,1,0,0,0,0,0,0,0,0,0,0,0
5841,return to the blue lagoon,1991.0,0,0,1,0,0,0,0,0,0,0,0,0,0,0,0,1,0,0,0,0
5843,toy soldiers,1991.0,0,1,0,0,0,0,0,0,1,0,0,0,0,0,0,0,0,0,0,0
5847,ragtime,1981.0,0,0,0,0,0,0,0,0,1,0,0,0,0,0,0,0,0,0,0,0
5849,im starting from three ricomincio da tre,1981.0,0,0,0,0,0,1,0,0,0,0,0,0,0,0,0,0,0,0,0,0
5853,scanners,1981.0,0,0,0,0,0,0,0,0,0,0,0,1,0,0,0,0,1,1,0,0
5856,do you remember dolly bell sjecas li se dolly bell,1981.0,0,0,0,0,0,1,0,0,1,0,0,0,0,0,0,1,0,0,0,0
5863,take this job and shove it,1981.0,0,0,0,0,0,1,0,0,0,0,0,0,0,0,0,0,0,0,0,0
5867,thief,1981.0,0,0,0,0,0,0,1,0,1,0,0,0,0,0,0,0,0,1,0,0
5872,die another day,2002.0,0,1,1,0,0,0,0,0,0,0,0,0,0,0,0,0,0,1,0,0
5873,the emperors club,2002.0,0,0,0,0,0,0,0,0,1,0,0,0,0,0,0,0,0,0,0,0
5874,friday after next,2002.0,0,0,0,0,0,1,0,0,0,0,0,0,0,0,0,0,0,0,0,0
5875,personal velocity,2002.0,0,0,0,0,0,0,0,0,1,0,0,0,0,0,0,0,0,0,0,0
5876,quiet american the,2002.0,0,0,0,0,0,0,0,0,1,0,0,0,0,0,0,0,0,1,1,0
5878,talk to her hable con ella,2002.0,0,0,0,0,0,0,0,0,1,0,0,0,0,0,0,1,0,0,0,0
5879,eight crazy nights adam sandlers eight crazy nights,2002.0,0,0,0,1,0,1,0,0,0,0,0,0,0,1,0,0,0,0,0,0
5880,extreme ops,2002.0,0,1,1,0,0,0,1,0,0,0,0,0,0,0,0,0,0,1,0,0
5881,solaris,2002.0,0,0,0,0,0,0,0,0,1,0,0,0,0,0,0,1,1,0,0,0
5882,treasure planet,2002.0,0,0,1,1,1,0,0,0,0,0,0,0,1,0,0,0,1,0,0,0
5883,they,2002.0,0,0,0,0,0,0,0,0,0,0,0,1,0,0,0,0,0,1,0,0
5884,chopper chicks in zombietown,1989.0,0,0,0,0,0,1,0,0,0,0,0,1,0,0,0,0,0,0,0,0
5888,brother brat,1997.0,0,0,0,0,0,0,1,0,1,0,0,0,0,0,0,0,0,0,0,0
5889,cruel romance a zhestokij romans,1984.0,0,0,0,0,0,0,0,0,1,0,0,0,0,0,0,1,0,0,0,0
5890,elling,2001.0,0,0,0,0,0,1,0,0,1,0,0,0,0,0,0,0,0,0,0,0
5891,i spit on your grave day of the woman,1978.0,0,0,0,0,0,0,0,0,0,0,0,1,0,0,0,0,0,1,0,0
5893,last seduction the,1994.0,0,0,0,0,0,0,1,0,1,0,0,0,0,0,0,0,0,1,0,0
5896,new waterford girl,1999.0,0,0,0,0,0,1,0,0,0,0,0,0,0,0,0,0,0,0,0,0
5899,zulu,1964.0,0,1,0,0,0,0,0,0,1,0,0,0,0,0,0,0,0,0,1,0
5900,analyze that,2002.0,0,0,0,0,0,1,1,0,0,0,0,0,0,0,0,0,0,0,0,0
5901,empire,2002.0,0,0,0,0,0,0,1,0,1,0,0,0,0,0,0,0,0,0,0,0
5902,adaptation,2002.0,0,0,0,0,0,1,0,0,1,0,0,0,0,0,0,1,0,0,0,0
5903,equilibrium,2002.0,0,1,0,0,0,0,0,0,0,0,0,0,0,0,0,0,1,1,0,0
5909,visitor q bizita q,2001.0,0,0,0,0,0,1,0,0,1,0,0,1,0,0,0,0,0,0,0,0
5912,hit the bank vabank,1981.0,0,0,0,0,0,1,1,0,0,0,0,0,0,0,0,0,0,0,0,0
5915,victory aka escape to victory,1981.0,0,1,0,0,0,0,0,0,1,0,0,0,0,0,0,0,0,0,1,0
5919,android,1982.0,0,0,0,0,0,0,0,0,0,0,0,0,0,0,0,0,1,0,0,0
5922,attila attila flagello di dio,1982.0,0,1,0,0,0,0,0,0,0,0,0,0,0,0,0,0,0,0,0,0
5925,beast within the,1982.0,0,0,0,0,0,0,0,0,0,0,0,1,0,0,0,0,0,0,0,0
5927,best little whorehouse in texas the,1982.0,0,0,0,0,0,1,0,0,1,0,0,0,0,1,0,1,0,0,0,0
5929,party 2 the boum 2 la,1982.0,0,0,0,0,0,1,0,0,0,0,0,0,0,0,0,1,0,0,0,0
5932,burden of dreams,1982.0,0,0,0,0,0,0,0,1,0,0,0,0,0,0,0,0,0,0,0,0
5938,deathtrap,1982.0,0,0,0,0,0,1,1,0,0,0,0,0,0,0,1,0,0,1,0,0
5941,drumline,2002.0,0,0,0,0,0,1,0,0,1,0,0,0,0,1,0,1,0,0,0,0
5942,hot chick the,2002.0,0,0,0,0,0,1,0,0,0,0,0,0,0,0,0,0,0,0,0,0
5943,maid in manhattan,2002.0,0,0,0,0,0,1,0,0,0,0,0,0,0,0,0,1,0,0,0,0
5944,star trek nemesis,2002.0,0,1,0,0,0,0,0,0,1,0,0,0,0,0,0,0,1,1,0,0
5945,about schmidt,2002.0,0,0,0,0,0,1,0,0,1,0,0,0,0,0,0,0,0,0,0,0
5947,evelyn,2002.0,0,0,0,0,0,0,0,0,1,0,0,0,0,0,0,0,0,0,0,0
5949,intact intacto,2001.0,0,0,0,0,0,0,0,0,0,0,0,0,0,0,0,0,0,1,0,0
5951,morvern callar,2002.0,0,0,0,0,0,0,0,0,1,0,0,0,0,0,0,0,0,0,0,0
5952,lord of the rings the two towers the,2002.0,0,0,1,0,0,0,0,0,0,1,0,0,0,0,0,0,0,0,0,0
5953,devils on the doorstep guizi lai le,2000.0,0,0,0,0,0,0,0,0,1,0,0,0,0,0,0,0,0,0,1,0
5954,25th hour,2002.0,0,0,0,0,0,0,1,0,1,0,0,0,0,0,0,0,0,0,0,0
5955,antwone fisher,2002.0,0,0,0,0,0,0,0,0,1,0,0,0,0,0,0,0,0,0,0,0
5956,gangs of new york,2002.0,0,0,0,0,0,0,1,0,1,0,0,0,0,0,0,0,0,0,0,0
5957,two weeks notice,2002.0,0,0,0,0,0,1,0,0,0,0,0,0,0,0,0,1,0,0,0,0
5959,narc,2002.0,0,0,0,0,0,0,1,0,1,0,0,0,0,0,0,0,0,1,0,0
5961,blue steel,1990.0,0,1,0,0,0,0,0,0,0,0,0,0,0,0,0,0,0,1,0,0
5962,body of evidence,1993.0,0,0,0,0,0,0,0,0,1,0,0,0,0,0,0,0,0,1,0,0
5963,childrens hour the,1961.0,0,0,0,0,0,0,0,0,1,0,0,0,0,0,0,0,0,0,0,0
5965,duellists the,1977.0,0,1,0,0,0,0,0,0,0,0,0,0,0,0,0,0,0,0,1,0
5968,miami blues,1990.0,0,0,0,0,0,1,1,0,1,0,0,0,0,0,0,0,0,0,0,0
5969,my girl 2,1994.0,0,0,0,0,0,1,0,0,1,0,0,0,0,0,0,1,0,0,0,0
5970,my girl,1991.0,0,0,0,0,0,1,0,0,1,0,0,0,0,0,0,1,0,0,0,0
5971,my neighbor totoro tonari no totoro,1988.0,0,0,0,1,1,0,0,0,1,1,0,0,0,0,0,0,0,0,0,0
5974,thief of bagdad the,1940.0,0,0,1,0,0,0,0,0,0,1,0,0,0,0,0,0,0,0,0,0
5975,war and peace,1956.0,0,0,0,0,0,0,0,0,1,0,0,0,0,0,0,1,0,0,1,0
5979,attack of the crab monsters,1957.0,0,0,0,0,0,0,0,0,0,0,0,1,0,0,0,0,1,0,0,0
5980,black christmas,1974.0,0,0,0,0,0,0,0,0,0,0,0,1,0,0,1,0,0,1,0,0
5984,story of o the histoire do,1975.0,0,0,0,0,0,0,0,0,1,0,0,0,0,0,0,1,0,0,0,0
5986,fat city,1972.0,0,0,0,0,0,0,0,0,1,0,0,0,0,0,0,0,0,0,0,0
5988,quicksilver,1986.0,0,0,0,0,0,0,0,0,1,0,0,0,0,0,0,0,0,0,0,0
5989,catch me if you can,2002.0,0,0,0,0,0,0,1,0,1,0,0,0,0,0,0,0,0,0,0,0
5990,pinocchio,2002.0,0,0,0,0,1,1,0,0,0,1,0,0,0,0,0,0,0,0,0,0
5991,chicago,2002.0,0,0,0,0,0,1,1,0,1,0,0,0,0,1,0,0,0,0,0,0
5992,hours the,2002.0,0,0,0,0,0,0,0,0,1,0,0,0,0,0,0,1,0,0,0,0
5993,max,2002.0,0,0,0,0,0,0,0,0,1,0,0,0,0,0,0,0,0,0,0,0
5994,nicholas nickleby,2002.0,0,0,0,0,0,0,0,0,1,0,0,0,0,0,0,1,0,0,0,0
5995,pianist the,2002.0,0,0,0,0,0,0,0,0,1,0,0,0,0,0,0,0,0,0,1,0
5999,heavy metal 2000,2000.0,0,1,1,1,0,0,0,0,0,1,0,0,0,0,0,0,1,0,0,0
6001,king of comedy the,1983.0,0,0,0,0,0,1,0,0,1,0,0,0,0,0,0,0,0,0,0,0
6002,love liza,2002.0,0,0,0,0,0,0,0,0,1,0,0,0,0,0,0,0,0,0,0,0
6003,confessions of a dangerous mind,2002.0,0,0,0,0,0,1,1,0,1,0,0,0,0,0,0,0,0,1,0,0
6005,blue collar comedy tour the movie,2003.0,0,0,0,0,0,1,0,1,0,0,0,0,0,0,0,0,0,0,0,0
6006,just married,2003.0,0,0,0,0,0,1,0,0,0,0,0,0,0,0,0,1,0,0,0,0
6009,city of lost souls the hyôryuugai,2000.0,0,0,0,0,0,0,1,0,1,0,0,0,0,0,0,0,0,1,0,0
6012,guy thing a,2003.0,0,0,0,0,0,1,0,0,0,0,0,0,0,0,0,1,0,0,0,0
6013,kangaroo jack,2003.0,0,1,0,0,0,1,0,0,0,0,0,0,0,0,0,0,0,0,0,0
6014,national security,2003.0,0,1,0,0,0,1,0,0,0,0,0,0,0,0,0,0,0,0,0,0
6016,city of god cidade de deus,2002.0,0,1,1,0,0,0,1,0,1,0,0,0,0,0,0,0,0,1,0,0
6020,alice adams,1935.0,0,0,0,0,0,1,0,0,1,0,0,0,0,0,0,0,0,0,0,0
6021,american friend the amerikanische freund der,1977.0,0,0,0,0,0,0,1,0,1,0,0,0,0,0,1,0,0,1,0,0
6022,american me,1992.0,0,0,0,0,0,0,0,0,1,0,0,0,0,0,0,0,0,0,0,0
6023,band of outsiders bande à part,1964.0,0,0,0,0,0,1,1,0,1,0,0,0,0,0,0,1,0,0,0,0
6025,cb4  the movie,1993.0,0,0,0,0,0,1,0,0,0,0,0,0,0,0,0,0,0,0,0,0
6027,dogfight,1991.0,0,0,0,0,0,0,0,0,1,0,0,0,0,0,0,1,0,0,0,0
6030,girls girls girls,1962.0,0,0,0,0,0,1,0,0,0,0,0,0,0,1,0,0,0,0,0,0
6031,imitation of life,1959.0,0,0,0,0,0,0,0,0,1,0,0,0,0,0,0,1,0,0,0,0
6033,mystery date,1991.0,0,0,0,0,0,1,0,0,0,0,0,0,0,0,0,0,0,0,0,0
6035,pépé le moko,1937.0,0,0,0,0,0,0,1,0,1,0,0,0,0,0,0,1,0,0,0,0
6036,secret admirer,1985.0,0,0,0,0,0,1,0,0,0,0,0,0,0,0,0,1,0,0,0,0
6039,woman in red the,1984.0,0,0,0,0,0,1,0,0,0,0,0,0,0,0,0,1,0,0,0,0
6040,darkness falls,2003.0,0,0,0,0,0,0,0,0,0,0,0,1,0,0,0,0,0,1,0,0
6041,amen,2002.0,0,0,0,0,0,0,0,0,1,0,0,0,0,0,0,0,0,0,0,0
6042,blind spot hitlers secretary im toten winkel  hitlers sekretärin,2002.0,0,0,0,0,0,0,0,1,0,0,0,0,0,0,0,0,0,0,0,0
6044,blind date,1984.0,0,0,0,0,0,0,0,0,0,0,0,1,0,0,0,0,0,1,0,0
6049,ethan frome,1993.0,0,0,0,0,0,0,0,0,1,0,0,0,0,0,0,0,0,0,0,0
6051,harder they come the,1973.0,0,1,0,0,0,0,1,0,1,0,0,0,0,0,0,0,0,0,0,0
6055,sugar hill,1994.0,0,0,0,0,0,0,0,0,1,0,0,0,0,0,0,0,0,0,0,0
6057,biker boyz,2003.0,0,1,0,0,0,0,1,0,1,0,0,0,0,0,0,0,0,0,0,0
6058,final destination 2,2003.0,0,0,0,0,0,0,0,0,0,0,0,1,0,0,0,0,0,1,0,0
6059,recruit the,2003.0,0,1,0,0,0,0,0,0,0,0,0,0,0,0,0,0,0,1,0,0
6060,guru the,2002.0,0,0,0,0,0,1,0,0,0,0,0,0,0,0,0,1,0,0,0,0
6062,lost in la mancha,2002.0,0,0,0,0,0,0,0,1,0,0,0,0,0,0,0,0,0,0,0,0
6063,may,2002.0,0,0,0,0,0,0,0,0,1,0,0,1,0,0,0,0,0,0,0,0
6064,harder they fall the,1956.0,0,0,0,0,0,0,0,0,1,0,1,0,0,0,0,0,0,0,0,0
6067,ordinary decent criminal,2000.0,0,0,0,0,0,1,1,0,0,0,0,0,0,0,0,0,0,0,0,0
6070,tokyo decadence topâzu,1992.0,0,0,0,0,0,0,0,0,1,0,0,0,0,0,0,0,0,0,0,0
6078,firefox,1982.0,0,1,0,0,0,0,0,0,0,0,0,0,0,0,0,0,1,1,0,0
6086,i the jury,1982.0,0,0,0,0,0,0,1,0,1,0,0,0,0,0,0,0,0,1,0,0
6090,kiss me goodbye,1982.0,0,0,0,0,0,1,0,0,0,0,0,0,0,0,0,0,0,0,0,0
6093,last unicorn the,1982.0,0,0,0,1,1,0,0,0,0,1,0,0,0,0,0,0,0,0,0,0
6095,dragon lord aka dragon strike long xiao ye,1982.0,0,1,0,0,0,0,0,0,0,0,0,0,0,0,0,0,0,0,0,0
6100,midsummer nights sex comedy a,1982.0,0,0,0,0,0,1,0,0,0,0,0,0,0,0,0,1,0,0,0,0
6101,missing,1982.0,0,0,0,0,0,0,0,0,1,0,0,0,0,0,1,0,0,1,0,0
6104,monty python live at the hollywood bowl,1982.0,0,0,0,0,0,1,0,0,0,0,0,0,0,0,0,0,0,0,0,0
6107,night of the shooting stars notte di san lorenzo la,1982.0,0,0,0,0,0,0,0,0,1,0,0,0,0,0,0,0,0,0,1,0
6111,paradise,1982.0,0,0,1,0,0,0,0,0,0,0,0,0,0,0,0,1,0,0,0,0
6116,pirate movie the,1982.0,0,0,1,0,0,1,0,0,0,0,0,0,0,1,0,0,0,0,0,0
6119,santa claus is a stinker le père noël est une ordure,1982.0,0,0,0,0,0,1,0,0,0,0,0,0,0,0,0,0,0,0,0,0
6122,richard pryor live on the sunset strip,1982.0,0,0,0,0,0,1,0,1,0,0,0,0,0,0,0,0,0,0,0,0
6123,sunless sans soleil,1983.0,0,0,0,0,0,0,0,1,0,0,0,0,0,0,0,0,0,0,0,0
6124,savannah smiles,1982.0,0,0,0,0,0,1,0,0,0,0,0,0,0,0,0,0,0,0,0,0
6125,secret policemans other ball the,1982.0,0,0,0,0,0,1,0,1,0,0,0,0,0,1,0,0,0,0,0,0
6140,tenebre,1982.0,0,0,0,0,0,0,0,0,0,0,0,1,0,0,1,0,0,1,0,0
6141,they call me bruce aka a fistful of chopsticks,1982.0,0,0,0,0,0,1,0,0,0,0,0,0,0,0,0,0,0,0,0,0
6143,trail of the pink panther,1982.0,0,0,0,0,0,1,1,0,0,0,0,0,0,0,0,0,0,0,0,0
6145,venom,1982.0,0,0,0,0,0,0,0,0,0,0,0,1,0,0,0,0,0,1,0,0
6148,white dog,1982.0,0,0,0,0,0,0,0,0,1,0,0,1,0,0,0,0,0,1,0,0
6153,zapped,1982.0,0,0,0,0,0,1,0,0,0,0,0,0,0,0,0,0,1,0,0,0
6155,how to lose a guy in 10 days,2003.0,0,0,0,0,0,1,0,0,0,0,0,0,0,0,0,1,0,0,0,0
6156,shanghai knights,2003.0,0,1,1,0,0,1,0,0,0,0,0,0,0,0,0,0,0,0,0,0
6157,daredevil,2003.0,0,1,0,0,0,0,1,0,0,0,0,0,0,0,0,0,0,0,0,0
6158,jungle book 2 the,2003.0,0,0,0,1,1,0,0,0,0,0,0,0,0,0,0,0,0,0,0,0
6159,all the real girls,2003.0,0,0,0,0,0,0,0,0,1,0,0,0,0,0,0,1,0,0,0,0
6162,gerry,2002.0,0,0,1,0,0,0,0,0,1,0,0,0,0,0,0,0,0,0,0,0
6163,he loves me he loves me not à la folie pas du tout,2002.0,0,0,0,0,0,0,0,0,0,0,0,0,0,0,0,1,0,1,0,0
6166,dennis the menace,1993.0,0,0,0,0,0,1,0,0,0,0,0,0,0,0,0,0,0,0,0,0
6169,black stallion returns the,1983.0,0,0,1,0,1,0,0,0,0,0,0,0,0,0,0,0,0,0,0,0
6170,black stallion the,1979.0,0,0,1,0,1,0,0,0,1,0,0,0,0,0,0,0,0,0,0,0
6178,patch of blue a,1965.0,0,0,0,0,0,0,0,0,1,0,0,0,0,0,0,1,0,0,0,0
6181,red badge of courage the,1951.0,0,0,0,0,0,0,0,0,1,0,0,0,0,0,0,0,0,0,1,0
6182,thrill of it all the,1963.0,0,0,0,0,0,1,0,0,0,0,0,0,0,0,0,0,0,0,0,0
6183,pillow talk,1959.0,0,0,0,0,0,1,0,0,0,0,0,0,0,1,0,1,0,0,0,0
6184,man who fell to earth the,1976.0,0,0,0,0,0,0,0,0,1,0,0,0,0,0,0,0,1,0,0,0
6185,dark blue,2003.0,0,1,0,0,0,0,1,0,1,0,0,0,0,0,0,0,0,1,0,0
6186,gods and generals,2003.0,0,1,0,0,0,0,0,0,1,0,0,0,0,0,0,0,0,0,1,0
6187,life of david gale the,2003.0,0,0,0,0,0,0,1,0,1,0,0,0,0,0,0,0,0,1,0,0
6188,old school,2003.0,0,0,0,0,0,1,0,0,0,0,0,0,0,0,0,0,0,0,0,0
6192,open hearts elsker dig for evigt,2002.0,0,0,0,0,0,0,0,0,0,0,0,0,0,0,0,1,0,0,0,0
6193,poolhall junkies,2002.0,0,0,0,0,0,1,0,0,1,0,0,0,0,0,0,0,0,1,0,0
6195,stone reader,2002.0,0,0,0,0,0,0,0,1,0,0,0,0,0,0,0,0,0,0,0,0
6196,cradle 2 the grave,2003.0,0,1,0,0,0,0,1,0,1,0,0,0,0,0,0,0,0,1,0,0
6197,spider,2002.0,0,0,0,0,0,0,0,0,1,0,0,0,0,0,1,0,0,0,0,0
6201,lady jane,1986.0,0,0,0,0,0,0,0,0,1,0,0,0,0,0,0,1,0,0,0,0
6202,late marriage hatuna meuheret,2001.0,0,0,0,0,0,1,0,0,1,0,0,0,0,0,0,1,0,0,0,0
6203,life stinks,1991.0,0,0,0,0,0,1,0,0,0,0,0,0,0,0,0,0,0,0,0,0
6204,meteor man the,1993.0,0,0,0,0,0,1,0,0,0,0,0,0,0,0,0,0,0,0,0,0
6210,volcano high whasango,2001.0,0,1,0,0,0,1,0,0,0,0,0,0,0,0,0,0,0,0,0,0
6212,bringing down the house,2003.0,0,0,0,0,0,1,0,0,0,0,0,0,0,0,0,0,0,0,0,0
6213,tears of the sun,2003.0,0,1,0,0,0,0,0,0,1,0,0,0,0,0,0,0,0,1,0,0
6214,irreversible irréversible,2002.0,0,0,0,0,0,0,1,0,1,0,0,0,0,0,1,0,0,1,0,0
6215,laurel canyon,2002.0,0,0,0,0,0,0,0,0,1,0,0,0,0,0,0,0,0,0,0,0
6216,nowhere in africa nirgendwo in afrika,2001.0,0,0,0,0,0,0,0,0,1,0,0,0,0,0,0,0,0,0,0,0
6217,safety of objects the,2001.0,0,0,0,0,0,0,0,0,1,0,0,0,0,0,0,0,0,0,0,0
6218,bend it like beckham,2002.0,0,0,0,0,0,1,0,0,1,0,0,0,0,0,0,1,0,0,0,0
6219,hunted the,2003.0,0,1,0,0,0,0,0,0,1,0,0,0,0,0,0,0,0,1,0,0
6220,willard,2003.0,0,0,0,0,0,0,0,0,1,0,0,1,0,0,0,0,0,1,0,0
6222,prozac nation,2001.0,0,0,0,0,0,0,0,0,1,0,0,0,0,0,0,0,0,0,0,0
6223,spun,2001.0,0,0,0,0,0,1,1,0,1,0,0,0,0,0,0,0,0,0,0,0
6225,king of kings,1961.0,0,0,0,0,0,0,0,0,1,0,0,0,0,0,0,0,0,0,0,0
6228,talk of the town the,1942.0,0,0,0,0,0,1,0,0,0,0,0,0,0,0,0,1,0,1,0,0
6232,born free,1966.0,0,0,1,0,1,0,0,0,1,0,0,0,0,0,0,0,0,0,0,0
6234,equus,1977.0,0,0,0,0,0,0,0,0,1,0,0,0,0,0,1,0,0,0,0,0
6235,europa europa hitlerjunge salomon,1990.0,0,0,0,0,0,0,0,0,1,0,0,0,0,0,0,0,0,0,1,0
6237,glenn miller story the,1953.0,0,0,0,0,0,0,0,0,1,0,0,0,0,0,0,0,0,0,0,0
6238,green card,1990.0,0,0,0,0,0,1,0,0,1,0,0,0,0,0,0,1,0,0,0,0
6239,journey to the center of the earth,1959.0,0,0,1,0,1,0,0,0,0,0,0,0,0,0,0,0,1,0,0,0
6241,pauline at the beach pauline à la plage,1983.0,0,0,0,0,0,1,0,0,1,0,0,0,0,0,0,1,0,0,0,0
6242,ringu ring,1998.0,0,0,0,0,0,0,0,0,0,0,0,1,0,0,1,0,0,1,0,0
6244,salaam bombay,1988.0,0,0,0,0,0,0,0,0,1,0,0,0,0,0,0,0,0,0,0,0
6245,sweet charity,1969.0,0,0,0,0,0,1,0,0,1,0,0,0,0,1,0,1,0,0,0,0
6246,talent for the game,1991.0,0,0,0,0,0,0,0,0,1,0,0,0,0,0,0,0,0,0,0,0
6249,boat trip,2003.0,0,0,0,0,0,1,0,0,0,0,0,0,0,0,0,0,0,0,0,0
6250,dreamcatcher,2003.0,0,0,0,0,0,0,0,0,1,0,0,1,0,0,0,0,1,1,0,0
6251,piglets big movie,2003.0,0,0,0,1,1,0,0,0,0,0,0,0,0,0,0,0,0,0,0,0
6252,view from the top,2003.0,0,0,0,0,0,1,0,0,0,0,0,0,0,0,0,1,0,0,0,0
6254,awful truth the,1937.0,0,0,0,0,0,1,0,0,0,0,0,0,0,0,0,1,0,0,0,0
6263,basic,2003.0,0,0,0,0,0,0,0,0,1,0,0,0,0,0,0,0,0,1,1,0
6264,core the,2003.0,0,1,0,0,0,0,0,0,1,0,0,0,0,0,0,0,1,1,0,0
6265,head of state,2003.0,0,0,0,0,0,1,0,0,0,0,0,0,0,0,0,0,0,0,0,0
6266,what a girl wants,2003.0,0,0,0,0,0,1,0,0,1,0,0,0,0,0,0,1,0,0,0,0
6267,assassination tango,2002.0,0,0,0,0,0,0,0,0,1,0,0,0,0,0,0,0,0,1,0,0
6268,raising victor vargas,2002.0,0,0,0,0,0,1,0,0,1,0,0,0,0,0,0,1,0,0,0,0
6269,stevie,2002.0,0,0,0,0,0,0,0,1,0,0,0,0,0,0,0,0,0,0,0,0
6270,akira kurosawas dreams dreams,1990.0,0,0,0,0,0,0,0,0,1,1,0,0,0,0,0,0,0,0,0,0
6271,day for night la nuit américaine,1973.0,0,0,0,0,0,1,0,0,1,0,0,0,0,0,0,1,0,0,0,0
6273,in a lonely place,1950.0,0,0,0,0,0,0,0,0,1,0,1,0,0,0,1,1,0,0,0,0
6279,good thief the,2002.0,0,0,0,0,0,0,1,0,1,0,0,0,0,0,0,0,0,0,0,0
6280,man apart a,2003.0,0,1,0,0,0,0,1,0,1,0,0,0,0,0,0,0,0,1,0,0
6281,phone booth,2002.0,0,0,0,0,0,0,0,0,1,0,0,0,0,0,0,0,0,1,0,0
6283,cowboy bebop the movie cowboy bebop tengoku no tobira,2001.0,0,1,0,1,0,0,0,0,0,0,0,0,0,0,0,0,1,1,0,0
6285,levity,2003.0,0,0,0,0,0,0,0,0,1,0,0,0,0,0,0,0,0,0,0,0
6286,man without a past the mies vailla menneisyyttä,2002.0,0,0,0,0,0,1,1,0,1,0,0,0,0,0,0,0,0,0,0,0
6287,anger management,2003.0,0,0,0,0,0,1,0,0,0,0,0,0,0,0,0,0,0,0,0,0
6288,better luck tomorrow,2002.0,0,0,0,0,0,0,1,0,1,0,0,0,0,0,0,0,0,0,0,0
6289,ghosts of the abyss,2003.0,0,0,0,0,0,0,0,1,0,0,0,0,1,0,0,0,0,0,0,0
6290,house of 1000 corpses,2003.0,0,0,0,0,0,0,0,0,0,0,0,1,0,0,0,0,0,0,0,0
6291,lilya 4ever lilja 4ever,2002.0,0,0,0,0,0,0,1,0,1,0,0,0,0,0,0,0,0,0,0,0
6294,bulletproof monk,2003.0,0,1,1,0,0,0,0,0,0,0,0,0,0,0,0,0,1,0,0,0
6295,chasing papi aka papi chulo,2003.0,0,0,0,0,0,1,0,0,0,0,0,0,0,0,0,0,0,0,0,0
6296,mighty wind a,2003.0,0,0,0,0,0,1,0,0,0,0,0,0,0,1,0,0,0,0,0,0
6297,holes,2003.0,0,0,1,0,1,1,0,0,0,0,0,0,0,0,1,0,0,0,0,0
6298,malibus most wanted,2003.0,0,0,0,0,0,1,1,0,0,0,0,0,0,0,0,0,0,0,0,0
6299,winged migration peuple migrateur le,2001.0,0,0,0,0,0,0,0,1,0,0,0,0,0,0,0,0,0,0,0,0
6300,flickering lights blinkende lygter,2000.0,0,1,0,0,0,1,1,0,0,0,0,0,0,0,0,0,0,0,0,0
6301,straw dogs,1971.0,0,0,0,0,0,0,0,0,1,0,0,0,0,0,0,0,0,1,0,0
6302,beginning of the end,1957.0,0,0,0,0,0,0,0,0,0,0,0,0,0,0,0,0,1,0,0,0
6303,andromeda strain the,1971.0,0,0,0,0,0,0,0,0,0,0,0,0,0,0,1,0,1,0,0,0
6305,fahrenheit 451,1966.0,0,0,0,0,0,0,0,0,1,0,0,0,0,0,0,0,1,0,0,0
6306,i am trying to break your heart,2002.0,0,0,0,0,0,0,0,1,0,0,0,0,0,0,0,0,0,0,0,0
6308,legal eagles,1986.0,0,0,0,0,0,1,1,0,0,0,0,0,0,0,0,1,0,0,0,0
6310,memories of me,1988.0,0,0,0,0,0,1,0,0,1,0,0,0,0,0,0,0,0,0,0,0
6313,sibling rivalry,1990.0,0,0,0,0,0,1,0,0,0,0,0,0,0,0,0,0,0,0,0,0
6314,undercover blues,1993.0,0,0,0,0,0,1,1,0,0,0,0,0,0,0,0,0,0,0,0,0
6315,wildcats,1986.0,0,0,0,0,0,1,0,0,0,0,0,0,0,0,0,0,0,0,0,0
6316,wiz the,1978.0,0,0,1,0,1,1,0,0,0,1,0,0,0,1,0,0,0,0,0,0
6319,my father the hero mon père ce héros,1991.0,0,0,0,0,0,1,0,0,1,0,0,0,0,0,0,0,0,0,0,0
6320,scenes from a mall,1991.0,0,0,0,0,0,1,0,0,0,0,0,0,0,0,0,0,0,0,0,0
6322,confidence,2003.0,0,0,0,0,0,0,1,0,0,0,0,0,0,0,0,0,0,1,0,0
6323,identity,2003.0,0,0,0,0,0,0,1,0,0,0,0,1,0,0,1,0,0,1,0,0
6324,it runs in the family,2003.0,0,0,0,0,0,1,0,0,1,0,0,0,0,0,0,0,0,0,0,0
6327,decade under the influence a,2003.0,0,0,0,0,0,0,0,1,0,0,0,0,0,0,0,0,0,0,0,0
6329,manic,2001.0,0,0,0,0,0,0,0,0,1,0,0,0,0,0,0,0,0,0,0,0
6330,people i know,2002.0,0,0,0,0,0,0,1,0,1,0,0,0,0,0,0,0,0,0,0,0
6331,spellbound,2002.0,0,0,0,0,0,0,0,1,0,0,0,0,0,0,0,0,0,0,0,0
6332,lizzie mcguire movie the,2003.0,0,0,0,0,1,1,0,0,0,0,0,0,0,0,0,1,0,0,0,0
6333,x2 xmen united,2003.0,0,1,1,0,0,0,0,0,0,0,0,0,0,0,0,0,1,1,0,0
6334,blue car,2002.0,0,0,0,0,0,0,0,0,1,0,0,0,0,0,0,0,0,0,0,0
6335,dancer upstairs the,2002.0,0,0,0,0,0,0,1,0,1,0,0,0,0,0,0,0,0,1,0,0
6336,marooned in iraq gomgashtei dar aragh,2002.0,0,0,0,0,0,0,0,0,1,0,0,0,0,0,0,0,0,0,0,0
6337,owning mahowny,2003.0,0,0,0,0,0,0,1,0,1,0,0,0,0,0,0,0,0,1,0,0
6338,daddy day care,2003.0,0,0,0,0,1,1,0,0,0,0,0,0,0,0,0,0,0,0,0,0
6339,man on the train homme du train l,2002.0,0,0,0,0,0,1,0,0,1,0,0,0,0,0,0,0,0,0,0,0
6341,shape of things the,2003.0,0,0,0,0,0,0,0,0,1,0,0,0,0,0,0,0,0,0,0,0
6342,trip the,2002.0,0,0,0,0,0,1,0,0,1,0,0,0,0,0,0,1,0,0,0,0
6344,101 reykjavik 101 reykjavík,2000.0,0,0,0,0,0,1,0,0,1,0,0,0,0,0,0,1,0,0,0,0
6345,chorus line a,1985.0,0,0,0,0,0,1,0,0,1,0,0,0,0,1,0,0,0,0,0,0
6347,beat street,1984.0,0,0,0,0,0,0,0,0,1,0,0,0,0,1,0,0,0,0,0,0
6348,breakin 2 electric boogaloo,1984.0,0,0,0,0,0,0,0,0,0,0,0,0,0,1,0,0,0,0,0,0
6349,breakin,1984.0,0,0,0,0,0,0,0,0,1,0,0,0,0,1,0,0,0,0,0,0
6350,laputa castle in the sky tenkû no shiro rapyuta,1986.0,0,1,1,1,1,0,0,0,0,1,0,0,0,0,0,0,1,0,0,0
6357,high society,1956.0,0,0,0,0,0,1,0,0,0,0,0,0,0,1,0,1,0,0,0,0
6358,kiss me kate,1953.0,0,0,0,0,0,1,0,0,0,0,0,0,0,1,0,1,0,0,0,0
6365,matrix reloaded the,2003.0,0,1,1,0,0,0,0,0,0,0,0,0,1,0,0,0,1,1,0,0
6367,down with love,2003.0,0,0,0,0,0,1,0,0,0,0,0,0,0,0,0,1,0,0,0,0
6368,cinemania,2002.0,0,0,0,0,0,0,0,1,0,0,0,0,0,0,0,0,0,0,0,0
6370,spanish apartment the lauberge espagnole,2002.0,0,0,0,0,0,1,0,0,1,0,0,0,0,0,0,1,0,0,0,0
6371,pokémon heroes,2003.0,0,0,0,1,1,0,0,0,0,0,0,0,0,0,0,0,0,0,0,0
6373,bruce almighty,2003.0,0,0,0,0,0,1,0,0,1,1,0,0,0,0,0,1,0,0,0,0
6374,inlaws the,2003.0,0,0,0,0,0,1,0,0,0,0,0,0,0,0,0,0,0,0,0,0
6375,gigantic a tale of two johns,2002.0,0,0,0,0,0,0,0,1,0,0,0,0,0,0,0,0,0,0,0,0
6376,respiro,2002.0,0,0,0,0,0,1,0,0,1,0,0,0,0,0,0,0,0,0,0,0
6377,finding nemo,2003.0,0,0,1,1,1,1,0,0,0,0,0,0,0,0,0,0,0,0,0,0
6378,italian job the,2003.0,0,1,0,0,0,0,1,0,0,0,0,0,0,0,0,0,0,0,0,0
6379,wrong turn,2003.0,0,0,0,0,0,0,0,0,0,0,0,1,0,0,0,0,0,1,0,0
6380,capturing the friedmans,2003.0,0,0,0,0,0,0,0,1,0,0,0,0,0,0,0,0,0,0,0,0
6382,together han ni zai yiki,2002.0,0,0,0,0,0,0,0,0,1,0,0,0,0,0,0,0,0,0,0,0
6383,2 fast 2 furious fast and the furious 2 the,2003.0,0,1,0,0,0,0,1,0,0,0,0,0,0,0,0,0,0,1,0,0
6385,whale rider,2002.0,0,0,0,0,0,0,0,0,1,0,0,0,0,0,0,0,0,0,0,0
6386,nevada smith,1966.0,0,0,0,0,0,0,0,0,0,0,0,0,0,0,0,0,0,0,0,1
6387,once a thief zong heng si hai,1991.0,0,1,0,0,0,1,1,0,0,0,0,0,0,0,0,0,0,1,0,0
6390,silk stockings,1957.0,0,0,0,0,0,0,0,0,0,0,0,0,0,1,0,0,0,0,0,0
6395,crazies the aka code name trixie,1973.0,0,1,0,0,0,0,0,0,1,0,0,1,0,0,0,0,1,1,0,0
6400,murder on a sunday morning un coupable idéal,2001.0,0,0,0,0,0,0,0,1,0,0,0,0,0,0,0,0,0,0,0,0
6402,siam sunset,1999.0,0,0,0,0,0,1,0,0,0,0,0,0,0,0,0,0,0,0,0,0
6405,treasure island,1950.0,0,0,1,0,1,0,0,0,0,0,0,0,0,0,0,0,0,0,0,0
6407,walk dont run,1966.0,0,0,0,0,0,1,0,0,0,0,0,0,0,0,0,1,0,0,0,0
6408,animals are beautiful people,1974.0,0,0,0,0,0,1,0,1,0,0,0,0,0,0,0,0,0,0,0,0
6410,car wash,1976.0,0,0,0,0,0,1,0,0,0,0,0,0,0,0,0,0,0,0,0,0
6412,destry rides again,1939.0,0,0,0,0,0,1,0,0,0,0,0,0,0,0,0,0,0,0,0,1
6415,intervista,1987.0,0,0,0,0,0,1,0,0,1,0,0,0,0,0,0,0,0,0,0,0
6417,live wire,1992.0,0,1,0,0,0,0,0,0,0,0,0,0,0,0,0,0,0,0,0,0
6422,shenandoah,1965.0,0,0,0,0,0,0,0,0,1,0,0,0,0,0,0,0,0,0,1,1
6424,oscar,1991.0,0,0,0,0,0,1,1,0,0,0,0,0,0,0,1,1,0,0,0,0
6425,6th man the sixth man the,1997.0,0,0,0,0,0,1,0,0,0,0,0,0,0,0,0,0,0,0,0,0
6427,railway children the,1970.0,0,0,0,0,1,0,0,0,1,0,0,0,0,0,0,0,0,0,0,0
6428,two mules for sister sara,1970.0,0,0,0,0,0,1,0,0,0,0,0,0,0,0,0,0,0,0,1,1
6429,winchester 73,1950.0,0,0,0,0,0,0,0,0,0,0,0,0,0,0,0,0,0,0,0,1
6433,man with the movie camera the chelovek s kinoapparatom,1929.0,0,0,0,0,0,0,0,1,0,0,0,0,0,0,0,0,0,0,0,0
6434,objective burma,1945.0,0,0,0,0,0,0,0,0,0,0,0,0,0,0,0,0,0,0,1,0
6436,this boys life,1993.0,0,0,0,0,0,0,0,0,1,0,0,0,0,0,0,0,0,0,0,0
6440,barton fink,1991.0,0,0,0,0,0,0,0,0,1,0,0,0,0,0,0,0,0,1,0,0
6442,belle époque,1992.0,0,0,0,0,0,1,0,0,0,0,0,0,0,0,0,1,0,0,0,0
6448,flight of the phoenix the,1965.0,0,1,1,0,0,0,0,0,1,0,0,0,0,0,0,0,0,0,0,0
6449,from the terrace,1960.0,0,0,0,0,0,0,0,0,1,0,0,0,0,0,0,0,0,0,0,0
6452,long hot summer the,1958.0,0,0,0,0,0,0,0,0,1,0,0,0,0,0,0,0,0,0,0,0
6453,man of aran,1934.0,0,0,0,0,0,0,0,1,0,0,0,0,0,0,0,0,0,0,0,0
6454,music box,1989.0,0,0,0,0,0,0,0,0,1,0,0,0,0,0,0,0,0,0,0,0
6460,trial the procès le,1962.0,0,0,0,0,0,0,0,0,1,0,0,0,0,0,0,0,0,0,0,0
6461,unforgiven the,1960.0,0,0,0,0,0,0,0,0,1,0,0,0,0,0,0,0,0,0,0,1
6464,good burger,1997.0,0,0,0,0,1,1,0,0,0,0,0,0,0,0,0,0,0,0,0,0
6465,jubilee,1977.0,0,0,0,0,0,0,0,0,1,0,0,0,0,0,0,0,0,0,0,0
6466,mississippi masala,1991.0,0,0,0,0,0,0,0,0,1,0,0,0,0,0,0,1,0,0,0,0
6476,shattered,1991.0,0,0,0,0,0,0,0,0,0,0,0,0,0,0,1,0,0,1,0,0
6477,song of bernadette the,1943.0,0,0,0,0,0,0,0,0,1,0,0,0,0,0,0,0,0,0,0,0
6480,thoroughly modern millie,1967.0,0,0,0,0,0,1,0,0,0,0,0,0,0,1,0,0,0,0,0,0
6482,dumb and dumberer when harry met lloyd,2003.0,0,0,0,0,0,1,0,0,0,0,0,0,0,0,0,0,0,0,0,0
6483,from justin to kelly,2003.0,0,0,0,0,0,0,0,0,0,0,0,0,0,1,0,1,0,0,0,0
6484,hollywood homicide,2003.0,0,1,0,0,0,0,1,0,1,0,0,0,0,0,0,0,0,0,0,0
6493,alex and emma,2003.0,0,0,0,0,0,1,0,0,1,0,0,0,0,0,0,1,0,0,0,0
6502,28 days later,2002.0,0,1,0,0,0,0,0,0,0,0,0,1,0,0,0,0,1,0,0,0
6503,charlies angels full throttle,2003.0,0,1,1,0,0,1,1,0,0,0,0,0,0,0,0,0,0,1,0,0
6506,fulltime killer chuen jik sat sau,2001.0,0,1,0,0,0,0,0,0,0,0,0,0,0,0,0,0,0,1,0,0
6509,ali fear eats the soul angst essen seele auf,1974.0,0,0,0,0,0,0,0,0,1,0,0,0,0,0,0,1,0,0,0,0
6510,bodies rest  motion,1993.0,0,0,0,0,0,0,0,0,1,0,0,0,0,0,0,1,0,0,0,0
6514,ring of terror,1962.0,0,0,0,0,0,0,0,0,0,0,0,1,0,0,0,0,0,0,0,0
6515,you only live once,1937.0,0,0,0,0,0,0,1,0,0,0,1,0,0,0,0,0,0,0,0,0
6516,anastasia,1956.0,0,0,0,0,0,0,0,0,1,0,0,0,0,0,0,0,0,0,0,0
6517,babe the,1992.0,0,0,0,0,0,0,0,0,1,0,0,0,0,0,0,0,0,0,0,0
6523,mr baseball,1992.0,0,0,0,0,0,1,0,0,0,0,0,0,0,0,0,1,0,0,0,0
6527,scaramouche,1952.0,0,0,1,0,0,0,0,0,0,0,0,0,0,0,0,1,0,0,0,0
6528,start the revolution without me,1970.0,0,0,0,0,0,1,0,0,0,0,0,0,0,0,0,0,0,0,0,0
6530,tenant the locataire le,1976.0,0,0,0,0,0,0,0,0,1,0,0,1,0,0,1,0,0,1,0,0
6533,whats up doc,1972.0,0,0,0,0,0,1,0,0,0,0,0,0,0,0,0,0,0,0,0,0
6534,hulk,2003.0,0,1,1,0,0,0,0,0,0,0,0,0,0,0,0,0,1,0,0,0
6535,legally blonde 2 red white  blonde,2003.0,0,0,0,0,0,1,0,0,0,0,0,0,0,0,0,0,0,0,0,0
6536,sinbad legend of the seven seas,2003.0,0,0,1,1,1,0,0,0,0,1,0,0,0,0,0,0,0,0,0,0
6537,terminator 3 rise of the machines,2003.0,0,1,1,0,0,0,0,0,0,0,0,0,0,0,0,0,1,0,0,0
6538,swimming pool,2003.0,0,0,0,0,0,0,0,0,1,0,0,0,0,0,1,0,0,1,0,0
6539,pirates of the caribbean the curse of the black pearl,2003.0,0,1,1,0,0,1,0,0,0,1,0,0,0,0,0,0,0,0,0,0
6541,league of extraordinary gentlemen the aka lxg,2003.0,0,1,0,0,0,0,0,0,0,1,0,0,0,0,0,0,1,0,0,0
6542,cuckoo the kukushka,2002.0,0,0,0,0,0,1,0,0,1,0,0,0,0,0,0,0,0,0,1,0
6545,i capture the castle,2003.0,0,0,0,0,0,0,0,0,1,0,0,0,0,0,0,1,0,0,0,0
6547,northfork,2003.0,0,0,0,0,0,0,0,0,1,1,0,0,0,0,0,0,0,0,0,0
6548,bad boys ii,2003.0,0,1,0,0,0,1,1,0,0,0,0,0,0,0,0,0,0,1,0,0
6549,how to deal,2003.0,0,0,0,0,0,1,0,0,1,0,0,0,0,0,0,1,0,0,0,0
6550,johnny english,2003.0,0,1,0,0,0,1,0,0,0,0,0,0,0,0,0,0,0,1,0,0
6551,anarchist cookbook the,2002.0,0,0,0,0,0,1,0,0,0,0,0,0,0,0,0,1,0,0,0,0
6552,dirty pretty things,2002.0,0,0,0,0,0,0,1,0,1,0,0,0,0,0,0,0,0,1,0,0
6553,embalmer the imbalsamatore l,2002.0,0,0,0,0,0,0,0,0,1,0,0,0,0,0,0,0,0,0,0,0
6554,garage days,2002.0,0,0,0,0,0,1,0,0,0,0,0,0,0,1,0,0,0,0,0,0
6557,born to be wild,1995.0,0,0,1,0,1,1,0,0,1,0,0,0,0,0,0,0,0,0,0,0
6558,curly sue,1991.0,0,0,0,0,0,1,0,0,1,0,0,0,0,0,0,0,0,0,0,0
6559,little giants,1994.0,0,0,0,0,1,1,0,0,0,0,0,0,0,0,0,0,0,0,0,0
6560,loose cannons,1990.0,0,1,0,0,0,1,0,0,0,0,0,0,0,0,0,0,0,0,0,0
6561,mouse that roared the,1959.0,0,0,0,0,0,1,0,0,0,0,0,0,0,0,0,0,0,0,1,0
6563,masked  anonymous,2003.0,0,0,0,0,0,1,0,0,1,0,0,0,0,0,0,0,0,0,0,0
6564,lara croft tomb raider the cradle of life,2003.0,0,1,1,0,0,1,0,0,0,0,0,0,0,0,0,1,0,1,0,0
6565,seabiscuit,2003.0,0,0,0,0,0,0,0,0,1,0,0,0,0,0,0,0,0,0,0,0
6566,spy kids 3d game over,2003.0,0,1,1,0,1,0,0,0,0,0,0,0,0,0,0,0,0,0,0,0
6567,buffalo soldiers,2001.0,0,0,0,0,0,1,1,0,1,0,0,0,0,0,0,0,0,0,1,0
6568,camp,2003.0,0,0,0,0,0,1,0,0,0,0,0,0,0,1,0,0,0,0,0,0
6571,mondays in the sun lunes al sol los,2002.0,0,0,0,0,0,0,0,0,1,0,0,0,0,0,0,0,0,0,0,0
6572,scorched,2003.0,0,0,0,0,0,1,1,0,0,0,0,0,0,0,0,0,0,0,0,0
6573,avanti,1972.0,0,0,0,0,0,1,0,0,1,0,0,0,0,0,0,0,0,0,0,0
6574,eve of destruction,1991.0,0,1,0,0,0,0,0,0,0,0,0,0,0,0,0,0,1,1,0,0
6577,kickboxer 2 the road back,1991.0,0,1,0,0,0,0,0,0,1,0,0,0,0,0,0,0,0,0,0,0
6578,kiss me stupid,1964.0,0,0,0,0,0,1,0,0,0,0,0,0,0,0,0,0,0,0,0,0
6579,one two three,1961.0,0,0,0,0,0,1,0,0,0,0,0,0,0,0,0,0,0,0,0,0
6581,private life of sherlock holmes the,1970.0,0,0,0,0,0,1,0,0,1,0,0,0,0,0,1,0,0,0,0,0
6582,remo williams the adventure begins,1985.0,0,1,0,0,0,1,1,0,0,0,0,0,0,0,0,0,0,1,0,0
6583,blood of heroes the salute of the jugger the,1989.0,0,1,0,0,0,0,0,0,0,0,0,0,0,0,0,0,1,0,0,0
6584,whats up tiger lily,1966.0,0,0,1,0,0,1,1,0,0,0,0,0,0,0,0,0,0,1,0,0
6586,american wedding american pie 3,2003.0,0,0,0,0,0,1,0,0,0,0,0,0,0,0,0,0,0,0,0,0
6587,gigli,2003.0,0,0,0,0,0,1,1,0,0,0,0,0,0,0,0,1,0,0,0,0
6588,and now ladies and gentlemen,2002.0,0,0,0,0,0,0,0,0,0,0,0,0,0,0,0,1,0,1,0,0
6591,magdalene sisters the,2002.0,0,0,0,0,0,0,0,0,1,0,0,0,0,0,0,0,0,0,0,0
6592,secret lives of dentists the,2002.0,0,0,0,0,0,0,0,0,1,0,0,0,0,0,0,0,0,0,0,0
6593,freaky friday,2003.0,0,0,0,0,1,1,0,0,0,1,0,0,0,0,0,0,0,0,0,0
6595,swat,2003.0,0,1,0,0,0,0,0,0,0,0,0,0,0,0,0,0,0,1,0,0
6596,divorce le,2003.0,0,0,0,0,0,1,0,0,1,0,0,0,0,0,0,1,0,0,0,0
6597,princess blade the shura yukihime,2001.0,0,1,0,0,0,0,0,0,0,0,0,0,0,0,0,0,1,0,0,0
6598,step into liquid,2002.0,0,0,0,0,0,0,0,1,0,0,0,0,0,0,0,0,0,0,0,0
6603,double life a,1947.0,0,0,0,0,0,0,1,0,1,0,1,0,0,0,0,0,0,0,0,0
6604,hawks and sparrows uccellacci e uccellini,1966.0,0,0,0,0,0,1,0,0,0,0,0,0,0,0,0,0,0,0,0,0
6609,gospel according to st matthew the vangelo secondo matteo il,1964.0,0,0,0,0,0,0,0,0,1,0,0,0,0,0,0,0,0,0,0,0
6611,umberto d,1952.0,0,0,0,0,0,0,0,0,1,0,0,0,0,0,0,0,0,0,0,0
6612,brothers keeper,1992.0,0,0,0,0,0,0,0,1,0,0,0,0,0,0,0,0,0,0,0,0
6614,i love you to death,1990.0,0,0,0,0,0,1,1,0,0,0,0,0,0,0,0,0,0,0,0,0
6615,freddy vs jason,2003.0,0,1,0,0,0,0,0,0,0,0,0,1,0,0,0,0,0,1,0,0
6616,grind,2003.0,0,1,0,0,0,1,0,0,0,0,0,0,0,0,0,0,0,0,0,0
6617,open range,2003.0,0,0,0,0,0,0,0,0,0,0,0,0,0,0,0,0,0,0,0,1
6618,shaolin soccer siu lam juk kau,2001.0,0,1,0,0,0,1,0,0,0,0,0,0,0,0,0,0,0,0,0,0
6619,uptown girls,2003.0,0,0,0,0,0,1,0,0,0,0,0,0,0,0,0,0,0,0,0,0
6620,american splendor,2003.0,0,0,0,0,0,1,0,0,1,0,0,0,0,0,0,0,0,0,0,0
6624,agent cody banks,2003.0,0,1,1,0,1,0,0,0,0,1,0,0,0,0,0,0,0,0,0,0
6625,camp nowhere,1994.0,0,0,1,0,1,1,0,0,0,0,0,0,0,0,0,0,0,0,0,0
6628,hot dog the movie,1984.0,0,0,0,0,0,1,0,0,0,0,0,0,0,0,0,0,0,0,0,0
6629,house of wax,1953.0,0,0,0,0,0,0,1,0,0,0,0,1,0,0,1,0,0,1,0,0
6631,mans best friend,1993.0,0,0,0,0,0,0,0,0,0,0,0,1,0,0,0,0,1,1,0,0
6636,sure thing the,1985.0,0,0,0,0,0,1,0,0,0,0,0,0,0,0,0,1,0,0,0,0
6638,valley girl,1983.0,0,0,0,0,0,1,0,0,0,0,0,0,0,0,0,1,0,0,0,0
6639,wait until dark,1967.0,0,0,0,0,0,0,0,0,1,0,0,0,0,0,0,0,0,1,0,0
6643,tokyo story tôkyô monogatari,1953.0,0,0,0,0,0,0,0,0,1,0,0,0,0,0,0,0,0,0,0,0
6644,green ray the rayon vert le,1986.0,0,0,0,0,0,0,0,0,1,0,0,0,0,0,0,1,0,0,0,0
6645,thx 1138,1971.0,0,1,1,0,0,0,0,0,1,0,0,0,0,0,0,0,1,0,0,0
6650,kind hearts and coronets,1949.0,0,0,0,0,0,1,0,0,1,0,0,0,0,0,0,0,0,0,0,0
6654,atragon kaitei gunkan,1963.0,0,0,1,0,0,0,0,0,0,0,0,0,0,0,0,0,1,0,0,0
6656,attack of the puppet people,1958.0,0,0,0,0,0,0,0,0,0,0,0,1,0,0,0,0,1,0,0,0
6658,10,1979.0,0,0,0,0,0,1,0,0,0,0,0,0,0,0,0,1,0,0,0,0
6659,tremors,1990.0,0,0,0,0,0,1,0,0,0,0,0,1,0,0,0,0,1,0,0,0
6660,red shoes the,1948.0,0,0,0,0,0,0,0,0,1,1,0,0,0,1,0,1,0,0,0,0
6662,pink panther the,1963.0,0,0,0,0,0,1,1,0,0,0,0,0,0,0,0,0,0,0,0,0
6663,pink panther strikes again the,1976.0,0,0,0,0,0,1,1,0,0,0,0,0,0,0,0,0,0,0,0,0
6664,commando,1985.0,0,1,1,0,0,0,0,0,0,0,0,0,0,0,0,0,0,0,0,0
6665,dracula,1979.0,0,0,0,0,0,0,0,0,0,0,0,1,0,0,0,1,0,0,0,0
6666,discreet charm of the bourgeoisie the charme discret de la bourgeoisie le,1972.0,0,0,0,0,0,1,0,0,1,1,0,0,0,0,0,0,0,0,0,0
6667,waco the rules of engagement,1997.0,0,0,0,0,0,0,0,1,0,0,0,0,0,0,0,0,0,0,0,0
6668,road home the wo de fu qin mu qin,1999.0,0,0,0,0,0,0,0,0,1,0,0,0,0,0,0,1,0,0,0,0
6669,ikiru,1952.0,0,0,0,0,0,0,0,0,1,0,0,0,0,0,0,0,0,0,0,0
6670,comic book villains,2002.0,0,0,0,0,0,1,0,0,0,0,0,0,0,0,0,0,0,0,0,0
6671,angel at my table an,1990.0,0,0,0,0,0,0,0,0,1,0,0,0,0,0,0,0,0,0,0,0
6678,handmaids tale the,1990.0,0,0,0,0,0,0,0,0,1,0,0,0,0,0,0,0,1,0,0,0
6679,revolution os,2001.0,0,0,0,0,0,0,0,1,0,0,0,0,0,0,0,0,0,0,0,0
6684,death in venice morte a venezia,1971.0,0,0,0,0,0,0,0,0,1,0,0,0,0,0,0,1,0,0,0,0
6686,medallion the,2003.0,0,1,0,0,0,1,1,0,0,1,0,0,0,0,0,0,0,0,0,0
6687,my bosss daughter,2003.0,0,0,0,0,0,1,0,0,0,0,0,0,0,0,0,1,0,0,0,0
6688,autumn spring babí léto,2001.0,0,0,0,0,0,1,0,0,1,0,0,0,0,0,0,0,0,0,0,0
6689,battle of shaker heights the,2003.0,0,0,0,0,0,1,0,0,1,0,0,0,0,0,0,1,0,0,0,0
6691,dust,2001.0,0,0,0,0,0,0,0,0,1,0,0,0,0,0,0,0,0,0,0,1
6692,stoked the rise and fall of gator,2002.0,0,0,0,0,0,0,0,1,0,0,0,0,0,0,0,0,0,0,0,0
6695,jeepers creepers 2,2003.0,0,0,0,0,0,0,0,0,0,0,0,1,0,0,0,0,0,1,0,0
6696,bollywoodhollywood,2002.0,0,0,0,0,0,1,0,0,1,0,0,0,0,1,0,1,0,0,0,0
6699,once upon a time in the midlands,2002.0,0,0,0,0,0,0,0,0,1,0,0,0,0,0,0,0,0,0,0,0
6702,dickie roberts former child star,2003.0,0,0,0,0,0,1,0,0,0,0,0,0,0,0,0,0,0,0,0,0
6705,party monster,2003.0,0,0,0,0,0,1,1,0,1,0,0,0,0,0,0,0,0,1,0,0
6706,taking sides,2001.0,0,0,0,0,0,0,0,0,1,0,0,0,0,0,0,0,0,0,0,0
6707,cabin fever,2002.0,0,0,0,0,0,0,0,0,0,0,0,1,0,0,0,0,0,1,0,0
6708,matchstick men,2003.0,0,0,0,0,0,1,1,0,1,0,0,0,0,0,0,0,0,0,0,0
6709,once upon a time in mexico,2003.0,0,1,1,0,0,0,1,0,0,0,0,0,0,0,0,0,0,1,0,0
6710,dummy,2002.0,0,0,0,0,0,1,0,0,1,0,0,0,0,0,0,1,0,0,0,0
6711,lost in translation,2003.0,0,0,0,0,0,1,0,0,1,0,0,0,0,0,0,1,0,0,0,0
6713,millennium actress sennen joyû,2001.0,0,0,0,1,0,0,0,0,1,0,0,0,0,0,0,1,0,0,0,0
6715,children of the night,1991.0,0,0,0,0,0,0,0,0,0,0,0,1,0,0,0,0,0,0,0,0
6718,gotcha,1985.0,0,0,0,0,0,1,0,0,0,0,0,0,0,0,0,0,0,0,0,0
6720,kuffs,1992.0,0,1,0,0,0,1,1,0,0,0,0,0,0,0,0,0,0,0,0,0
6721,once upon a time in china wong fei hung,1991.0,0,1,1,0,0,0,0,0,1,0,0,0,0,0,0,0,0,0,0,0
6722,once upon a time in china ii wong feihung ji yi naam yi dong ji keung,1992.0,0,1,0,0,0,0,0,0,0,0,0,0,0,0,0,1,0,0,0,0
6723,once upon a time in china iii wong feihung tsi sam siwong tsangba,1993.0,0,1,0,0,0,0,0,0,0,0,0,0,0,0,0,0,0,0,0,0
6724,paper moon,1973.0,0,0,0,0,0,1,1,0,1,0,0,0,0,0,0,0,0,0,0,0
6731,day of the dead,1985.0,0,0,0,0,0,0,0,0,0,0,0,1,0,0,0,0,1,1,0,0
6732,hello dolly,1969.0,0,0,0,0,0,1,0,0,0,0,0,0,0,1,0,1,0,0,0,0
6734,memoirs of an invisible man,1992.0,0,0,0,0,0,1,0,0,0,0,0,0,0,0,0,1,1,1,0,0
6744,once bitten,1985.0,0,0,0,0,0,1,0,0,0,0,0,1,0,0,0,0,0,0,0,0
6746,squirm,1976.0,0,0,0,0,0,0,0,0,0,0,0,1,0,0,0,1,0,0,0,0
6748,brood the,1979.0,0,0,0,0,0,0,0,0,0,0,0,1,0,0,0,0,0,0,0,0
6750,anything else,2003.0,0,0,0,0,0,1,0,0,1,0,0,0,0,0,0,1,0,0,0,0
6751,cold creek manor,2003.0,0,0,0,0,0,0,0,0,1,0,0,0,0,0,0,0,0,1,0,0
6752,fighting temptations the,2003.0,0,0,0,0,0,0,0,0,1,0,0,0,0,0,0,0,0,0,0,0
6753,secondhand lions,2003.0,0,0,0,0,1,1,0,0,1,0,0,0,0,0,0,0,0,0,0,0
6754,underworld,2003.0,0,1,0,0,0,0,0,0,0,1,0,1,0,0,0,0,0,0,0,0
6755,bubba hotep,2002.0,0,0,0,0,0,1,0,0,0,0,0,1,0,0,0,0,0,0,0,0
6760,in this world,2002.0,0,0,1,0,0,0,0,0,1,0,0,0,0,0,0,0,0,0,0,0
6763,duplex,2003.0,0,0,0,0,0,1,1,0,0,0,0,0,0,0,0,0,0,0,0,0
6764,rundown the,2003.0,0,1,1,0,0,1,0,0,0,0,0,0,0,0,0,0,0,0,0,0
6765,under the tuscan sun,2003.0,0,0,0,0,0,1,0,0,1,0,0,0,0,0,0,1,0,0,0,0
6768,luther,2003.0,0,0,0,0,0,0,0,0,1,0,0,0,0,0,0,0,0,0,0,0
6769,mambo italiano,2003.0,0,0,0,0,0,1,0,0,0,0,0,0,0,0,0,0,0,0,0,0
6770,my life without me,2003.0,0,0,0,0,0,0,0,0,1,0,0,0,0,0,0,1,0,0,0,0
6772,to be and to have être et avoir,2002.0,0,0,0,0,0,0,0,1,0,0,0,0,0,0,0,0,0,0,0,0
6773,triplets of belleville the les triplettes de belleville,2003.0,0,0,0,1,0,1,0,0,0,1,0,0,0,0,0,0,0,0,0,0
6774,videodrome,1983.0,0,0,0,0,0,0,0,0,0,1,0,1,0,0,0,0,1,1,0,0
6775,life and debt,2001.0,0,0,0,0,0,0,0,1,0,0,0,0,0,0,0,0,0,0,0,0
6776,lagaan once upon a time in india,2001.0,0,0,0,0,0,1,0,0,1,0,0,0,0,1,0,1,0,0,0,0
6777,judgment at nuremberg,1961.0,0,0,0,0,0,0,0,0,1,0,0,0,0,0,0,0,0,0,0,0
6780,brief history of time a,1991.0,0,0,0,0,0,0,0,1,0,0,0,0,0,0,0,0,0,0,0,0
6782,leningrad cowboys go america,1989.0,0,0,0,0,0,1,0,0,0,0,0,0,0,1,0,0,0,0,0,0
6783,rules of the game the la règle du jeu,1939.0,0,0,0,0,0,1,0,0,1,0,0,0,0,0,0,0,0,0,0,0
6785,seven brides for seven brothers,1954.0,0,0,0,0,0,1,0,0,0,0,0,0,0,1,0,1,0,0,0,1
6786,kiss of the spider woman,1985.0,0,0,0,0,0,0,0,0,1,0,0,0,0,0,0,0,0,0,0,0
6787,all the presidents men,1976.0,0,0,0,0,0,0,0,0,1,0,0,0,0,0,0,0,0,1,0,0
6788,angie,1994.0,0,0,0,0,0,1,0,0,1,0,0,0,0,0,0,1,0,0,0,0
6789,apartment the appartement l,1996.0,0,0,0,0,0,0,0,0,1,0,0,0,0,0,1,1,0,0,0,0
6790,avalon,2001.0,0,0,0,0,0,0,0,0,1,1,0,0,0,0,0,0,1,0,0,0
6791,babettes feast babettes gæstebud,1987.0,0,0,0,0,0,0,0,0,1,0,0,0,0,0,0,0,0,0,0,0
6793,beethoven,1992.0,0,0,0,0,1,1,0,0,1,0,0,0,0,0,0,0,0,0,0,0
6794,beethovens 2nd,1993.0,0,0,0,0,1,1,0,0,0,0,0,0,0,0,0,0,0,0,0,0
6796,boyz n the hood,1991.0,0,0,0,0,0,0,1,0,1,0,0,0,0,0,0,0,0,0,0,0
6797,bugsy,1991.0,0,0,0,0,0,0,1,0,1,0,0,0,0,0,0,0,0,0,0,0
6798,bugsy malone,1976.0,0,0,0,0,1,1,1,0,0,0,0,0,0,1,0,0,0,0,0,0
6800,cobra,1986.0,0,1,0,0,0,0,1,0,0,0,0,0,0,0,0,0,0,0,0,0
6803,phenomena aka creepers,1985.0,0,0,0,0,0,0,0,0,0,0,0,1,0,0,1,0,0,1,0,0
6804,crimewave,1985.0,0,0,0,0,0,1,1,0,0,0,0,0,0,0,0,0,0,0,0,0
6807,monty pythons the meaning of life,1983.0,0,0,0,0,0,1,0,0,0,0,0,0,0,0,0,0,0,0,0,0
6808,where eagles dare,1968.0,0,1,1,0,0,0,0,0,0,0,0,0,0,0,0,0,0,0,1,0
6809,tightrope,1984.0,0,0,0,0,0,0,0,0,0,0,0,0,0,0,0,0,0,1,0,0
6810,sleeping with the enemy,1991.0,0,0,0,0,0,0,0,0,1,0,0,0,0,0,0,0,0,1,0,0
6811,pcu,1994.0,0,0,0,0,0,1,0,0,0,0,0,0,0,0,0,0,0,0,0,0
6812,rookie the,1990.0,0,1,0,0,0,1,0,0,0,0,0,0,0,0,0,0,0,1,0,0
6814,city heat,1984.0,0,1,0,0,0,1,0,0,0,0,0,0,0,0,0,0,0,0,0,0
6816,three oclock high,1987.0,0,0,0,0,0,1,0,0,0,0,0,0,0,0,0,0,0,0,0,0
6817,white hunter black heart,1990.0,0,0,1,0,0,0,0,0,1,0,0,0,0,0,0,0,0,0,0,0
6818,come and see idi i smotri,1985.0,0,0,0,0,0,0,0,0,1,0,0,0,0,0,0,0,0,0,1,0
6820,ginger snaps,2000.0,0,0,0,0,0,0,0,0,1,0,0,1,0,0,0,0,0,1,0,0
6821,more american graffiti,1979.0,0,0,0,0,0,1,0,0,0,0,0,0,0,0,0,0,0,0,0,0
6827,its pat,1994.0,0,0,0,0,0,1,0,0,0,0,0,0,0,0,0,0,0,0,0,0
6832,regarding henry,1991.0,0,0,0,0,0,0,0,0,1,0,0,0,0,0,0,0,0,0,0,0
6835,alien contamination,1980.0,0,1,0,0,0,0,0,0,0,0,0,1,0,0,0,0,1,0,0,0
6836,amazing transparent man the,1960.0,0,0,0,0,0,0,0,0,0,0,0,0,0,0,0,0,1,0,0,0
6837,love affair,1939.0,0,0,0,0,0,1,0,0,1,0,0,0,0,0,0,1,0,0,0,0
6849,scrooge,1970.0,0,0,0,0,0,0,0,0,1,1,0,0,0,1,0,0,0,0,0,0
6850,leap of faith,1992.0,0,0,0,0,0,1,0,0,1,0,0,0,0,0,0,0,0,0,0,0
6851,gas food lodging,1992.0,0,0,0,0,0,0,0,0,1,0,0,0,0,0,0,1,0,0,0,0
6852,in cold blood,1967.0,0,0,0,0,0,0,1,0,1,0,0,0,0,0,0,0,0,0,0,0
6853,campus man,1987.0,0,0,0,0,0,1,0,0,0,0,0,0,0,0,0,0,0,0,0,0
6856,yankee doodle dandy,1942.0,0,0,0,0,0,0,0,0,1,0,0,0,0,1,0,0,0,0,0,0
6857,ninja scroll jûbei ninpûchô,1995.0,0,1,1,1,0,0,0,0,0,1,0,0,0,0,0,0,0,0,0,0
6858,knife in the water nóz w wodzie,1962.0,0,0,0,0,0,0,0,0,1,0,0,0,0,0,0,0,0,0,0,0
6860,mobsters,1991.0,0,0,0,0,0,0,1,0,1,0,0,0,0,0,0,0,0,0,0,0
6862,out of time,2003.0,0,0,0,0,0,0,1,0,1,0,0,0,0,0,0,0,0,1,0,0
6863,school of rock,2003.0,0,0,0,0,0,1,0,0,0,0,0,0,0,1,0,0,0,0,0,0
6867,station agent the,2003.0,0,0,0,0,0,1,0,0,1,0,0,0,0,0,0,0,0,0,0,0
6868,wonderland,2003.0,0,0,0,0,0,0,1,0,1,0,0,0,0,0,1,0,0,1,0,0
6869,bus 174 ônibus 174,2002.0,0,0,0,0,0,0,1,1,0,0,0,0,0,0,0,0,0,0,0,0
6870,mystic river,2003.0,0,0,0,0,0,0,1,0,1,0,0,0,0,0,1,0,0,0,0,0
6872,house of the dead the,2003.0,0,1,0,0,0,0,0,0,0,0,0,1,0,0,0,0,0,0,0,0
6873,intolerable cruelty,2003.0,0,0,0,0,0,1,0,0,0,0,0,0,0,0,0,1,0,0,0,0
6874,kill bill vol 1,2003.0,0,1,0,0,0,0,1,0,0,0,0,0,0,0,0,0,0,1,0,0
6879,runaway jury,2003.0,0,0,0,0,0,0,0,0,1,0,0,0,0,0,0,0,0,1,0,0
6880,texas chainsaw massacre the,2003.0,0,0,0,0,0,0,0,0,0,0,0,1,0,0,0,0,0,0,0,0
6881,pieces of april,2003.0,0,0,0,0,0,1,0,0,1,0,0,0,0,0,0,0,0,0,0,0
6882,returner ritaanaa,2002.0,0,1,1,0,0,0,0,0,0,0,0,0,0,0,0,0,1,0,0,0
6883,sylvia,2003.0,0,0,0,0,0,0,0,0,1,0,0,0,0,0,0,1,0,0,0,0
6884,veronica guerin,2003.0,0,0,0,0,0,0,1,0,1,0,0,0,0,0,0,0,0,1,0,0
6885,in the cut,2003.0,0,0,0,0,0,0,1,0,1,0,0,0,0,0,1,1,0,1,0,0
6886,beyond borders,2003.0,0,0,0,0,0,0,0,0,1,0,0,0,0,0,0,1,0,0,1,0
6887,radio,2003.0,0,0,0,0,0,0,0,0,1,0,0,0,0,0,0,0,0,0,0,0
6888,scary movie 3,2003.0,0,0,0,0,0,1,0,0,0,0,0,1,0,0,0,0,0,0,0,0
6889,brother bear,2003.0,0,0,1,1,1,0,0,0,0,0,0,0,0,0,0,0,0,0,0,0
6890,elephant,2003.0,0,0,0,0,0,0,0,0,1,0,0,0,0,0,0,0,0,0,0,0
6893,italian job the,1969.0,0,1,0,0,0,1,1,0,0,0,0,0,0,0,0,0,0,0,0,0
6898,sweet sixteen,2002.0,0,0,0,0,0,0,0,0,1,0,0,0,0,0,0,0,0,0,0,0
6899,alien from la,1988.0,0,0,0,0,0,0,0,0,0,0,0,0,0,0,0,0,1,0,0,0
6902,interstate 60,2002.0,0,0,1,0,0,1,0,0,1,1,0,0,0,0,1,0,1,1,0,0
6909,eye the gin gwai jian gui,2002.0,0,0,0,0,0,0,0,0,0,0,0,0,0,0,0,0,0,1,0,0
6911,jolson story the,1946.0,0,0,0,0,0,0,0,0,0,0,0,0,0,1,0,0,0,0,0,0
6912,youll never get rich,1941.0,0,0,0,0,0,1,0,0,0,0,0,0,0,1,0,1,0,0,0,0
6918,unvanquished the aparajito,1957.0,0,0,0,0,0,0,0,0,1,0,0,0,0,0,0,0,0,0,0,0
6920,cercle rouge le red circle the,1970.0,0,0,0,0,0,0,1,0,0,0,0,0,0,0,0,0,0,1,0,0
6927,human stain the,2003.0,0,0,0,0,0,0,0,0,1,0,0,0,0,0,0,1,0,1,0,0
6932,shattered glass,2003.0,0,0,0,0,0,0,1,0,1,0,0,0,0,0,0,0,0,0,0,0
6934,matrix revolutions the,2003.0,0,1,1,0,0,0,0,0,0,0,0,0,1,0,0,0,1,1,0,0
6935,revolution will not be televised the aka chavez inside the coup,2003.0,0,0,0,0,0,0,0,1,0,0,0,0,0,0,0,0,0,0,0,0
6936,elf,2003.0,0,0,0,0,1,1,0,0,0,1,0,0,0,0,0,0,0,0,0,0
6938,billabong odyssey,2003.0,0,0,0,0,0,0,0,1,0,0,0,0,0,0,0,0,0,0,0,0
6939,gloomy sunday ein lied von liebe und tod,1999.0,0,0,0,0,0,0,0,0,1,0,0,0,0,0,0,1,0,0,0,0
6942,love actually,2003.0,0,0,0,0,0,1,0,0,1,0,0,0,0,0,0,1,0,0,0,0
6944,father of the bride,1991.0,0,0,0,0,0,1,0,0,0,0,0,0,0,0,0,0,0,0,0,0
6945,my architect a sons journey,2003.0,0,0,0,0,0,0,0,1,0,0,0,0,0,0,0,0,0,0,0,0
6946,looney tunes back in action,2003.0,0,1,0,1,1,0,0,0,0,1,0,0,0,0,0,0,0,0,0,0
6947,master and commander the far side of the world,2003.0,0,0,1,0,0,0,0,0,1,0,0,0,0,0,0,0,0,0,1,0
6948,tupac resurrection,2003.0,0,0,0,0,0,0,0,1,0,0,0,0,0,0,0,0,0,0,0,0
6949,big empty the,2003.0,0,0,0,0,0,1,0,0,0,0,0,0,0,0,1,0,1,0,0,0
6950,missing the,2003.0,0,0,1,0,0,0,0,0,0,0,0,0,0,0,0,0,0,1,0,1
6951,cat in the hat the,2003.0,0,0,0,0,1,1,0,0,0,0,0,0,0,0,0,0,0,0,0,0
6952,gothika,2003.0,0,0,0,0,0,0,0,0,0,0,0,1,0,0,0,0,0,1,0,0
6953,21 grams,2003.0,0,0,0,0,0,0,1,0,1,0,0,0,0,0,1,1,0,1,0,0
6954,barbarian invasions the les invasions barbares,2003.0,0,0,0,0,0,1,1,0,1,0,0,0,0,0,1,1,0,0,0,0
6957,bad santa,2003.0,0,0,0,0,0,1,1,0,0,0,0,0,0,0,0,0,0,0,0,0
6958,haunted mansion the,2003.0,0,0,0,0,1,1,0,0,0,1,0,1,0,0,0,0,0,0,0,0
6959,timeline,2003.0,0,1,1,0,0,0,0,0,0,0,0,0,0,0,0,0,1,0,0,0
6961,damage fatale,1992.0,0,0,0,0,0,0,0,0,1,0,0,0,0,0,0,0,0,0,0,0
6962,ot our town,2002.0,0,0,0,0,0,0,0,1,0,0,0,0,0,0,0,0,0,0,0,0
6963,devils playground,2002.0,0,0,0,0,0,0,0,1,0,0,0,0,0,0,0,0,0,0,0,0
6965,journeys with george,2002.0,0,0,0,0,0,0,0,1,0,0,0,0,0,0,0,0,0,0,0,0
6966,darkman,1990.0,0,1,0,0,0,0,1,0,0,1,0,0,0,0,0,0,1,1,0,0
6967,dead of night,1945.0,0,0,0,0,0,0,0,0,0,0,0,1,0,0,1,0,0,0,0,0
6969,dernier combat le last battle the,1983.0,0,0,0,0,0,0,0,0,1,0,0,0,0,0,0,0,1,0,0,0
6970,desk set,1957.0,0,0,0,0,0,1,0,0,0,0,0,0,0,0,0,1,0,0,0,0
6971,europa zentropa,1991.0,0,0,0,0,0,0,0,0,1,0,0,0,0,0,0,0,0,1,0,0
6973,final analysis,1992.0,0,0,0,0,0,0,0,0,1,0,0,0,0,0,0,1,0,1,0,0
6974,freshman the,1990.0,0,0,0,0,0,1,1,0,0,0,0,0,0,0,0,0,0,0,0,0
6975,funny games,1997.0,0,0,0,0,0,0,0,0,1,0,0,1,0,0,0,0,0,1,0,0
6978,slacker,1991.0,0,0,0,0,0,1,0,0,1,0,0,0,0,0,0,0,0,0,0,0
6979,wargames,1983.0,0,0,0,0,0,0,0,0,1,0,0,0,0,0,0,0,1,1,0,0
6981,ordet word the,1955.0,0,0,0,0,0,0,0,0,1,0,0,0,0,0,0,0,0,0,0,0
6982,forbidden games jeux interdits,1952.0,0,0,0,0,0,0,0,0,1,0,0,0,0,0,0,0,0,0,1,0
6983,jane eyre,1944.0,0,0,0,0,0,0,0,0,1,0,0,0,0,0,0,1,0,0,0,0
6984,tale of two cities a,1935.0,0,0,0,0,0,0,0,0,1,0,0,0,0,0,0,0,0,0,0,0
6985,passion of joan of arc the passion de jeanne darc la,1928.0,0,0,0,0,0,0,0,0,1,0,0,0,0,0,0,0,0,0,0,0
6986,benhur a tale of the christ,1925.0,0,0,1,0,0,0,0,0,1,0,0,0,0,0,0,1,0,0,0,0
6987,cabinet of dr caligari the cabinet des dr caligari das,1920.0,0,0,0,0,0,0,1,0,0,1,0,1,0,0,0,0,0,0,0,0
6989,gorky park,1983.0,0,0,0,0,0,0,1,0,1,0,0,0,0,0,0,0,0,1,0,0
6990,the great train robbery,1978.0,0,1,1,0,0,1,1,0,1,0,0,0,0,0,0,0,0,0,0,0
6992,guarding tess,1994.0,0,0,0,0,0,1,0,0,1,0,0,0,0,0,0,0,0,0,0,0
6993,hannah and her sisters,1986.0,0,0,0,0,0,1,0,0,1,0,0,0,0,0,0,1,0,0,0,0
6994,hard way the,1991.0,0,1,0,0,0,1,0,0,0,0,0,0,0,0,0,0,0,0,0,0
6996,highlander ii the quickening,1991.0,0,1,0,0,0,0,0,0,0,0,0,0,0,0,0,0,1,0,0,0
6997,hoffa,1992.0,0,0,0,0,0,0,1,0,1,0,0,0,0,0,0,0,0,0,0,0
6998,house of cards,1993.0,0,0,0,0,0,0,0,0,1,0,0,0,0,0,0,0,0,0,0,0
6999,housesitter,1992.0,0,0,0,0,0,1,0,0,0,0,0,0,0,0,0,1,0,0,0,0
7000,hudson hawk,1991.0,0,1,1,0,0,1,0,0,0,0,0,0,0,0,0,0,0,0,0,0
7001,invasion of the body snatchers,1978.0,0,0,0,0,0,0,0,0,0,0,0,1,0,0,1,0,1,1,0,0
7004,kindergarten cop,1990.0,0,1,0,0,0,1,1,0,0,0,0,0,0,0,0,0,0,1,0,0
7005,king ralph,1991.0,0,0,0,0,0,1,0,0,0,0,0,0,0,0,0,0,0,0,0,0
7007,last boy scout the,1991.0,0,1,0,0,0,1,1,0,1,0,0,0,0,0,0,0,0,1,0,0
7008,last tango in paris ultimo tango a parigi,1972.0,0,0,0,0,0,0,0,0,1,0,0,0,0,0,0,1,0,0,0,0
7009,lorenzos oil,1992.0,0,0,0,0,0,0,0,0,1,0,0,0,0,0,0,0,0,0,0,0
7010,lover the amant l,1992.0,0,0,0,0,0,0,0,0,1,0,0,0,0,0,0,1,0,0,0,0
7012,mr destiny,1990.0,0,0,0,0,0,1,0,0,0,1,0,0,0,0,0,0,0,0,0,0
7013,night of the hunter the,1955.0,0,0,0,0,0,0,0,0,1,0,1,0,0,0,0,0,0,1,0,0
7015,only the lonely,1991.0,0,0,0,0,0,1,0,0,0,0,0,0,0,0,0,1,0,0,0,0
7016,over the top,1987.0,0,1,0,0,0,0,0,0,1,0,0,0,0,0,0,0,0,0,0,0
7017,passenger 57,1992.0,0,1,0,0,0,0,0,0,0,0,0,0,0,0,0,0,0,1,0,0
7018,presumed innocent,1990.0,0,0,0,0,0,0,1,0,1,0,0,0,0,0,0,0,0,1,0,0
7019,project x,1987.0,0,0,0,0,0,1,0,0,1,0,0,0,0,0,0,0,0,0,0,0
7020,proof,1991.0,0,0,0,0,0,1,0,0,1,0,0,0,0,0,0,1,0,0,0,0
7022,battle royale batoru rowaiaru,2000.0,0,1,0,0,0,0,0,0,1,0,0,1,0,0,0,0,0,1,0,0
7023,wedding banquet the xi yan,1993.0,0,0,0,0,0,1,0,0,1,0,0,0,0,0,0,1,0,0,0,0
7024,salo or the 120 days of sodom salò o le 120 giornate di sodoma,1976.0,0,0,0,0,0,0,0,0,1,0,0,0,0,0,0,0,0,0,0,0
7025,midnight clear a,1992.0,0,0,0,0,0,0,0,0,1,0,0,0,0,0,0,0,0,0,1,0
7026,summer school,1987.0,0,0,0,0,0,1,0,0,0,0,0,0,0,0,0,0,0,0,0,0
7027,silverado,1985.0,0,1,0,0,0,0,0,0,0,0,0,0,0,0,0,0,0,0,0,1
7028,quick change,1990.0,0,0,0,0,0,1,1,0,0,0,0,0,0,0,0,0,0,0,0,0
7030,radio flyer,1992.0,0,0,0,0,0,0,0,0,1,0,0,0,0,0,0,0,0,0,0,0
7031,real mccoy the,1993.0,0,1,0,0,0,0,1,0,1,0,0,0,0,0,0,0,0,1,0,0
7032,revenge,1990.0,0,0,0,0,0,0,0,0,1,0,0,0,0,0,0,1,0,1,0,0
7033,secret of my succes the aka the secret of my success,1987.0,0,0,0,0,0,1,0,0,0,0,0,0,0,0,0,1,0,0,0,0
7034,show me love fucking åmål,1998.0,0,0,0,0,0,0,0,0,1,0,0,0,0,0,0,1,0,0,0,0
7036,teen wolf,1985.0,0,0,0,0,0,1,0,0,0,1,0,0,0,0,0,0,0,0,0,0
7037,high heels tacones lejanos,1991.0,0,0,0,0,0,1,0,0,1,0,0,0,0,0,0,0,0,0,0,0
7038,things you can tell just by looking at her,2000.0,0,0,0,0,0,0,0,0,1,0,0,0,0,0,0,1,0,0,0,0
7040,to live and die in la,1985.0,0,1,0,0,0,0,1,0,1,0,0,0,0,0,0,0,0,1,0,0
7041,trapped in paradise,1994.0,0,0,0,0,0,1,1,0,0,0,0,0,0,0,0,0,0,0,0,0
7044,wild at heart,1990.0,0,0,0,0,0,0,1,0,1,0,0,0,0,0,1,1,0,1,0,0
7045,witches the,1990.0,0,0,0,0,1,0,0,0,0,1,0,0,0,0,0,0,0,0,0,0
7046,witches of eastwick the,1987.0,0,0,0,0,0,1,0,0,0,1,0,1,0,0,0,0,0,1,0,0
7047,year of the dragon,1985.0,0,1,0,0,0,0,1,0,1,0,0,0,0,0,0,0,0,0,0,0
7048,nothing to lose,1997.0,0,1,1,0,0,1,1,0,0,0,0,0,0,0,0,0,0,0,0,0
7049,flying down to rio,1933.0,0,0,0,0,0,1,0,0,0,0,0,0,0,1,0,1,0,0,0,0
7050,follow the fleet,1936.0,0,0,0,0,0,1,0,0,0,0,0,0,0,1,0,1,0,0,0,0
7051,whats new pussycat,1965.0,0,0,0,0,0,1,0,0,0,0,0,0,0,0,0,0,0,0,0,0
7052,mary of scotland,1936.0,0,0,0,0,0,0,0,0,1,0,0,0,0,0,0,0,0,0,0,0
7053,roberta,1935.0,0,0,0,0,0,1,0,0,0,0,0,0,0,1,0,1,0,0,0,0
7054,little women,1949.0,0,0,0,0,0,0,0,0,1,0,0,0,0,0,0,0,0,0,0,0
7055,swing time,1936.0,0,0,0,0,0,1,0,0,0,0,0,0,0,1,0,1,0,0,0,0
7056,public enemy the,1931.0,0,1,0,0,0,0,1,0,1,0,0,0,0,0,0,0,0,0,0,0
7057,midsummer nights dream a,1935.0,0,0,0,0,0,1,0,0,0,1,0,0,0,0,0,1,0,0,0,0
7058,life with father,1947.0,0,0,0,0,0,1,0,0,0,0,0,0,0,0,0,0,0,0,0,0
7059,national velvet,1944.0,0,0,0,0,1,0,0,0,1,0,0,0,0,0,0,0,0,0,0,0
7060,jesus christ superstar,1973.0,0,0,0,0,0,0,0,0,1,0,0,0,0,1,0,0,0,0,0,0
7061,dark victory,1939.0,0,0,0,0,0,0,0,0,1,0,0,0,0,0,0,1,0,0,0,0
7062,birdman of alcatraz,1962.0,0,0,0,0,0,0,0,0,1,0,0,0,0,0,0,0,0,0,0,0
7063,aguirre the wrath of god aguirre der zorn gottes,1972.0,0,0,1,0,0,0,0,0,1,0,0,0,0,0,0,0,0,0,0,0
7064,beauty and the beast la belle et la bête,1946.0,0,0,0,0,0,0,0,0,1,1,0,0,0,0,0,0,0,0,0,0
7065,birth of a nation the,1915.0,0,0,0,0,0,0,0,0,1,0,0,0,0,0,0,0,0,0,1,0
7067,juliet of the spirits giulietta degli spiriti,1965.0,0,0,0,0,0,1,0,0,1,1,0,0,0,0,0,1,0,0,0,0
7069,macbeth aka tragedy of macbeth the,1971.0,0,0,0,0,0,0,0,0,1,0,0,0,0,0,0,0,0,0,0,0
7070,red river,1948.0,0,1,1,0,0,0,0,0,0,0,0,0,0,0,0,0,0,0,0,1
7071,woman under the influence a,1974.0,0,0,0,0,0,0,0,0,1,0,0,0,0,0,0,0,0,0,0,0
7072,stagecoach,1939.0,0,1,0,0,0,0,0,0,1,0,0,0,0,0,0,1,0,0,0,1
7073,shot in the dark a,1964.0,0,0,0,0,0,1,1,0,0,0,0,0,0,0,1,0,0,0,0,0
7074,navigator the,1924.0,0,0,0,0,0,1,0,0,0,0,0,0,0,0,0,0,0,0,0,0
7075,court jester the,1956.0,0,0,1,0,0,1,0,0,0,0,0,0,0,1,0,0,0,0,0,0
7076,bullitt,1968.0,0,1,0,0,0,0,1,0,1,0,0,0,0,0,0,0,0,1,0,0
7078,jezebel,1938.0,0,0,0,0,0,0,0,0,1,0,0,0,0,0,0,0,0,0,0,0
7079,hunchback of notre dame the,1939.0,0,0,0,0,0,0,0,0,1,0,0,0,0,0,0,0,0,0,0,0
7080,42nd street,1933.0,0,0,0,0,0,0,0,0,1,0,0,0,0,1,0,1,0,0,0,0
7082,that touch of mink,1962.0,0,0,0,0,0,1,0,0,0,0,0,0,0,0,0,1,0,0,0,0
7083,sweet dreams,1985.0,0,0,0,0,0,0,0,0,1,0,0,0,0,0,0,0,0,0,0,0
7084,play it again sam,1972.0,0,0,0,0,0,1,0,0,0,0,0,0,0,0,0,1,0,0,0,0
7085,send me no flowers,1964.0,0,0,0,0,0,1,0,0,0,0,0,0,0,0,0,1,0,0,0,0
7086,pygmalion,1938.0,0,0,0,0,0,1,0,0,1,0,0,0,0,0,0,0,0,0,0,0
7087,passage to india a,1984.0,0,0,1,0,0,0,0,0,1,0,0,0,0,0,0,0,0,0,0,0
7088,black orpheus orfeu negro,1959.0,0,0,0,0,0,0,0,0,1,0,0,0,0,0,0,1,0,0,0,0
7089,amarcord,1973.0,0,0,0,0,0,1,0,0,1,0,0,0,0,0,0,0,0,0,0,0
7090,hero ying xiong,2002.0,0,1,1,0,0,0,0,0,1,0,0,0,0,0,0,0,0,0,0,0
7091,horse feathers,1932.0,0,0,0,0,0,1,0,0,0,0,0,0,0,0,0,0,0,0,0,0
7092,anna karenina,1935.0,0,0,0,0,0,0,0,0,1,0,0,0,0,0,0,1,0,0,0,0
7093,front page the,1974.0,0,0,0,0,0,1,0,0,0,0,0,0,0,0,0,0,0,0,0,0
7096,rivers and tides,2001.0,0,0,0,0,0,0,0,1,0,0,0,0,0,0,0,0,0,0,0,0
7099,nausicaä of the valley of the wind kaze no tani no naushika,1984.0,0,0,1,1,0,0,0,0,1,1,0,0,0,0,0,0,1,0,0,0
7101,doc hollywood,1991.0,0,0,0,0,0,1,0,0,0,0,0,0,0,0,0,1,0,0,0,0
7102,dragnet,1987.0,0,0,0,0,0,1,1,0,1,0,0,0,0,0,0,0,0,0,0,0
7103,madhouse,1990.0,0,0,0,0,0,1,0,0,0,0,0,0,0,0,0,0,0,0,0,0
7104,1941,1979.0,0,0,0,0,0,1,0,0,0,0,0,0,0,0,0,0,0,0,1,0
7107,foul play,1978.0,0,0,0,0,0,1,0,0,0,0,0,0,0,0,0,0,0,1,0,0
7108,crime story zhong an zu,1993.0,0,1,0,0,0,0,1,0,1,0,0,0,0,0,0,0,0,0,0,0
7109,beyond the clouds al di là delle nuvole,1996.0,0,0,0,0,0,0,0,0,1,0,0,0,0,0,0,1,0,0,0,0
7114,collector the,1965.0,0,0,0,0,0,0,0,0,1,0,0,1,0,0,0,0,0,1,0,0
7115,deep red profondo rosso,1975.0,0,0,0,0,0,0,0,0,0,0,0,1,0,0,1,0,0,1,0,0
7116,diabolique les diaboliques,1955.0,0,0,0,0,0,0,0,0,0,0,0,1,0,0,1,0,0,1,0,0
7117,leprechaun,1993.0,0,0,0,0,0,1,0,0,0,0,0,1,0,0,0,0,0,0,0,0
7118,wings of honneamise ôritsu uchûgun oneamisu no tsubasa,1987.0,0,0,0,1,0,0,0,0,1,0,0,0,0,0,0,0,1,0,1,0
7121,adams rib,1949.0,0,0,0,0,0,1,0,0,0,0,0,0,0,0,0,1,0,0,0,0
7122,king of hearts,1966.0,0,0,0,0,0,1,0,0,1,0,0,0,0,0,0,0,0,0,1,0
7123,naked lunch,1991.0,0,0,0,0,0,0,0,0,1,1,0,0,0,0,1,0,1,0,0,0
7124,grass,1999.0,0,0,0,0,0,0,0,1,0,0,0,0,0,0,0,0,0,0,0,0
7125,spring forward,1999.0,0,0,0,0,0,0,0,0,1,0,0,0,0,0,0,0,0,0,0,0
7127,run,1991.0,0,1,0,0,0,0,0,0,1,0,0,0,0,0,0,0,0,1,0,0
7131,summer place a,1959.0,0,0,0,0,0,0,0,0,1,0,0,0,0,0,0,0,0,0,0,0
7132,night at the opera a,1935.0,0,0,0,0,0,1,0,0,0,0,0,0,0,1,0,1,0,0,0,0
7134,element of crime the forbrydelsens element,1984.0,0,0,0,0,0,0,0,0,1,0,0,0,0,0,0,0,0,1,0,0
7137,cooler the,2003.0,0,0,0,0,0,1,0,0,1,0,0,0,0,0,0,1,0,0,0,0
7139,in america,2002.0,0,0,0,0,0,0,0,0,1,0,0,0,0,0,0,1,0,0,0,0
7141,my flesh and blood,2003.0,0,0,0,0,0,0,0,1,0,0,0,0,0,0,0,0,0,0,0,0
7142,honey,2003.0,0,0,0,0,0,0,0,0,1,0,0,0,0,0,0,1,0,0,0,0
7143,last samurai the,2003.0,0,1,1,0,0,0,0,0,1,0,0,0,0,0,0,0,0,0,1,0
7147,big fish,2003.0,0,0,0,0,0,0,0,0,1,1,0,0,0,0,0,1,0,0,0,0
7149,somethings gotta give,2003.0,0,0,0,0,0,1,0,0,1,0,0,0,0,0,0,1,0,0,0,0
7150,stuck on you,2003.0,0,0,0,0,0,1,0,0,0,0,0,0,0,0,0,0,0,0,0,0
7151,girl with a pearl earring,2003.0,0,0,0,0,0,0,0,0,1,0,0,0,0,0,0,1,0,0,0,0
7153,lord of the rings the return of the king the,2003.0,0,1,1,0,0,0,0,0,1,1,0,0,0,0,0,0,0,0,0,0
7154,mona lisa smile,2003.0,0,0,0,0,0,0,0,0,1,0,0,0,0,0,0,1,0,0,0,0
7155,calendar girls,2003.0,0,0,0,0,0,1,0,0,0,0,0,0,0,0,0,0,0,0,0,0
7156,fog of war eleven lessons from the life of robert s mcnamara the,2003.0,0,0,0,0,0,0,0,1,0,0,0,0,0,0,0,0,0,0,1,0
7158,house of sand and fog,2003.0,0,0,0,0,0,0,0,0,1,0,0,0,0,0,0,0,0,0,0,0
7160,monster,2003.0,0,0,0,0,0,0,1,0,1,0,0,0,0,0,0,0,0,0,0,0
7161,cheaper by the dozen,2003.0,0,0,0,0,1,1,0,0,0,0,0,0,0,0,0,0,0,0,0,0
7162,cold mountain,2003.0,0,0,0,0,0,0,0,0,1,0,0,0,0,0,0,1,0,0,1,0
7163,paycheck,2003.0,0,1,0,0,0,0,0,0,0,0,0,0,0,0,0,0,1,1,0,0
7164,peter pan,2003.0,0,1,1,0,1,0,0,0,0,1,0,0,0,0,0,0,0,0,0,0
7165,company the,2003.0,0,0,0,0,0,0,0,0,1,0,0,0,0,1,0,0,0,0,0,0
7167,japanese story,2003.0,0,0,0,0,0,0,0,0,1,0,0,0,0,0,0,0,0,0,0,0
7169,chasing liberty,2004.0,0,0,0,0,0,1,0,0,0,0,0,0,0,0,0,1,0,0,0,0
7171,aileen life and death of a serial killer,2003.0,0,0,0,0,0,0,0,1,0,0,0,0,0,0,0,0,0,0,0,0
7173,along came polly,2004.0,0,0,0,0,0,1,0,0,0,0,0,0,0,0,0,1,0,0,0,0
7175,torque,2004.0,0,1,0,0,0,0,1,0,0,0,0,0,0,0,0,0,0,0,0,0
7176,crimson gold talaye sorgh,2003.0,0,0,0,0,0,0,0,0,1,0,0,0,0,0,0,0,0,0,0,0
7177,osama,2003.0,0,0,0,0,0,0,0,0,1,0,0,0,0,0,0,0,0,0,0,0
7178,great gatsby the,1974.0,0,0,0,0,0,0,0,0,1,0,0,0,0,0,0,0,0,0,0,0
7179,wuthering heights,1992.0,0,0,0,0,0,0,0,0,1,0,0,0,0,0,0,1,0,0,0,0
7181,ship of fools,1965.0,0,0,0,0,0,0,0,0,1,0,0,0,0,0,0,0,0,0,0,0
7184,this property is condemned,1966.0,0,0,0,0,0,0,0,0,1,0,0,0,0,0,0,1,0,0,0,0
7190,jane eyre,1970.0,0,0,0,0,0,0,0,0,1,0,0,0,0,0,0,0,0,0,0,0
7191,blame it on the bellboy,1992.0,0,0,0,0,0,1,0,0,0,0,0,0,0,0,0,0,0,0,0,0
7192,only the strong,1993.0,0,1,0,0,0,0,0,0,0,0,0,0,0,0,0,0,0,0,0,0
7193,adventures of ford fairlane the,1990.0,0,1,0,0,0,1,0,0,0,0,0,0,0,0,0,0,0,0,0,0
7202,beyond reanimator,2003.0,0,0,0,0,0,0,0,0,0,0,0,1,0,0,0,0,0,0,0,0
7205,wind and the lion the,1975.0,0,0,1,0,0,0,0,0,0,0,0,0,0,0,0,0,0,0,0,0
7206,mon oncle my uncle,1958.0,0,0,0,0,0,1,0,0,0,0,0,0,0,0,0,0,0,0,0,0
7208,dr jekyll and mr hyde,1941.0,0,0,0,0,0,0,0,0,1,0,0,1,0,0,0,0,0,0,0,0
7209,m hulots holiday mr hulots holiday vacances de monsieur hulot les,1953.0,0,0,0,0,0,1,0,0,0,0,0,0,0,0,0,0,0,0,0,0
7211,people will talk,1951.0,0,0,0,0,0,1,0,0,0,0,0,0,0,0,0,1,0,0,0,0
7212,i was a male war bride,1949.0,0,0,0,0,0,1,0,0,0,0,0,0,0,0,0,1,0,0,0,0
7215,to have and have not,1944.0,0,0,1,0,0,0,0,0,1,0,0,0,0,0,0,1,0,1,1,0
7216,high sierra,1941.0,0,0,0,0,0,0,1,0,1,0,1,0,0,0,0,0,0,1,0,0
7217,dark passage,1947.0,0,0,0,0,0,0,1,0,1,0,1,0,0,0,0,1,0,1,0,0
7218,oxbow incident the,1943.0,0,0,0,0,0,0,0,0,1,0,0,0,0,0,0,0,0,0,0,1
7219,they drive by night,1940.0,0,0,0,0,0,0,0,0,1,0,0,0,0,0,0,0,0,0,0,0
7222,reefer madness aka tell your children,1938.0,0,0,0,0,0,1,0,0,1,0,0,0,0,0,0,0,0,0,0,0
7223,doa,1950.0,0,0,0,0,0,0,0,0,1,0,1,0,0,0,1,0,0,0,0,0
7225,pumping iron,1977.0,0,0,0,0,0,0,0,1,0,0,0,0,0,0,0,0,0,0,0,0
7228,cool world,1992.0,0,0,0,1,0,1,0,0,0,1,0,0,0,0,0,0,0,0,0,0
7234,strada la,1954.0,0,0,0,0,0,0,0,0,1,0,0,0,0,0,0,0,0,0,0,0
7235,ichi the killer koroshiya 1,2001.0,0,1,0,0,0,1,1,0,1,0,0,1,0,0,0,0,0,1,0,0
7236,boy and his dog a,1975.0,0,0,0,0,0,0,0,0,0,0,0,0,0,0,0,0,1,0,0,0
7238,ashes and diamonds popiól i diament,1958.0,0,0,0,0,0,0,0,0,1,0,0,0,0,0,0,0,0,0,1,0
7243,intolerance loves struggle throughout the ages,1916.0,0,0,0,0,0,0,0,0,1,0,0,0,0,0,0,0,0,0,0,0
7245,tormented,1960.0,0,0,0,0,0,0,0,0,0,0,0,1,0,0,0,0,0,1,0,0
7247,chitty chitty bang bang,1968.0,0,0,1,0,1,1,0,0,0,1,0,0,0,1,0,0,0,0,0,0
7248,suriyothai aka legend of suriyothai the,2001.0,0,1,1,0,0,0,0,0,1,0,0,0,0,0,0,0,0,0,1,0
7251,where the day takes you,1992.0,0,0,0,0,0,0,0,0,1,0,0,0,0,0,0,0,0,0,0,0
7254,the butterfly effect,2004.0,0,0,0,0,0,0,0,0,1,0,0,0,0,0,0,0,1,1,0,0
7255,win a date with tad hamilton,2004.0,0,0,0,0,0,1,0,0,0,0,0,0,0,0,0,1,0,0,0,0
7256,touching the void,2003.0,0,0,1,0,0,0,0,1,0,0,0,0,0,0,0,0,0,0,0,0
7257,big bounce the,2004.0,0,0,0,0,0,1,1,0,0,0,0,0,0,0,0,0,0,1,0,0
7258,perfect score the,2004.0,0,0,0,0,0,1,1,0,0,0,0,0,0,0,0,0,0,0,0,0
7259,you got served,2004.0,0,0,0,0,0,0,0,0,1,0,0,0,0,1,0,0,0,0,0,0
7260,latter days,2003.0,0,0,0,0,0,1,0,0,1,0,0,0,0,0,0,1,0,0,0,0
7261,barbershop 2 back in business,2004.0,0,0,0,0,0,1,0,0,0,0,0,0,0,0,0,0,0,0,0,0
7262,catch that kid,2004.0,0,1,1,0,1,1,1,0,0,0,0,0,0,0,0,0,0,0,0,0
7263,miracle,2004.0,0,0,0,0,0,0,0,0,1,0,0,0,0,0,0,0,0,0,0,0
7264,an amazing couple,2002.0,0,0,0,0,0,1,0,0,0,0,0,0,0,0,0,1,0,0,0,0
7265,dreamers the,2003.0,0,0,0,0,0,0,0,0,1,0,0,0,0,0,0,0,0,0,0,0
7266,lost skeleton of cadavra the,2002.0,0,0,0,0,0,1,0,0,0,0,0,1,0,0,0,0,1,0,0,0
7282,hip hop witch da,2000.0,0,0,0,0,0,1,0,0,0,0,0,1,0,0,0,0,0,1,0,0
7285,thirteen,2003.0,0,0,0,0,0,0,0,0,1,0,0,0,0,0,0,0,0,0,0,0
7292,best defense,1984.0,0,0,0,0,0,1,0,0,0,0,0,0,0,0,0,0,0,0,1,0
7293,50 first dates,2004.0,0,0,0,0,0,1,0,0,0,0,0,0,0,0,0,1,0,0,0,0
7294,welcome to mooseport,2004.0,0,0,0,0,0,1,0,0,0,0,0,0,0,0,0,0,0,0,0,0
7297,kitchen stories salmer fra kjøkkenet,2003.0,0,0,0,0,0,1,0,0,1,0,0,0,0,0,0,0,0,0,0,0
7299,monsieur ibrahim monsieur ibrahim et les fleurs du coran,2003.0,0,0,0,0,0,0,0,0,1,0,0,0,0,0,0,0,0,0,0,0
7301,diary of a country priest journal dun curé de campagne,1951.0,0,0,0,0,0,0,0,0,1,0,0,0,0,0,0,0,0,0,0,0
7302,thief of bagdad the,1924.0,0,1,1,0,0,0,0,0,0,1,0,0,0,0,0,0,0,0,0,0
7303,the diary of anne frank,1959.0,0,0,0,0,0,0,0,0,1,0,0,0,0,0,0,0,0,0,1,0
7304,allegro non troppo,1977.0,0,0,0,1,0,1,0,0,0,1,0,0,0,1,0,0,0,0,0,0
7305,black widow,1987.0,0,0,0,0,0,0,1,0,1,0,0,0,0,0,1,0,0,1,0,0
7306,herods law ley de herodes la,2000.0,0,0,0,0,0,1,1,0,0,0,0,0,0,0,1,0,0,0,0,0
7307,flesh  blood,1985.0,0,1,1,0,0,0,0,0,1,0,0,0,0,0,0,0,0,0,1,0
7308,king solomons mines,1985.0,0,0,1,0,0,1,0,0,0,0,0,0,0,0,0,0,0,0,0,0
7310,raw deal,1986.0,0,1,0,0,0,0,0,0,0,0,0,0,0,0,0,0,0,0,0,0
7311,goodbye mr chips,1939.0,0,0,0,0,0,0,0,0,1,0,0,0,0,0,0,1,0,0,0,0
7312,follow me boys,1966.0,0,0,0,0,0,1,0,0,1,0,0,0,0,0,0,0,0,0,0,0
7315,against the ropes,2004.0,0,0,0,0,0,1,0,0,1,0,0,0,0,0,0,0,0,0,0,0
7316,confessions of a teenage drama queen,2004.0,0,0,0,0,0,1,0,0,0,0,0,0,0,0,0,0,0,0,0,0
7317,eurotrip,2004.0,0,0,1,0,0,1,0,0,0,0,0,0,0,0,0,0,0,0,0,0
7318,passion of the christ the,2004.0,0,0,0,0,0,0,0,0,1,0,0,0,0,0,0,0,0,0,0,0
7319,club dread,2004.0,0,0,0,0,0,1,0,0,0,0,0,1,0,0,0,0,0,0,0,0
7320,dirty dancing havana nights,2004.0,0,0,0,0,0,0,0,0,0,0,0,0,0,0,0,1,0,0,0,0
7321,twisted,2004.0,0,0,0,0,0,0,0,0,0,0,0,0,0,0,0,0,0,1,0,0
7323,good bye lenin,2003.0,0,0,0,0,0,1,0,0,1,0,0,0,0,0,0,0,0,0,0,0
7324,hidalgo,2004.0,0,0,1,0,0,0,0,0,1,0,0,0,0,0,0,0,0,0,0,0
7325,starsky  hutch,2004.0,0,1,0,0,0,1,1,0,0,0,0,0,0,0,0,0,0,1,0,0
7326,reckoning the,2004.0,0,0,0,0,0,0,1,0,1,0,0,0,0,0,0,0,0,0,0,0
7327,persona,1966.0,0,0,0,0,0,0,0,0,1,0,0,0,0,0,0,0,0,0,0,0
7328,passion of anna the passion en,1969.0,0,0,0,0,0,0,0,0,1,0,0,0,0,0,0,0,0,0,0,0
7333,corbeau le raven the,1943.0,0,0,0,0,0,0,1,0,1,0,0,0,0,0,0,0,0,1,0,0
7335,pickup on south street,1953.0,0,0,0,0,0,0,0,0,0,0,1,0,0,0,0,0,0,0,0,0
7336,damned the la caduta degli dei,1969.0,0,0,0,0,0,0,0,0,1,0,0,0,0,0,0,0,0,0,1,0
7340,just one of the guys,1985.0,0,0,0,0,0,1,0,0,0,0,0,0,0,0,0,0,0,0,0,0
7344,wrong arm of the law the,1963.0,0,0,0,0,0,1,1,0,0,0,0,0,0,0,0,0,0,0,0,0
7345,agent cody banks 2 destination london,2004.0,0,1,1,0,1,1,0,0,0,0,0,0,0,0,0,0,0,0,0,0
7346,girl next door the,2004.0,0,0,0,0,0,1,0,0,0,0,0,0,0,0,0,1,0,0,0,0
7347,secret window,2004.0,0,0,0,0,0,0,0,0,0,0,0,0,0,0,1,0,0,1,0,0
7348,spartan,2004.0,0,0,0,0,0,0,0,0,0,0,0,0,0,0,0,0,0,1,0,0
7349,broken wings knafayim shvurot,2002.0,0,0,0,0,0,0,0,0,1,0,0,0,0,0,0,0,0,0,0,0
7352,wilbur wants to kill himself,2002.0,0,0,0,0,0,1,0,0,1,0,0,0,0,0,0,1,0,0,0,0
7354,mad dog and glory,1993.0,0,0,0,0,0,1,0,0,1,0,0,0,0,0,0,1,0,0,0,0
7357,peyton place,1957.0,0,0,0,0,0,0,0,0,1,0,0,0,0,0,0,1,0,0,0,0
7360,dawn of the dead,2004.0,0,1,0,0,0,0,0,0,1,0,0,1,0,0,0,0,0,1,0,0
7361,eternal sunshine of the spotless mind,2004.0,0,0,0,0,0,0,0,0,1,0,0,0,0,0,0,1,1,0,0,0
7362,taking lives,2004.0,0,0,0,0,0,0,1,0,1,0,0,0,0,0,0,0,0,1,0,0
7364,intermission,2003.0,0,0,0,0,0,1,1,0,1,0,0,0,0,0,0,0,0,0,0,0
7366,jersey girl,2004.0,0,0,0,0,0,1,0,0,1,0,0,0,0,0,0,1,0,0,0,0
7367,ladykillers the,2004.0,0,0,0,0,0,1,1,0,0,0,0,0,0,0,0,0,0,0,0,0
7368,never die alone,2004.0,0,0,0,0,0,0,1,0,1,0,0,0,0,0,0,0,0,1,0,0
7369,scoobydoo 2 monsters unleashed,2004.0,0,1,1,0,1,1,0,0,0,0,0,0,0,0,1,0,0,0,0,0
7371,dogville,2003.0,0,0,0,0,0,0,0,0,1,0,0,0,0,0,1,0,0,1,0,0
7372,ned kelly,2003.0,0,0,0,0,0,0,0,0,1,0,0,0,0,0,0,0,0,0,0,0
7373,hellboy,2004.0,0,1,1,0,0,0,0,0,0,1,0,1,0,0,0,0,0,0,0,0
7375,prince  me the,2004.0,0,0,0,0,0,1,0,0,0,0,0,0,0,0,0,1,0,0,0,0
7376,walking tall,2004.0,0,1,0,0,0,0,0,0,0,0,0,0,0,0,0,0,0,0,0,0
7377,united states of leland the,2003.0,0,0,0,0,0,0,1,0,1,0,0,0,0,0,0,0,0,0,0,0
7379,the alamo,2004.0,0,0,0,0,0,0,0,0,1,0,0,0,0,0,0,0,0,0,1,1
7380,ella enchanted,2004.0,0,0,0,0,0,1,0,0,0,1,0,0,0,0,0,1,0,0,0,0
7381,whole ten yards the,2004.0,0,1,0,0,0,1,1,0,0,0,0,0,0,0,0,0,0,0,0,0
7382,im not scared io non ho paura,2003.0,0,0,0,0,0,0,0,0,1,0,0,0,0,0,1,0,0,1,0,0
7386,ten commandments the,1956.0,0,0,1,0,0,0,0,0,1,0,0,0,0,0,0,0,0,0,0,0
7387,dawn of the dead,1978.0,0,1,0,0,0,0,0,0,1,0,0,1,0,0,0,0,0,0,0,0
7390,prey for rock  roll,2003.0,0,0,0,0,0,0,0,0,1,0,0,0,0,1,0,0,0,0,0,0
7394,those magnificent men in their flying machines,1965.0,0,1,1,0,0,1,0,0,0,0,0,0,0,0,0,0,0,0,0,0
7395,cheaper by the dozen,1950.0,0,0,0,0,0,1,0,0,1,0,0,0,0,0,0,0,0,0,0,0
7396,scenes from a marriage scener ur ett äktenskap,1973.0,0,0,0,0,0,0,0,0,1,0,0,0,0,0,0,0,0,0,0,0
7411,munchies,1987.0,0,0,0,0,0,1,0,0,0,0,0,1,0,0,0,0,0,0,0,0
7414,going in style,1979.0,0,0,0,0,0,1,0,0,1,0,0,0,0,0,0,0,0,0,0,0
7419,after hours,1985.0,0,0,0,0,0,1,0,0,0,0,0,0,0,0,0,0,0,1,0,0
7438,kill bill vol 2,2004.0,0,1,0,0,0,0,0,0,1,0,0,0,0,0,0,0,0,1,0,0
7439,punisher the,2004.0,0,1,0,0,0,0,1,0,0,0,0,0,0,0,0,0,0,1,0,0
7440,paper clips,2004.0,0,0,0,0,0,0,0,1,0,0,0,0,0,0,0,0,0,0,0,0
7443,this socalled disaster,2003.0,0,0,0,0,0,0,0,1,0,0,0,0,0,0,0,0,0,0,0,0
7444,13 going on 30,2004.0,0,0,0,0,0,1,0,0,0,1,0,0,0,0,0,1,0,0,0,0
7445,man on fire,2004.0,0,1,0,0,0,0,1,0,1,0,0,0,0,0,1,0,0,1,0,0
7448,envy,2004.0,0,0,0,0,0,1,0,0,0,0,0,0,0,0,0,0,0,0,0,0
7449,godsend,2004.0,0,0,0,0,0,0,0,0,1,0,0,1,0,0,0,0,0,1,0,0
7450,laws of attraction,2004.0,0,0,0,0,0,1,0,0,0,0,0,0,0,0,0,1,0,0,0,0
7451,mean girls,2004.0,0,0,0,0,0,1,0,0,0,0,0,0,0,0,0,0,0,0,0,0
7454,van helsing,2004.0,0,1,1,0,0,0,0,0,0,1,0,1,0,0,0,0,0,0,0,0
7455,mudge boy the,2003.0,0,0,0,0,0,0,0,0,1,0,0,0,0,0,0,0,0,0,0,0
7457,breakin all the rules,2004.0,0,0,0,0,0,1,0,0,0,0,0,0,0,0,0,1,0,0,0,0
7458,troy,2004.0,0,1,1,0,0,0,0,0,1,0,0,0,0,0,0,0,0,0,1,0
7459,carandiru,2003.0,0,0,0,0,0,0,1,0,1,0,0,0,0,0,0,0,0,0,0,0
7460,coffee and cigarettes,2003.0,0,0,0,0,0,1,0,0,1,0,0,0,0,0,0,0,0,0,0,0
7477,eye see you dtox,2002.0,0,0,0,0,0,0,0,0,0,0,0,1,0,0,0,0,0,1,0,0
7479,watch on the rhine,1943.0,0,0,0,0,0,0,0,0,1,0,0,0,0,0,0,0,0,0,0,0
7481,enemy mine,1985.0,0,0,1,0,0,0,0,0,1,0,0,0,0,0,0,0,1,0,0,0
7482,enter the dragon,1973.0,0,1,0,0,0,0,1,0,0,0,0,0,0,0,0,0,0,0,0,0
7486,happy together aka buenos aires affair chun gwong cha sit,1997.0,0,0,0,0,0,0,0,0,1,0,0,0,0,0,0,1,0,0,0,0
7487,henry  june,1990.0,0,0,0,0,0,0,0,0,1,0,0,0,0,0,0,0,0,0,0,0
7492,martin,1977.0,0,0,0,0,0,0,0,0,1,0,0,1,0,0,0,0,0,0,0,0
7493,three faces of eve the,1957.0,0,0,0,0,0,0,0,0,1,0,0,0,0,0,0,0,0,0,0,0
7541,100 girls,2000.0,0,0,0,0,0,1,0,0,0,0,0,0,0,0,0,1,0,0,0,0
7560,failsafe,1964.0,0,0,0,0,0,0,0,0,1,0,0,0,0,0,0,0,0,1,1,0
7561,paperhouse,1988.0,0,0,0,0,0,0,0,0,0,1,0,1,0,0,0,0,0,1,0,0
7562,dobermann,1997.0,0,1,0,0,0,0,1,0,0,0,0,0,0,0,0,0,0,0,0,0
7564,kwaidan kaidan,1964.0,0,0,0,0,0,0,0,0,0,0,0,1,0,0,0,0,0,0,0,0
7566,28 up,1985.0,0,0,0,0,0,0,0,1,0,0,0,0,0,0,0,0,0,0,0,0
7569,you only live twice,1967.0,0,1,1,0,0,0,0,0,0,0,0,0,0,0,0,0,1,1,0,0
7570,octopussy,1983.0,0,1,1,0,0,0,0,0,0,0,0,0,0,0,0,0,0,1,0,0
7572,wit,2001.0,0,0,0,0,0,0,0,0,1,0,0,0,0,0,0,0,0,0,0,0
7573,never say never again,1983.0,0,1,1,0,0,0,0,0,0,0,0,0,0,0,0,0,0,1,0,0
7579,pride and prejudice,1940.0,0,0,0,0,0,1,0,0,1,0,0,0,0,0,0,1,0,0,0,0
7581,fountainhead the,1949.0,0,0,0,0,0,0,0,0,1,0,0,0,0,0,0,0,0,0,0,0
7584,woman of the year,1942.0,0,0,0,0,0,1,0,0,0,0,0,0,0,0,0,1,0,0,0,0
7587,samouraï le godson the,1967.0,0,0,0,0,0,0,1,0,1,0,0,0,0,0,0,0,0,1,0,0
7614,oklahoma,1955.0,0,0,0,0,0,0,0,0,0,0,0,0,0,1,0,1,0,0,0,1
7615,desert hearts,1985.0,0,0,0,0,0,0,0,0,1,0,0,0,0,0,0,0,0,0,0,0
7616,body double,1984.0,0,0,0,0,0,0,0,0,0,0,0,0,0,0,1,0,0,1,0,0
7618,chaplin,1992.0,0,0,0,0,0,0,0,0,1,0,0,0,0,0,0,0,0,0,0,0
7619,miracle worker the,1962.0,0,0,0,0,0,0,0,0,1,0,0,0,0,0,0,0,0,0,0,0
7620,monster in a box,1992.0,0,0,0,0,0,1,0,0,1,0,0,0,0,0,0,0,0,0,0,0
7624,school ties,1992.0,0,0,0,0,0,0,0,0,1,0,0,0,0,0,0,0,0,0,0,0
7636,raising cain,1992.0,0,0,0,0,0,0,0,0,0,0,0,1,0,0,0,0,0,1,0,0
7646,rose red,2002.0,0,0,0,0,0,0,0,0,0,0,0,1,0,0,1,0,0,1,0,0
7647,noises off,1992.0,0,0,0,0,0,1,0,0,0,0,0,0,0,0,0,0,0,0,0,0
7649,babylon 5 in the beginning,1998.0,0,0,1,0,0,0,0,0,0,0,0,0,0,0,0,0,1,0,0,0
7650,witchfinder general conquerer worm the,1968.0,0,0,0,0,0,0,0,0,0,0,0,1,0,0,0,0,0,0,0,0
7657,versus,2000.0,0,1,0,0,0,1,0,0,0,1,0,1,0,0,0,0,0,0,0,0
7669,pride and prejudice,1995.0,0,0,0,0,0,0,0,0,1,0,0,0,0,0,0,1,0,0,0,0
7698,china syndrome the,1979.0,0,0,0,0,0,0,0,0,1,0,0,0,0,0,0,0,0,1,0,0
7700,wages of fear the salaire de la peur le,1953.0,0,1,1,0,0,0,0,0,1,0,0,0,0,0,0,0,0,1,0,0
7701,look whos talking too,1990.0,0,0,0,0,0,1,0,0,0,0,0,0,0,0,0,1,0,0,0,0
7702,bells of st marys the,1945.0,0,0,0,0,0,0,0,0,1,0,0,0,0,0,0,0,0,0,0,0
7704,delta force the,1986.0,0,1,0,0,0,0,0,0,0,0,0,0,0,0,0,0,0,0,0,0
7705,pat and mike,1952.0,0,0,0,0,0,1,0,0,0,0,0,0,0,0,0,1,0,0,0,0
7706,animal crackers,1930.0,0,0,0,0,0,1,0,0,0,0,0,0,0,1,0,0,0,0,0,0
7707,he said she said,1991.0,0,0,0,0,0,1,0,0,1,0,0,0,0,0,0,1,0,0,0,0
7708,bedazzled,1967.0,0,0,0,0,0,1,0,0,0,1,0,0,0,0,0,0,0,0,0,0
7713,cat people,1942.0,0,0,0,0,0,0,0,0,1,0,0,1,0,0,0,1,0,1,0,0
7714,camelot,1967.0,0,0,0,0,0,0,0,0,1,0,0,0,0,1,0,1,0,0,0,0
7716,lonely guy the,1984.0,0,0,0,0,0,1,0,0,0,0,0,0,0,0,0,0,0,0,0,0
7720,four musketeers the,1974.0,0,1,1,0,0,1,0,0,0,0,0,0,0,0,0,1,0,0,0,0
7727,protocol,1984.0,0,0,0,0,0,1,0,0,0,0,0,0,0,0,0,0,0,0,0,0
7728,postman always rings twice the,1946.0,0,0,0,0,0,0,1,0,1,0,1,0,0,0,0,0,0,1,0,0
7730,matinee,1993.0,0,0,0,0,0,1,0,0,1,0,0,0,0,0,0,0,0,0,0,0
7742,baxter,1989.0,0,0,0,0,0,0,0,0,1,0,0,1,0,0,0,0,0,0,0,0
7743,explorers,1985.0,0,0,1,0,1,0,0,0,0,0,0,0,0,0,0,0,1,0,0,0
7745,scent of green papaya the mùi du du xhan  lodeur de la papaye verte,1993.0,0,0,0,0,0,0,0,0,1,0,0,0,0,0,0,0,0,0,0,0
7748,pierrot le fou,1965.0,0,0,0,0,0,0,1,0,1,0,0,0,0,0,0,0,0,0,0,0
7749,weekend aka le weekend week end,1967.0,0,0,0,0,0,0,0,0,1,0,0,0,0,0,0,0,0,0,0,0
7753,tuesdays with morrie,1999.0,0,0,0,0,0,0,0,0,1,0,0,0,0,0,0,0,0,0,0,0
7756,alexander nevsky aleksandr nevskiy,1938.0,0,1,0,0,0,0,0,0,1,0,0,0,0,0,0,0,0,0,1,0
7757,jason and the argonauts,1963.0,0,1,1,0,0,0,0,0,0,1,0,0,0,0,0,0,0,0,0,0
7762,tinker tailor soldier spy,1979.0,0,0,0,0,0,0,0,0,1,0,0,0,0,0,0,0,0,1,0,0
7766,throne of blood kumonosu jô,1957.0,0,1,0,0,0,0,0,0,1,0,0,0,0,0,0,0,0,1,1,0
7767,best of youth the la meglio gioventù,2003.0,0,0,0,0,0,0,0,0,1,0,0,0,0,0,0,0,0,0,0,0
7772,undercurrent,1946.0,0,0,0,0,0,0,0,0,0,0,1,0,0,0,0,0,0,1,0,0
7773,bang bang youre dead,2002.0,0,0,0,0,0,0,0,0,1,0,0,0,0,0,0,0,0,0,0,0
7781,twister,1990.0,0,0,0,0,0,1,0,0,0,0,0,0,0,0,0,0,0,0,0,0
7782,sniper,1993.0,0,1,0,0,0,0,0,0,1,0,0,0,0,0,0,0,0,0,0,0
7786,genghis blues,1999.0,0,0,0,0,0,0,0,1,0,0,0,0,0,0,0,0,0,0,0,0
7789,110901  september 11,2002.0,0,0,0,0,0,0,0,0,1,0,0,0,0,0,0,0,0,0,0,0
7792,parallax view the,1974.0,0,0,0,0,0,0,0,0,0,0,0,0,0,0,0,0,0,1,0,0
7802,warriors the,1979.0,0,1,1,0,0,0,1,0,0,0,0,0,0,0,0,0,0,1,0,0
7810,babylon 5 a call to arms,1999.0,0,0,1,0,0,0,0,0,0,0,0,0,0,0,0,0,1,0,0,0
7811,babylon 5 the river of souls,1998.0,0,0,0,0,0,0,0,0,1,0,0,0,0,0,0,0,1,0,0,0
7812,babylon 5 thirdspace,1998.0,0,0,0,0,0,0,0,0,1,0,0,0,0,0,0,0,1,0,0,0
7815,true stories,1986.0,0,0,0,0,0,1,0,0,0,0,0,0,0,1,0,0,0,0,0,0
7820,virgin spring the jungfrukällan,1960.0,0,0,0,0,0,0,1,0,1,0,0,0,0,0,0,0,0,0,0,0
7822,mogambo,1953.0,0,0,1,0,0,0,0,0,1,0,0,0,0,0,0,1,0,0,0,0
7826,secret life of walter mitty the,1947.0,0,0,0,0,0,1,0,0,0,0,0,0,0,0,0,1,0,1,0,0
7831,another thin man,1939.0,0,0,0,0,0,1,1,0,1,0,0,0,0,0,1,1,0,0,0,0
7832,thin man goes home the,1945.0,0,0,0,0,0,1,1,0,0,0,0,0,0,0,1,0,0,0,0,0
7833,shadow of the thin man,1941.0,0,0,0,0,0,1,1,0,0,0,0,0,0,0,1,0,0,0,0,0
7834,after the thin man,1936.0,0,0,0,0,0,1,1,0,0,0,0,0,0,0,1,1,0,0,0,0
7835,song of the thin man,1947.0,0,0,0,0,0,1,1,0,1,0,0,0,0,1,1,1,0,0,0,0
7839,love crazy,1941.0,0,0,0,0,0,1,0,0,0,0,0,0,0,0,0,0,0,0,0,0
7840,gunga din,1939.0,0,0,1,0,0,1,0,0,0,0,0,0,0,0,0,0,0,0,1,0
7841,children of dune,2003.0,0,0,0,0,0,0,0,0,0,1,0,0,0,0,0,0,1,0,0,0
7842,dune,2000.0,0,0,0,0,0,0,0,0,1,1,0,0,0,0,0,0,1,0,0,0
7843,lammbock,2001.0,0,0,0,0,0,1,0,0,0,0,0,0,0,0,0,0,0,0,0,0
7844,legend the legend of fong saiyuk the fong sai yuk,1993.0,0,1,0,0,0,1,0,0,0,0,0,0,0,0,0,0,0,0,0,0
7845,tremors ii aftershocks,1996.0,0,0,0,0,0,1,0,0,0,0,0,1,0,0,0,0,1,0,0,0
7846,tremors 3 back to perfection,2001.0,0,0,0,0,0,1,0,0,0,0,0,1,0,0,0,0,1,0,0,0
7879,notorious cho,2002.0,0,0,0,0,0,1,0,0,0,0,0,0,0,0,0,0,0,0,0,0
7882,the plague of the zombies,1966.0,0,0,0,0,0,0,0,0,0,0,0,1,0,0,0,0,0,0,0,0
7883,i walked with a zombie,1943.0,0,0,0,0,0,0,0,0,1,0,0,1,0,0,0,0,0,0,0,0
7884,highway 61,1991.0,0,0,0,0,0,1,0,0,0,0,0,0,0,0,0,0,0,0,0,0
7888,how to succeed in business without really trying,1967.0,0,0,0,0,0,1,0,0,0,0,0,0,0,1,0,0,0,0,0,0
7889,pat garrett and billy the kid,1973.0,0,0,0,0,0,0,0,0,0,0,0,0,0,0,0,0,0,0,0,1
7891,last man on earth the ultimo uomo della terra l,1964.0,0,0,0,0,0,0,0,0,1,0,0,1,0,0,0,0,1,0,0,0
7894,duck you sucker,1971.0,0,1,0,0,0,0,0,0,0,0,0,0,0,0,0,0,0,0,0,1
7895,bring me the head of alfredo garcia,1974.0,0,0,0,0,0,0,1,0,1,0,0,0,0,0,0,0,0,1,0,0
7896,ride the high country,1962.0,0,0,1,0,0,0,0,0,1,0,0,0,0,0,0,0,0,0,0,1
7899,master of the flying guillotine du bi quan wang da po xue di zi,1975.0,0,1,0,0,0,0,0,0,0,0,0,0,0,0,0,0,0,0,0,0
7900,frankenstein must be destroyed,1969.0,0,0,0,0,0,0,0,0,1,0,0,1,0,0,0,0,1,0,0,0
7916,gidget,1959.0,0,0,0,0,0,1,0,0,0,0,0,0,0,0,0,0,0,0,0,0
7920,desperate living,1977.0,0,0,0,0,0,1,1,0,0,0,0,0,0,0,0,0,0,0,0,0
7924,stray dog nora inu,1949.0,0,0,0,0,0,0,0,0,1,0,1,0,0,0,0,0,0,1,0,0
7925,hidden fortress the kakushitoride no sanakunin,1958.0,0,1,1,0,0,0,0,0,0,0,0,0,0,0,0,0,0,0,0,0
7926,high and low tengoku to jigoku,1963.0,0,0,0,0,0,0,1,0,1,0,1,0,0,0,0,0,0,1,0,0
7930,people under the stairs the,1991.0,0,0,0,0,0,0,0,0,0,0,0,1,0,0,1,0,0,1,0,0
7932,dark days,2000.0,0,0,0,0,0,0,0,1,0,0,0,0,0,0,0,0,0,0,0,0
7934,zelig,1983.0,0,0,0,0,0,1,0,0,0,0,0,0,0,0,0,0,0,0,0,0
7936,shame skammen,1968.0,0,0,0,0,0,0,0,0,1,0,0,0,0,0,0,0,0,0,1,0
7937,silence the tystnaden,1963.0,0,0,0,0,0,0,0,0,1,0,0,0,0,0,0,0,0,0,0,0
7938,winter light nattvardsgästerna,1963.0,0,0,0,0,0,0,0,0,1,0,0,0,0,0,0,0,0,0,0,0
7939,through a glass darkly såsom i en spegel,1961.0,0,0,0,0,0,0,0,0,1,0,0,0,0,0,0,0,0,0,0,0
7940,the magician,1958.0,0,0,0,0,0,0,0,0,1,0,0,0,0,0,0,0,0,0,0,0
7943,killers the,1946.0,0,0,0,0,0,0,1,0,0,0,1,0,0,0,0,0,0,0,0,0
7944,night of the iguana the,1964.0,0,0,0,0,0,0,0,0,1,0,0,0,0,0,0,0,0,1,0,0
7951,nightbreed,1990.0,0,0,0,0,0,0,0,0,0,1,0,1,0,0,0,0,0,0,0,0
7976,ken park,2002.0,0,0,0,0,0,0,0,0,1,0,0,0,0,0,0,0,0,0,0,0
7979,monterey pop,1968.0,0,0,0,0,0,0,0,1,0,0,0,0,0,1,0,0,0,0,0,0
7980,bridge too far a,1977.0,0,1,0,0,0,0,0,0,1,0,0,0,0,0,0,0,0,0,1,0
7981,infernal affairs mou gaan dou,2002.0,0,0,0,0,0,0,1,0,1,0,0,0,0,0,0,0,0,1,0,0
7982,tale of two sisters a janghwa hongryeon,2003.0,0,0,0,0,0,0,0,0,1,0,0,1,0,0,1,0,0,1,0,0
7983,broadway danny rose,1984.0,0,0,0,0,0,1,0,0,0,0,0,0,0,0,0,0,0,0,0,0
7984,from beyond,1986.0,0,0,0,0,0,0,0,0,0,0,0,1,0,0,0,0,1,0,0,0
7986,robot jox,1990.0,0,0,0,0,0,0,0,0,0,0,0,0,0,0,0,0,1,0,0,0
7987,dolls,1987.0,0,0,0,0,0,0,0,0,0,0,0,1,0,0,0,0,0,0,0,0
7988,space truckers,1996.0,0,0,0,0,0,1,0,0,0,0,0,0,0,0,0,0,1,0,0,0
7991,death race 2000,1975.0,0,1,0,0,0,0,0,0,0,0,0,0,0,0,0,0,1,0,0,0
7993,bucket of blood a,1959.0,0,0,0,0,0,1,0,0,0,0,0,1,0,0,0,0,0,0,0,0
8008,brigadoon,1954.0,0,0,0,0,0,0,0,0,0,1,0,0,0,1,0,1,0,0,0,0
8010,power of one the,1992.0,0,0,0,0,0,0,0,0,1,0,0,0,0,0,0,0,0,0,0,0
8011,weather underground the,2002.0,0,0,0,0,0,0,0,1,0,0,0,0,0,0,0,0,0,0,0,0
8012,kikujiro kikujirô no natsu,1999.0,0,0,0,0,0,1,0,0,1,0,0,0,0,0,0,0,0,0,0,0
8014,spring summer fall winter and spring bom yeoreum gaeul gyeoul geurigo bom,2003.0,0,0,0,0,0,0,0,0,1,0,0,0,0,0,0,0,0,0,0,0
8015,phantom tollbooth the,1970.0,0,0,1,1,1,0,0,0,0,1,0,0,0,0,0,0,0,0,0,0
8016,getaway the,1972.0,0,1,0,0,0,0,1,0,1,0,0,0,0,0,0,0,0,1,0,0
8019,dark water honogurai mizu no soko kara,2002.0,0,0,0,0,0,0,0,0,1,0,0,1,0,0,1,0,0,1,0,0
8024,thing called love the,1993.0,0,0,0,0,0,1,0,0,1,0,0,0,0,0,0,1,0,0,0,0
8025,the thief,1997.0,0,0,0,0,0,0,0,0,1,0,0,0,0,0,0,0,0,0,0,0
8033,how to steal a million,1966.0,0,0,0,0,0,1,1,0,0,0,0,0,0,0,0,1,0,0,0,0
8035,stendhal syndrome the sindrome di stendhal la,1996.0,0,0,0,0,0,0,1,0,0,0,0,1,0,0,0,0,0,1,0,0
8042,mean streets,1973.0,0,0,0,0,0,0,1,0,1,0,0,0,0,0,0,0,0,0,0,0
8043,jack the bear,1993.0,0,0,0,0,0,1,0,0,1,0,0,0,0,0,0,0,0,0,0,0
8044,i am a fugitive from a chain gang,1932.0,0,0,0,0,0,0,1,0,1,0,1,0,0,0,0,0,0,0,0,0
8045,hamburger hill,1987.0,0,1,0,0,0,0,0,0,1,0,0,0,0,0,0,0,0,0,1,0
8057,sweet bird of youth,1962.0,0,0,0,0,0,0,0,0,1,0,0,0,0,0,0,0,0,0,0,0
8092,frankenstein unbound,1990.0,0,0,0,0,0,0,0,0,1,0,0,1,0,0,0,0,1,0,0,0
8093,shiri swiri,1999.0,0,1,0,0,0,0,0,0,1,0,0,0,0,0,0,1,0,1,0,0
8094,bad day at black rock,1955.0,0,0,0,0,0,0,0,0,1,0,0,0,0,0,0,0,0,1,0,1
8117,in china they eat dogs i kina spiser de hunde,1999.0,0,1,0,0,0,1,0,0,0,0,0,0,0,0,0,0,0,0,0,0
8118,delta force 2 delta force 2 the colombian connection,1990.0,0,1,1,0,0,0,0,0,0,0,0,0,0,0,0,0,0,1,1,0
8119,crossroads,1986.0,0,0,0,0,0,0,0,0,1,0,0,0,0,0,0,0,0,0,0,0
8121,seducing doctor lewis grande séduction la,2003.0,0,0,0,0,0,1,0,0,0,0,0,0,0,0,0,0,0,0,0,0
8125,sunrise a song of two humans,1927.0,0,0,0,0,0,0,0,0,1,0,0,0,0,0,0,1,0,0,0,0
8126,shock corridor,1963.0,0,0,0,0,0,0,0,0,1,0,0,0,0,0,0,0,0,0,0,0
8128,au revoir les enfants,1987.0,0,0,0,0,0,0,0,0,1,0,0,0,0,0,0,0,0,0,0,0
8131,pursuit of happiness,2001.0,0,0,0,0,0,1,0,0,0,0,0,0,0,0,0,1,0,0,0,0
8132,gladiator,1992.0,0,1,0,0,0,0,0,0,1,0,0,0,0,0,0,0,0,0,0,0
8136,indestructible man,1956.0,0,0,0,0,0,0,1,0,0,0,0,1,0,0,0,0,1,0,0,0
8137,wasp woman the,1959.0,0,0,0,0,0,0,0,0,0,0,0,1,0,0,0,0,1,0,0,0
8138,attack of the giant leeches,1959.0,0,0,0,0,0,0,0,0,0,0,0,1,0,0,0,0,1,0,0,0
8142,dead or alive hanzaisha,1999.0,0,1,0,0,0,0,1,0,0,0,0,0,0,0,0,0,0,0,0,0
8143,lola montès,1955.0,0,0,0,0,0,0,0,0,1,0,0,0,0,0,0,0,0,0,0,0
8147,charly,1968.0,0,0,0,0,0,0,0,0,1,0,0,0,0,0,0,0,1,0,0,0
8153,lust for life,1956.0,0,0,0,0,0,0,0,0,1,0,0,0,0,0,0,0,0,0,0,0
8154,dolce vita la,1960.0,0,0,0,0,0,0,0,0,1,0,0,0,0,0,0,0,0,0,0,0
8157,jin roh the wolf brigade jinrô,1998.0,0,0,0,1,0,0,0,0,0,1,0,0,0,0,0,0,0,1,0,0
8158,rush,1991.0,0,0,0,0,0,0,1,0,1,0,0,0,0,0,0,0,0,0,0,0
8167,captain blood,1935.0,0,1,1,0,0,0,0,0,0,0,0,0,0,0,0,1,0,0,0,0
8169,batteries not included,1987.0,0,0,0,0,1,1,0,0,0,1,0,0,0,0,0,0,1,0,0,0
8183,educating rita,1983.0,0,0,0,0,0,1,0,0,1,0,0,0,0,0,0,0,0,0,0,0
8188,sansho the bailiff sanshô dayû,1954.0,0,0,0,0,0,0,0,0,1,0,0,0,0,0,0,0,0,0,0,0
8189,zazie dans le métro,1960.0,0,0,0,0,0,1,0,0,0,0,0,0,0,0,0,0,0,0,0,0
8190,americanization of emily the,1964.0,0,0,0,0,0,1,0,0,1,0,0,0,0,0,0,0,0,0,1,0
8191,anne of the thousand days,1969.0,0,0,0,0,0,0,0,0,1,0,0,0,0,0,0,0,0,0,0,0
8195,avventura l adventure the,1960.0,0,0,0,0,0,0,0,0,1,0,0,0,0,0,1,1,0,0,0,0
8196,beyond the valley of the dolls,1970.0,0,0,0,0,0,1,0,0,0,0,0,1,0,0,0,0,0,0,0,0
8197,hiroshima mon amour,1959.0,0,0,0,0,0,0,0,0,1,0,0,0,0,0,0,1,0,0,1,0
8199,ugetsu ugetsu monogatari,1953.0,0,0,0,0,0,0,0,0,1,0,0,0,0,0,0,0,0,1,0,0
8207,day of the jackal the,1973.0,0,0,0,0,0,0,1,0,0,0,0,0,0,0,0,0,0,1,0,0
8225,night of the living dead,1990.0,0,0,0,0,0,0,0,0,0,0,0,1,0,0,0,0,0,0,0,0
8228,maltese falcon the aka dangerous female,1931.0,0,0,0,0,0,0,0,0,0,0,0,0,0,0,1,0,0,0,0,0
8232,i love you again,1940.0,0,0,0,0,0,1,0,0,1,0,0,0,0,0,0,0,0,0,0,0
8235,safety last,1923.0,0,1,0,0,0,1,0,0,0,0,0,0,0,0,0,1,0,0,0,0
8236,while the city sleeps,1956.0,0,0,0,0,0,0,0,0,1,0,1,0,0,0,0,0,0,0,0,0
8238,little murders,1971.0,0,0,0,0,0,1,1,0,0,0,0,0,0,0,0,0,0,0,0,0
8239,viridiana,1961.0,0,0,0,0,0,1,0,0,1,0,0,0,0,0,0,0,0,0,0,0
8241,masterminds,1997.0,0,1,0,0,0,1,0,0,0,0,0,0,0,0,0,0,0,1,0,0
8253,lupin iii the castle of cagliostro rupan sansei kariosutoro no shiro,1979.0,0,1,1,1,0,1,1,0,0,0,0,0,0,0,1,0,0,0,0,0
8254,arizona dream,1993.0,0,0,0,0,0,1,0,0,1,1,0,0,0,0,0,1,0,0,0,0
8261,3 women three women,1977.0,0,0,0,0,0,0,0,0,1,0,0,0,0,0,0,0,0,0,0,0
8264,grey gardens,1975.0,0,0,0,0,0,0,0,1,0,0,0,0,0,0,0,0,0,0,0,0
8266,purple rain,1984.0,0,0,0,0,0,0,0,0,1,0,0,0,0,1,0,0,0,0,0,0
8268,point of no return,1993.0,0,1,0,0,0,0,0,0,0,0,0,0,0,0,0,0,0,1,0,0
8270,hairdressers husband the le mari de la coiffeuse,1990.0,0,0,0,0,0,1,0,0,1,0,0,0,0,0,0,1,0,0,0,0
8275,college,1927.0,0,0,0,0,0,1,0,0,0,0,0,0,0,0,0,0,0,0,0,0
8290,mitchell,1975.0,0,1,0,0,0,0,1,0,0,0,0,0,0,0,0,0,0,0,0,0
8293,used people,1992.0,0,0,0,0,0,1,0,0,1,0,0,0,0,0,0,0,0,0,0,0
8302,front page the,1931.0,0,0,0,0,0,1,0,0,1,0,0,0,0,0,0,1,0,0,0,0
8327,dolls,2002.0,0,0,0,0,0,0,0,0,1,0,0,0,0,0,0,1,0,0,0,0
8331,man who came to dinner the,1942.0,0,0,0,0,0,1,0,0,0,0,0,0,0,0,0,0,0,0,0,0
8335,make way for tomorrow,1937.0,0,0,0,0,0,0,0,0,1,0,0,0,0,0,0,0,0,0,0,0
8336,major and the minor the,1942.0,0,0,0,0,0,1,0,0,0,0,0,0,0,0,0,1,0,0,0,0
8337,caine mutiny the,1954.0,0,0,0,0,0,0,0,0,1,0,0,0,0,0,0,0,0,0,1,0
8338,black narcissus,1947.0,0,0,0,0,0,0,0,0,1,0,0,0,0,0,0,0,0,0,0,0
8340,escape from alcatraz,1979.0,0,0,0,0,0,0,0,0,1,0,0,0,0,0,0,0,0,1,0,0
8341,oliver twist,1948.0,0,0,1,0,0,0,1,0,1,0,0,0,0,0,0,0,0,0,0,0
8360,shrek 2,2004.0,0,0,1,1,1,1,0,0,0,0,0,0,0,1,0,1,0,0,0,0
8361,day after tomorrow the,2004.0,0,1,1,0,0,0,0,0,1,0,0,0,0,0,0,0,1,1,0,0
8362,raising helen,2004.0,0,0,0,0,0,1,0,0,1,0,0,0,0,0,0,1,0,0,0,0
8363,soul plane,2004.0,0,0,0,0,0,1,0,0,0,0,0,0,0,0,0,0,0,0,0,0
8364,baadasssss how to get the mans foot outta your ass,2003.0,0,0,0,0,0,0,0,0,1,0,0,0,0,0,0,0,0,0,0,0
8366,saved,2004.0,0,0,0,0,0,1,0,0,1,0,0,0,0,0,0,0,0,0,0,0
8368,harry potter and the prisoner of azkaban,2004.0,0,0,1,0,0,0,0,0,0,1,0,0,1,0,0,0,0,0,0,0
8369,mindhunters,2004.0,0,1,0,0,0,0,1,0,0,0,0,1,0,0,1,0,0,1,0,0
8370,blind swordsman zatoichi the zatôichi,2003.0,0,1,0,0,0,1,1,0,1,0,0,0,0,0,0,0,0,0,0,0
8371,chronicles of riddick the,2004.0,0,1,0,0,0,0,0,0,0,0,0,0,0,0,0,0,1,1,0,0
8372,garfield the movie,2004.0,0,0,0,1,1,1,0,0,0,0,0,0,0,0,0,0,0,0,0,0
8373,stepford wives the,2004.0,0,0,0,0,0,1,0,0,0,1,0,0,0,0,0,0,0,1,0,0
8375,hunting of the president the,2004.0,0,0,0,0,0,0,0,1,0,0,0,0,0,0,0,0,0,0,0,0
8376,napoleon dynamite,2004.0,0,0,0,0,0,1,0,0,0,0,0,0,0,0,0,0,0,0,0,0
8378,doctor the,1991.0,0,0,0,0,0,0,0,0,1,0,0,0,0,0,0,0,0,0,0,0
8379,dresser the,1983.0,0,0,0,0,0,0,0,0,1,0,0,0,0,0,0,0,0,0,0,0
8380,father hood,1993.0,0,0,0,0,0,1,0,0,0,0,0,0,0,0,0,0,0,0,0,0
8382,hello again,1987.0,0,0,0,0,0,1,0,0,0,0,0,0,0,0,0,0,0,0,0,0
8383,hope springs,2003.0,0,0,0,0,0,1,0,0,0,0,0,0,0,0,0,1,0,0,0,0
8385,lover come back,1961.0,0,0,0,0,0,1,0,0,0,0,0,0,0,0,0,1,0,0,0,0
8387,police academy mission to moscow,1994.0,0,0,0,0,0,1,1,0,0,0,0,0,0,0,0,0,0,0,0,0
8391,big wednesday,1978.0,0,0,0,0,0,1,0,0,1,0,0,0,0,0,0,0,0,0,0,0
8402,book of love,1990.0,0,0,0,0,0,1,0,0,0,0,0,0,0,0,0,1,0,0,0,0
8405,hour of the wolf vargtimmen,1968.0,0,0,0,0,0,0,0,0,1,0,0,1,0,0,0,0,0,0,0,0
8410,suddenly,1954.0,0,0,0,0,0,0,1,0,1,0,1,0,0,0,0,0,0,0,0,0
8424,divorcee the,1930.0,0,0,0,0,0,0,0,0,1,0,0,0,0,0,0,1,0,0,0,0
8425,meet the applegates,1991.0,0,0,0,0,0,1,0,0,0,0,0,0,0,0,0,0,0,0,0,0
8426,robot carnival roboto kânibauru,1987.0,0,0,0,1,0,1,0,0,1,1,0,0,0,0,0,0,1,0,0,0
8427,americathon,1979.0,0,0,0,0,0,1,0,0,0,0,0,0,0,0,0,0,1,0,0,0
8446,sands of iwo jima,1949.0,0,1,0,0,0,0,0,0,1,0,0,0,0,0,0,1,0,0,1,0
8447,this island earth,1955.0,0,0,0,0,0,0,0,0,0,0,0,0,0,0,0,0,1,0,0,0
8450,anthony adverse,1936.0,0,0,1,0,0,0,0,0,0,0,0,0,0,0,0,1,0,0,0,0
8451,blackboard jungle,1955.0,0,0,0,0,0,0,0,0,1,0,0,0,0,0,0,0,0,0,0,0
8454,luna papa,1999.0,0,0,0,0,0,1,0,0,1,1,0,0,0,0,0,0,0,0,0,0
8456,investigation of a citizen above suspicion indagine su un cittadino al di sopra di ogni sospetto,1970.0,0,0,0,0,0,0,1,0,1,0,0,0,0,0,0,0,0,1,0,0
8458,to each his own,1946.0,0,0,0,0,0,0,0,0,1,0,0,0,0,0,0,0,0,0,0,0
8459,heiress the,1949.0,0,0,0,0,0,0,0,0,1,0,0,0,0,0,0,1,0,0,0,0
8461,dragon seed,1944.0,0,0,0,0,0,0,0,0,1,0,0,0,0,0,0,0,0,0,1,0
8462,executive suite,1954.0,0,0,0,0,0,0,0,0,1,0,0,0,0,0,0,0,0,0,0,0
8463,johnny belinda,1948.0,0,0,0,0,0,0,0,0,1,0,0,0,0,0,0,0,0,0,0,0
8464,super size me,2004.0,0,0,0,0,0,1,0,1,1,0,0,0,0,0,0,0,0,0,0,0
8465,johnny eager,1942.0,0,0,0,0,0,0,1,0,1,0,1,0,0,0,0,1,0,0,0,0
8477,jetée la,1962.0,0,0,0,0,0,0,0,0,0,0,0,0,0,0,0,1,1,0,0,0
8481,northwest passage,1940.0,0,1,1,0,0,0,0,0,1,0,0,0,0,0,0,1,0,1,0,1
8482,picture of dorian gray the,1945.0,0,0,0,0,0,0,0,0,1,1,0,1,0,0,0,0,0,0,0,0
8484,human condition i the ningen no joken i,1959.0,0,0,0,0,0,0,0,0,1,0,0,0,0,0,0,0,0,0,1,0
8487,please dont eat the daisies,1960.0,0,0,0,0,1,1,0,0,0,0,0,0,0,1,0,0,0,0,0,0
8491,white heat,1949.0,0,0,0,0,0,0,1,0,1,0,1,0,0,0,0,0,0,0,0,0
8492,christmas carol a scrooge,1951.0,0,0,0,0,0,0,0,0,1,1,0,0,0,0,0,0,0,0,0,0
8493,memphis belle,1990.0,0,1,0,0,0,0,0,0,1,0,0,0,0,0,0,0,0,0,1,0
8494,cincinnati kid the,1965.0,0,0,0,0,0,0,0,0,1,0,0,0,0,0,0,0,0,0,0,0
8495,animal factory,2000.0,0,0,0,0,0,0,1,0,1,0,0,0,0,0,0,0,0,0,0,0
8500,godzilla vs mechagodzilla gojira tai mekagojira,1974.0,0,1,0,0,0,0,0,0,0,0,0,1,0,0,0,0,1,0,0,0
8501,hitcher the,1986.0,0,1,0,0,0,0,0,0,0,0,0,0,0,0,0,0,0,1,0,0
8502,show boat,1951.0,0,0,0,0,0,0,0,0,1,0,0,0,0,1,0,1,0,0,0,0
8506,fear x,2003.0,0,0,0,0,0,0,0,0,0,0,0,0,0,0,1,0,0,1,0,0
8507,freaks,1932.0,0,0,0,0,0,0,1,0,1,0,0,1,0,0,0,0,0,0,0,0
8511,immigrant the,1917.0,0,0,0,0,0,1,0,0,0,0,0,0,0,0,0,0,0,0,0,0
8512,silent movie,1976.0,0,0,0,0,0,1,0,0,0,0,0,0,0,0,0,0,0,0,0,0
8518,anna christie,1930.0,0,0,0,0,0,0,0,0,1,0,0,0,0,0,0,0,0,0,0,0
8521,dr jekyll and mr hyde,1931.0,0,0,0,0,0,0,0,0,1,0,0,1,0,0,0,0,0,0,0,0
8526,around the world in 80 days,2004.0,0,0,1,0,1,1,0,0,0,0,0,0,0,0,0,0,0,0,0,0
8528,dodgeball a true underdog story,2004.0,0,0,0,0,0,1,0,0,0,0,0,0,0,0,0,0,0,0,0,0
8529,terminal the,2004.0,0,0,0,0,0,1,0,0,1,0,0,0,0,0,0,1,0,0,0,0
8530,dear frankie,2004.0,0,0,0,0,0,0,0,0,1,0,0,0,0,0,0,1,0,0,0,0
8531,white chicks,2004.0,0,1,0,0,0,1,1,0,0,0,0,0,0,0,0,0,0,0,0,0
8532,door in the floor the,2004.0,0,0,0,0,0,0,0,0,1,0,0,0,0,0,0,0,0,0,0,0
8533,notebook the,2004.0,0,0,0,0,0,0,0,0,1,0,0,0,0,0,0,1,0,0,0,0
8534,two brothers deux frères,2004.0,0,0,1,0,1,0,0,0,1,0,0,0,0,0,0,0,0,0,0,0
8535,delovely,2004.0,0,0,0,0,0,0,0,0,1,0,0,0,0,1,0,0,0,0,0,0
8542,day at the races a,1937.0,0,0,0,0,0,1,0,0,0,0,0,0,0,1,0,0,0,0,0,0
8571,bob  carol  ted  alice,1969.0,0,0,0,0,0,1,0,0,1,0,0,0,0,0,0,0,0,0,0,0
8574,claymation christmas celebration a,1987.0,0,0,0,1,1,1,0,0,0,0,0,0,0,1,0,0,0,0,0,0
8575,happenstance battement dailes du papillon le,2001.0,0,0,0,0,0,1,0,0,1,0,0,0,0,0,0,0,0,0,0,0
8577,comandante,2003.0,0,0,0,0,0,0,0,1,0,0,0,0,0,0,0,0,0,0,0,0
8578,undead,2003.0,0,1,0,0,0,1,0,0,0,0,0,1,0,0,0,0,1,0,0,0
8580,into the woods,1991.0,0,0,1,0,0,1,0,0,0,1,0,0,0,1,0,0,0,0,0,0
8581,pirates of silicon valley,1999.0,0,0,0,0,0,0,0,1,1,0,0,0,0,0,0,0,0,0,0,0
8582,manufacturing consent noam chomsky and the media,1992.0,0,0,0,0,0,0,0,1,0,0,0,0,0,0,0,0,0,0,1,0
8587,mayor of the sunset strip,2003.0,0,0,0,0,0,0,0,1,0,0,0,0,0,0,0,0,0,0,0,0
8588,killing me softly,2002.0,0,0,0,0,0,0,0,0,1,0,0,0,0,0,1,1,0,1,0,0
8591,philadelphia experiment the,1984.0,0,0,1,0,0,0,0,0,1,0,0,0,0,0,0,0,1,0,0,0
8593,juice,1992.0,0,1,0,0,0,0,1,0,1,0,0,0,0,0,0,0,0,1,0,0
8596,revenge of the pink panther,1978.0,0,0,0,0,0,1,1,0,0,0,0,0,0,0,0,0,0,0,0,0
8600,angels with dirty faces,1938.0,0,0,0,0,0,0,1,0,1,0,1,0,0,0,0,0,0,1,0,0
8601,zero de conduite zero for conduct zéro de conduite jeunes diables au collège,1933.0,0,0,0,0,0,1,0,0,1,0,0,0,0,0,0,0,0,0,0,0
8604,taxi,1998.0,0,1,0,0,0,1,0,0,0,0,0,0,0,0,0,0,0,0,0,0
8605,taxi 3,2003.0,0,1,0,0,0,1,0,0,0,0,0,0,0,0,0,0,0,0,0,0
8607,tokyo godfathers,2003.0,0,0,1,1,0,0,0,0,1,0,0,0,0,0,0,0,0,0,0,0
8609,our hospitality,1923.0,0,0,0,0,0,1,0,0,0,0,0,0,0,0,0,0,0,0,0,0
8610,all of me,1984.0,0,0,0,0,0,1,0,0,0,1,0,0,0,0,0,0,0,0,0,0
8611,farmers daughter the,1947.0,0,0,0,0,0,1,0,0,0,0,0,0,0,0,0,0,0,0,0,0
8614,overboard,1987.0,0,0,0,0,0,1,0,0,0,0,0,0,0,0,0,1,0,0,0,0
8617,butterfield 8,1960.0,0,0,0,0,0,0,0,0,1,0,0,0,0,0,0,0,0,0,0,0
8620,exterminating angel the ángel exterminador el,1962.0,0,0,0,0,0,1,0,0,1,1,0,0,0,0,1,0,0,0,0,0
8622,fahrenheit 911,2004.0,0,0,0,0,0,0,0,1,0,0,0,0,0,0,0,0,0,0,0,0
8623,roxanne,1987.0,0,0,0,0,0,1,0,0,0,0,0,0,0,0,0,1,0,0,0,0
8626,dr terrors house of horrors,1965.0,0,0,0,0,0,0,0,0,0,0,0,1,0,0,0,0,1,0,0,0
8632,secret society,2002.0,0,0,0,0,0,1,0,0,0,0,0,0,0,0,0,0,0,0,0,0
8633,last starfighter the,1984.0,0,1,1,0,0,1,0,0,0,0,0,0,0,0,0,0,1,0,0,0
8636,spiderman 2,2004.0,0,1,1,0,0,0,0,0,0,0,0,0,1,0,0,0,1,0,0,0
8638,before sunset,2004.0,0,0,0,0,0,0,0,0,1,0,0,0,0,0,0,1,0,0,0,0
8640,king arthur,2004.0,0,1,1,0,0,0,0,0,1,0,0,0,0,0,0,0,0,0,1,0
8641,anchorman the legend of ron burgundy,2004.0,0,0,0,0,0,1,0,0,0,0,0,0,0,0,0,0,0,0,0,0
8643,cinderella story a,2004.0,0,0,0,0,0,1,0,0,0,0,0,0,0,0,0,1,0,0,0,0
8644,i robot,2004.0,0,1,1,0,0,0,0,0,0,0,0,0,0,0,0,0,1,1,0,0
8645,maria full of grace maria llena eres de gracia,2004.0,0,0,0,0,0,0,1,0,1,0,0,0,0,0,0,0,0,0,0,0
8650,long days journey into night,1962.0,0,0,0,0,0,0,0,0,1,0,0,0,0,0,0,0,0,0,0,0
8656,short film about killing a krótki film o zabijaniu,1988.0,0,0,0,0,0,0,1,0,1,0,0,0,0,0,0,0,0,0,0,0
8665,bourne supremacy the,2004.0,0,1,0,0,0,0,1,0,0,0,0,0,0,0,0,0,0,1,0,0
8666,catwoman,2004.0,0,1,0,0,0,0,1,0,0,1,0,0,0,0,0,0,0,0,0,0
8667,a home at the end of the world,2004.0,0,0,0,0,0,0,0,0,1,0,0,0,0,0,0,1,0,0,0,0
8670,testament of dr mabuse the das testament des dr mabuse,1933.0,0,0,0,0,0,0,1,0,0,0,0,1,0,0,1,0,0,1,0,0
8677,flash gordon conquers the universe,1940.0,0,1,0,0,0,0,0,0,0,0,0,0,0,0,0,0,1,0,0,0
8684,man escaped a un  condamné à mort sest échappé ou le vent souffle où il veut,1956.0,0,0,1,0,0,0,0,0,1,0,0,0,0,0,0,0,0,0,0,0
8685,miracle of marcelino the marcelino pan y vino,1955.0,0,0,0,0,0,1,0,0,1,0,0,0,0,0,0,0,0,0,0,0
8690,slaughterhousefive,1972.0,0,0,0,0,0,1,0,0,1,0,0,0,0,0,0,0,1,0,1,0
8695,bachelor and the bobbysoxer the,1947.0,0,0,0,0,0,1,0,0,0,0,0,0,0,0,0,0,0,0,0,0
8711,mr blandings builds his dream house,1948.0,0,0,0,0,0,1,0,0,0,0,0,0,0,0,0,0,0,0,0,0
8712,my favorite wife,1940.0,0,0,0,0,0,1,0,0,0,0,0,0,0,0,0,1,0,0,0,0
8713,new adventures of pippi longstocking the,1988.0,0,0,1,0,1,0,0,0,0,1,0,0,0,1,0,0,0,0,0,0
8714,night and day,1946.0,0,0,0,0,0,0,0,0,1,0,0,0,0,1,0,0,0,0,0,0
8718,snake pit the,1948.0,0,0,0,0,0,0,0,0,1,0,0,0,0,0,0,0,0,0,0,0
8720,super the,1991.0,0,0,0,0,0,1,0,0,0,0,0,0,0,0,0,0,0,0,0,0
8724,leopard the gattopardo il,1963.0,0,0,0,0,0,0,0,0,1,0,0,0,0,0,0,0,0,0,1,0
8727,day of the locust the,1975.0,0,0,0,0,0,0,0,0,1,0,0,0,0,0,0,0,0,0,0,0
8730,to end all wars,2001.0,0,1,0,0,0,0,0,0,1,0,0,0,0,0,0,0,0,0,1,0
8738,woman is a woman a femme est une femme une,1961.0,0,0,0,0,0,1,0,0,1,0,0,0,0,1,0,1,0,0,0,0
8743,biggles,1986.0,0,0,1,0,0,0,0,0,0,1,0,0,0,0,0,0,1,0,0,0
8748,yesterday today and tomorrow ieri oggi domani,1963.0,0,0,0,0,0,1,0,0,0,0,0,0,0,0,0,0,0,0,0,0
8753,unprecedented the 2000 presidential election,2002.0,0,0,0,0,0,0,0,1,0,0,0,0,0,0,0,0,0,0,0,0
8754,prime of miss jean brodie the,1969.0,0,0,0,0,0,0,0,0,1,0,0,0,0,0,0,0,0,0,0,0
8755,my voyage to italy il mio viaggio in italia,1999.0,0,0,0,0,0,0,0,1,0,0,0,0,0,0,0,0,0,0,0,0
8765,this gun for hire,1942.0,0,0,0,0,0,0,1,0,0,0,1,0,0,0,0,0,0,1,0,0
8771,sherlock holmes terror by night,1946.0,0,0,0,0,0,0,1,0,0,0,0,0,0,0,1,0,0,1,0,0
8772,spy who came in from the cold the,1965.0,0,0,0,0,0,0,0,0,1,0,0,0,0,0,0,0,0,1,0,0
8773,sherlock holmes and the secret weapon,1942.0,0,0,0,0,0,0,1,0,0,0,0,0,0,0,1,0,0,1,0,0
8774,sherlock holmes the woman in green,1945.0,0,0,0,0,0,0,0,0,0,0,0,0,0,0,1,0,0,0,0,0
8778,sherlock holmes dressed to kill,1946.0,0,0,0,0,0,0,1,0,0,0,0,0,0,0,1,0,0,0,0,0
8781,manchurian candidate the,2004.0,0,0,0,0,0,0,0,0,0,0,0,0,0,0,0,0,0,1,0,0
8782,thunderbirds,2004.0,0,1,1,0,0,0,0,0,0,1,0,0,0,0,0,0,1,0,0,0
8783,village the,2004.0,0,0,0,0,0,0,0,0,1,0,0,0,0,0,1,0,0,1,0,0
8784,garden state,2004.0,0,0,0,0,0,1,0,0,1,0,0,0,0,0,0,1,0,0,0,0
8795,musa the warrior musa,2001.0,0,1,1,0,0,0,0,0,1,0,0,0,0,0,0,0,0,0,1,0
8796,funny thing happened on the way to the forum a,1966.0,0,0,0,0,0,1,0,0,0,0,0,0,0,1,0,0,0,0,0,0
8798,collateral,2004.0,0,1,0,0,0,0,1,0,1,0,0,0,0,0,0,0,0,1,0,0
8799,little black book,2004.0,0,0,0,0,0,1,0,0,0,0,0,0,0,0,0,1,0,0,0,0
8800,code 46,2003.0,0,0,0,0,0,0,0,0,0,0,0,0,0,0,0,1,1,0,0,0
8804,story of women affaire de femmes une,1988.0,0,0,0,0,0,0,0,0,1,0,0,0,0,0,0,0,0,0,0,0
8807,harold and kumar go to white castle,2004.0,0,0,1,0,0,1,0,0,0,0,0,0,0,0,0,0,0,0,0,0
8808,princess diaries 2 royal engagement the,2004.0,0,0,0,0,0,1,0,0,0,0,0,0,0,0,0,1,0,0,0,0
8809,danny deckchair,2003.0,0,0,0,0,0,1,0,0,0,0,0,0,0,0,0,1,0,0,0,0
8810,avp alien vs predator,2004.0,0,1,0,0,0,0,0,0,0,0,0,1,0,0,0,0,1,1,0,0
8813,we dont live here anymore,2004.0,0,0,0,0,0,0,0,0,1,0,0,0,0,0,0,0,0,0,0,0
8814,without a paddle,2004.0,0,0,0,0,0,1,0,0,0,0,0,0,0,0,0,0,0,0,0,0
8815,exorcist the beginning,2004.0,0,0,0,0,0,0,0,0,0,0,0,1,0,0,0,0,0,1,0,0
8827,bill cosby himself,1983.0,0,0,0,0,0,1,0,1,0,0,0,0,0,0,0,0,0,0,0,0
8830,anacondas the hunt for the blood orchid,2004.0,0,0,1,0,0,0,0,0,1,0,0,1,0,0,0,0,1,1,0,0
8831,suspect zero,2004.0,0,0,0,0,0,0,1,0,0,0,0,0,0,0,0,0,0,1,0,0
8832,warriors of heaven and earth tian di ying xiong,2003.0,0,1,1,0,0,0,0,0,1,0,0,0,0,0,0,0,0,0,0,0
8833,vanity fair,2004.0,0,0,0,0,0,0,0,0,1,0,0,0,0,0,0,1,0,0,0,0
8835,paparazzi,2004.0,0,0,0,0,0,0,0,0,1,0,0,0,0,0,0,0,0,1,0,0
8836,wicker park,2004.0,0,0,0,0,0,0,0,0,1,0,0,0,0,0,0,1,0,1,0,0
8838,alice doesnt live here anymore,1974.0,0,0,0,0,0,0,0,0,1,0,0,0,0,0,0,1,0,0,0,0
8840,whos that knocking at my door,1967.0,0,0,0,0,0,0,0,0,1,0,0,0,0,0,0,0,0,0,0,0
8844,camera buff amator,1979.0,0,0,0,0,0,0,0,0,1,0,0,0,0,0,0,0,0,0,0,0
8848,vitelloni i aka the young and the passionate,1953.0,0,0,0,0,0,0,0,0,1,0,0,0,0,0,0,0,0,0,0,0
8860,cellular,2004.0,0,1,0,0,0,0,1,0,1,0,0,0,0,0,1,0,0,1,0,0
8861,resident evil apocalypse,2004.0,0,1,0,0,0,0,0,0,0,0,0,1,0,0,0,0,1,1,0,0
8864,mr 3000,2004.0,0,0,0,0,0,1,0,0,1,0,0,0,0,0,0,0,0,0,0,0
8865,sky captain and the world of tomorrow,2004.0,0,1,1,0,0,0,0,0,0,0,0,0,0,0,0,0,1,0,0,0
8866,wimbledon,2004.0,0,0,0,0,0,1,0,0,0,0,0,0,0,0,0,1,0,0,0,0
8869,first daughter,2004.0,0,0,0,0,0,1,0,0,0,0,0,0,0,0,0,1,0,0,0,0
8870,forgotten the,2004.0,0,0,0,0,0,0,0,0,1,0,0,0,0,0,1,0,1,1,0,0
8873,motorcycle diaries the diarios de motocicleta,2004.0,0,0,1,0,0,0,0,0,1,0,0,0,0,0,0,0,0,0,0,0
8874,shaun of the dead,2004.0,0,0,0,0,0,1,0,0,0,0,0,1,0,0,0,0,0,0,0,0
8875,come back little sheba,1952.0,0,0,0,0,0,0,0,0,1,0,0,0,0,0,0,0,0,0,0,0
8879,murder on the orient express,1974.0,0,0,0,0,0,0,1,0,0,0,0,0,0,0,1,0,0,1,0,0
8880,mask,1985.0,0,0,0,0,0,0,0,0,1,0,0,0,0,0,0,0,0,0,0,0
8894,orca the killer whale,1977.0,0,1,0,0,0,0,0,0,1,0,0,1,0,0,0,0,0,1,0,0
8905,1492 conquest of paradise,1992.0,0,0,1,0,0,0,0,0,1,0,0,0,0,0,0,0,0,0,0,0
8906,cannibal holocaust,1980.0,0,0,0,0,0,0,0,0,0,0,0,1,0,0,0,0,0,0,0,0
8907,shark tale,2004.0,0,0,0,1,1,1,0,0,0,0,0,0,0,0,0,0,0,0,0,0
8908,ladder 49,2004.0,0,1,0,0,0,0,0,0,1,0,0,0,0,0,0,0,0,1,0,0
8910,i heart huckabees,2004.0,0,0,0,0,0,1,0,0,0,0,0,0,0,0,0,0,0,0,0,0
8911,raise your voice,2004.0,0,0,0,0,0,0,0,0,0,0,0,0,0,0,0,1,0,0,0,0
8912,taxi,2004.0,0,1,0,0,0,1,0,0,0,0,0,0,0,0,0,0,0,0,0,0
8914,primer,2004.0,0,0,0,0,0,0,0,0,1,0,0,0,0,0,0,0,1,0,0,0
8915,stage beauty,2004.0,0,0,0,0,0,0,0,0,1,0,0,0,0,0,0,0,0,0,0,0
8916,shall we dance,2004.0,0,0,0,0,0,1,0,0,0,0,0,0,0,0,0,1,0,0,0,0
8917,team america world police,2004.0,0,1,1,1,0,1,0,0,0,0,0,0,0,0,0,0,0,0,0,0
8918,eulogy,2004.0,0,0,0,0,0,1,1,0,1,0,0,0,0,0,0,0,0,0,0,0
8919,ps,2004.0,0,0,0,0,0,1,0,0,1,1,0,0,0,0,0,1,0,0,0,0
8920,country girl the,1954.0,0,0,0,0,0,0,0,0,1,0,0,0,0,0,0,0,0,0,0,0
8921,rose tattoo the,1955.0,0,0,0,0,0,0,0,0,1,0,0,0,0,0,0,1,0,0,0,0
8928,fearless vampire killers the,1967.0,0,0,0,0,0,1,0,0,0,0,0,1,0,0,0,0,0,0,0,0
8933,decline of the american empire the déclin de lempire américain le,1986.0,0,0,0,0,0,1,0,0,1,0,0,0,0,0,0,0,0,0,0,0
8934,bebes kids,1992.0,0,0,0,1,1,1,0,0,0,0,0,0,0,0,0,0,0,0,0,0
8937,friday night lights,2004.0,0,1,0,0,0,0,0,0,1,0,0,0,0,0,0,0,0,0,0,0
8938,tarnation,2003.0,0,0,0,0,0,0,0,1,0,0,0,0,0,0,0,0,0,0,0,0
8939,final cut the,2004.0,0,0,0,0,0,0,0,0,0,0,0,0,0,0,0,0,1,1,0,0
8943,being julia,2004.0,0,0,0,0,0,1,0,0,1,0,0,0,0,0,0,0,0,0,0,0
8946,surviving christmas,2004.0,0,0,0,0,0,1,0,0,0,0,0,0,0,0,0,0,0,0,0,0
8947,grudge the,2004.0,0,0,0,0,0,0,0,0,0,0,0,1,0,0,1,0,0,1,0,0
8948,alfie,2004.0,0,0,0,0,0,1,0,0,1,0,0,0,0,0,0,1,0,0,0,0
8949,sideways,2004.0,0,0,0,0,0,1,0,0,1,0,0,0,0,0,0,1,0,0,0,0
8950,the machinist,2004.0,0,0,0,0,0,0,0,0,1,0,0,0,0,0,1,0,0,1,0,0
8951,vera drake,2004.0,0,0,0,0,0,0,0,0,1,0,0,0,0,0,0,0,0,0,0,0
8952,falling angels,2003.0,0,0,0,0,0,0,0,0,1,0,0,0,0,0,0,0,0,0,0,0
8954,lightning in a bottle,2004.0,0,0,0,0,0,0,0,1,0,0,0,0,0,0,0,0,0,0,0,0
8955,undertow,2004.0,0,0,0,0,0,0,1,0,1,0,0,0,0,0,0,0,0,1,0,0
8957,saw,2004.0,0,0,0,0,0,0,0,0,0,0,0,1,0,0,1,0,0,1,0,0
8958,ray,2004.0,0,0,0,0,0,0,0,0,1,0,0,0,0,0,0,0,0,0,0,0
8959,birth,2004.0,0,0,0,0,0,0,0,0,1,0,0,0,0,0,1,0,0,0,0,0
8961,incredibles the,2004.0,0,1,1,1,1,1,0,0,0,0,0,0,0,0,0,0,0,0,0,0
8964,callas forever,2002.0,0,0,0,0,0,0,0,0,1,0,0,0,0,0,0,0,0,0,0,0
8965,polar express the,2004.0,0,0,1,1,1,0,0,0,0,1,0,0,1,0,0,0,0,0,0,0
8966,kinsey,2004.0,0,0,0,0,0,0,0,0,1,0,0,0,0,0,0,0,0,0,0,0
8967,seed of chucky childs play 5,2004.0,0,0,0,0,0,1,0,0,0,0,0,1,0,0,0,0,0,0,0,0
8968,after the sunset,2004.0,0,1,1,0,0,1,1,0,0,0,0,0,0,0,0,0,0,1,0,0
8969,bridget jones the edge of reason,2004.0,0,0,0,0,0,1,0,0,1,0,0,0,0,0,0,1,0,0,0,0
8970,finding neverland,2004.0,0,0,0,0,0,0,0,0,1,0,0,0,0,0,0,0,0,0,0,0
8972,national treasure,2004.0,0,1,1,0,0,0,0,0,1,0,0,0,0,0,1,0,0,1,0,0
8973,bad education la mala educación,2004.0,0,0,0,0,0,0,0,0,1,0,0,0,0,0,0,0,0,1,0,0
8974,spongebob squarepants movie the,2004.0,0,0,1,1,1,1,0,0,0,0,0,0,0,0,0,0,0,0,0,0
8977,alexander,2004.0,0,1,1,0,0,0,0,0,1,0,0,0,0,0,0,0,0,0,1,0
8978,christmas with the kranks,2004.0,0,0,0,0,1,1,0,0,0,0,0,0,0,0,0,0,0,0,0,0
8979,guerrilla the taking of patty hearst,2004.0,0,0,0,0,0,0,0,1,0,0,0,0,0,0,0,0,0,0,0,0
8981,closer,2004.0,0,0,0,0,0,0,0,0,1,0,0,0,0,0,0,1,0,0,0,0
8982,i am david,2003.0,0,0,0,0,0,0,0,0,1,0,0,0,0,0,0,0,0,0,0,0
8983,house of flying daggers shi mian mai fu,2004.0,0,1,0,0,0,0,0,0,1,0,0,0,0,0,0,1,0,0,0,0
8984,oceans twelve,2004.0,0,1,0,0,0,1,1,0,0,0,0,0,0,0,0,0,0,1,0,0
8985,blade trinity,2004.0,0,1,0,0,0,0,0,0,0,1,0,1,0,0,0,0,0,1,0,0
8987,bushs brain,2004.0,0,0,0,0,0,0,0,1,0,0,0,0,0,0,0,0,0,0,0,0
8989,damn yankees,1958.0,0,0,0,0,0,1,0,0,0,0,0,0,0,1,0,0,0,0,0,0
8998,thats entertainment,1974.0,0,0,0,0,0,0,0,1,0,0,0,0,0,0,0,0,0,0,0,0
9004,daryl,1985.0,0,0,1,0,1,0,0,0,0,0,0,0,0,0,0,0,1,0,0,0
9005,fire in the sky,1993.0,0,0,0,0,0,0,0,0,1,0,0,0,0,0,1,0,1,0,0,0
9008,invisible man returns the,1940.0,0,0,0,0,0,0,0,0,0,0,0,1,0,0,0,0,1,0,0,0
9010,love me if you dare jeux denfants,2003.0,0,0,0,0,0,0,0,0,1,0,0,0,0,0,0,1,0,0,0,0
9018,control room,2004.0,0,0,0,0,0,0,0,1,0,0,0,0,0,0,0,0,0,0,1,0
25746,hunchback of notre dame the,1923.0,0,0,0,0,0,0,0,0,1,0,0,1,0,0,0,0,0,0,0,0
25750,sherlock jr,1924.0,0,0,0,0,0,1,0,0,0,1,0,0,0,0,0,1,0,0,0,0
25752,freshman the,1925.0,0,0,0,0,0,1,0,0,0,0,0,0,0,0,0,0,0,0,0,0
25753,greed,1924.0,0,0,0,0,0,0,0,0,1,0,0,0,0,0,0,0,0,0,0,0
25757,jazz singer the,1927.0,0,0,0,0,0,0,0,0,1,0,0,0,0,1,0,1,0,0,0,0
25769,steamboat bill jr,1928.0,0,0,0,0,0,1,0,0,0,0,0,0,0,0,0,1,0,0,0,0
25771,andalusian dog an chien andalou un,1929.0,0,0,0,0,0,0,0,0,0,1,0,0,0,0,0,0,0,0,0,0
25773,little caesar,1931.0,0,0,0,0,0,0,1,0,1,0,0,0,0,0,0,0,0,0,0,0
25782,boudu saved from drowning boudu sauvé des eaux,1932.0,0,0,0,0,0,1,0,0,0,0,0,0,0,0,0,0,0,0,0,0
25788,scarface,1932.0,0,0,0,0,0,0,1,0,1,0,0,0,0,0,0,0,0,0,0,0
25795,dinner at eight,1933.0,0,0,0,0,0,1,0,0,1,0,0,0,0,0,0,1,0,0,0,0
25797,gold diggers of 1933,1933.0,0,0,0,0,0,0,0,0,0,0,0,0,0,1,0,0,0,0,0,0
25805,atalante l,1934.0,0,0,0,0,0,1,0,0,1,0,0,0,0,0,0,1,0,0,0,0
25825,fury,1936.0,0,0,0,0,0,0,0,0,1,0,1,0,0,0,0,0,0,0,0,0
25826,libeled lady,1936.0,0,0,0,0,0,1,0,0,0,0,0,0,0,0,0,1,0,0,0,0
25827,mr deeds goes to town,1936.0,0,0,0,0,0,1,0,0,0,0,0,0,0,0,0,1,0,0,0,0
25833,camille,1936.0,0,0,0,0,0,0,0,0,1,0,0,0,0,0,0,1,0,0,0,0
25834,captains courageous,1937.0,0,0,1,0,0,0,0,0,1,0,0,0,0,0,0,0,0,0,0,0
25841,stage door,1937.0,0,0,0,0,0,0,0,0,1,0,0,0,0,0,0,0,0,0,0,0
25850,holiday,1938.0,0,0,0,0,0,1,0,0,1,0,0,0,0,0,0,1,0,0,0,0
25855,roaring twenties the,1939.0,0,0,0,0,0,0,1,0,1,0,0,0,0,0,0,0,0,1,0,0
25856,wuthering heights,1939.0,0,0,0,0,0,0,0,0,1,0,0,0,0,0,0,1,0,0,0,0
25865,letter the,1940.0,0,0,0,0,0,0,0,0,1,0,1,0,0,0,0,0,0,0,0,0
25870,here comes mr jordan,1941.0,0,0,0,0,0,1,0,0,0,1,0,0,0,0,0,1,0,0,0,0
25886,random harvest,1942.0,0,0,0,0,0,0,0,0,1,0,0,0,0,0,0,1,0,0,0,0
25887,tales of manhattan,1942.0,0,0,0,0,0,1,0,0,1,0,0,0,0,0,0,0,0,0,0,0
25898,day of wrath vredens dag,1943.0,0,0,0,0,0,0,0,0,1,0,0,0,0,0,0,0,0,0,0,0
25905,miracle of morgans creek the,1944.0,0,0,0,0,0,1,0,0,0,0,0,0,0,0,0,1,0,0,0,0
25906,mr skeffington,1944.0,0,0,0,0,0,0,0,0,1,0,0,0,0,0,0,1,0,0,0,0
25923,great expectations,1946.0,0,0,0,0,0,0,0,0,1,0,0,0,0,0,0,0,0,0,0,0
25927,stranger the,1946.0,0,0,0,0,0,0,0,0,1,0,1,0,0,0,0,0,0,1,0,0
25937,easter parade,1948.0,0,0,0,0,0,0,0,0,0,0,0,0,0,1,0,1,0,0,0,0
25940,lady from shanghai the,1947.0,0,0,0,0,0,0,0,0,1,0,1,0,0,0,1,0,0,0,0,0
25946,three musketeers the,1948.0,0,1,1,0,0,0,0,0,1,0,0,0,0,0,0,1,0,0,0,0
25947,unfaithfully yours,1948.0,0,0,0,0,0,1,0,0,0,0,0,0,0,0,0,0,0,0,0,0
25952,letter to three wives a,1949.0,0,0,0,0,0,1,0,0,1,0,0,0,0,0,0,0,0,0,0,0
25959,annie get your gun,1950.0,0,0,0,0,0,1,0,0,0,0,0,0,0,1,0,1,0,0,0,1
25962,king solomons mines,1950.0,0,1,1,0,0,0,0,0,0,0,0,0,0,0,0,1,0,0,0,0
25963,young and the damned the olvidados los,1950.0,0,0,0,0,0,0,1,0,1,0,0,0,0,0,0,0,0,0,0,0
25996,star is born a,1954.0,0,0,0,0,0,0,0,0,1,0,0,0,0,1,0,0,0,0,0,0
25999,the wild one,1953.0,0,0,0,0,0,0,0,0,1,0,0,0,0,0,0,0,0,0,0,0
26002,confidential report,1955.0,0,0,0,0,0,0,1,0,1,0,0,0,0,0,1,0,0,1,0,0
26003,night and fog nuit et brouillard,1955.0,0,0,0,0,0,0,1,1,0,0,0,0,0,0,0,0,0,0,1,0
26038,teachers pet,1958.0,0,0,0,0,0,1,0,0,0,0,0,0,0,0,0,1,0,0,0,0
26048,human condition ii the ningen no joken ii,1959.0,0,0,0,0,0,0,0,0,1,0,0,0,0,0,0,0,0,0,1,0
26052,pickpocket,1959.0,0,0,0,0,0,0,1,0,1,0,0,0,0,0,0,0,0,0,0,0
26059,when a woman ascends the stairs onna ga kaidan wo agaru toki,1960.0,0,0,0,0,0,0,0,0,1,0,0,0,0,0,0,0,0,0,0,0
26073,human condition iii the ningen no joken iii,1961.0,0,0,0,0,0,0,0,0,1,0,0,0,0,0,0,0,0,0,1,0
26078,advise and consent,1962.0,0,0,0,0,0,0,0,0,1,0,0,0,0,0,0,0,0,0,0,0
26082,harakiri seppuku,1962.0,0,0,0,0,0,0,0,0,1,0,0,0,0,0,0,0,0,0,0,0
26084,music man the,1962.0,0,0,0,0,1,1,0,0,0,0,0,0,0,1,0,1,0,0,0,0
26085,mutiny on the bounty,1962.0,0,0,1,0,0,0,0,0,1,0,0,0,0,0,0,1,0,0,0,0
26095,carabineers the carabiniers les,1963.0,0,0,0,0,0,1,0,0,1,0,0,0,0,0,0,0,0,0,1,0
26116,hush hush sweet charlotte,1964.0,0,0,0,0,0,0,0,0,0,0,0,1,0,0,0,0,0,1,0,0
26122,onibaba,1964.0,0,0,0,0,0,0,0,0,1,0,0,1,0,0,0,0,0,0,1,0
26124,robinson crusoe on mars,1964.0,0,0,0,0,0,0,0,0,0,0,0,0,0,0,0,0,1,0,0,0
26131,battle of algiers the la battaglia di algeri,1966.0,0,0,0,0,0,0,0,0,1,0,0,0,0,0,0,0,0,0,1,0
26133,charlie brown christmas a,1965.0,0,0,0,1,1,1,0,0,0,0,0,0,0,0,0,0,0,0,0,0
26142,major dundee,1965.0,0,0,1,0,0,0,0,0,0,0,0,0,0,0,0,0,0,0,1,1
26147,thousand clowns a,1965.0,0,0,0,0,0,1,0,0,1,0,0,0,0,0,0,1,0,0,0,0
26150,andrei rublev andrey rublyov,1969.0,0,0,0,0,0,0,0,0,1,0,0,0,0,0,0,0,0,0,1,0
26151,au hasard balthazar,1966.0,0,0,0,0,0,0,1,0,1,0,0,0,0,0,0,0,0,0,0,0
26152,batman,1966.0,0,1,1,0,0,1,0,0,0,0,0,0,0,0,0,0,0,0,0,0
26158,closely watched trains ostre sledované vlaky,1966.0,0,0,0,0,0,1,0,0,1,0,0,0,0,0,0,0,0,0,1,0
26159,tokyo drifter tôkyô nagaremono,1966.0,0,1,0,0,0,0,1,0,1,0,0,0,0,0,0,0,0,0,0,0
26169,branded to kill koroshi no rakuin,1967.0,0,1,0,0,0,0,1,0,1,0,0,0,0,0,0,0,0,0,0,0
26171,play time aka playtime,1967.0,0,0,0,0,0,1,0,0,0,0,0,0,0,0,0,0,0,0,0,0
26172,point blank,1967.0,0,1,0,0,0,0,1,0,1,0,0,0,0,0,0,0,0,1,0,0
26176,titicut follies,1967.0,0,0,0,0,0,0,0,1,1,0,0,0,0,0,0,0,0,0,0,0
26183,asterix and cleopatra astérix et cléopâtre,1968.0,0,1,1,1,1,1,0,0,0,0,0,0,0,0,0,0,0,0,0,0
26184,diamond arm the brilliantovaya ruka,1968.0,0,1,1,0,0,1,1,0,0,0,0,0,0,0,0,0,0,1,0,0
26195,sympathy for the devil,1968.0,0,0,0,0,0,0,0,1,0,0,0,0,0,1,0,0,0,0,0,0
26198,yours mine and ours,1968.0,0,0,0,0,1,1,0,0,0,0,0,0,0,0,0,0,0,0,0,0
26225,claires knee genou de claire le,1970.0,0,0,0,0,0,1,0,0,0,0,0,0,0,0,0,1,0,0,0,0
26231,performance,1970.0,0,0,0,0,0,0,1,0,1,0,0,0,0,0,0,0,0,1,0,0
26236,white sun of the desert the beloe solntse pustyni,1970.0,0,1,1,0,0,1,0,0,1,0,0,0,0,0,0,1,0,0,1,0
26237,zabriskie point,1970.0,0,0,0,0,0,0,0,0,1,0,0,0,0,0,0,1,0,0,0,0
26242,duel,1971.0,0,1,0,0,0,0,0,0,0,0,0,0,0,0,1,0,0,1,0,0
26249,they call me trinity,1971.0,0,0,0,0,0,1,0,0,0,0,0,0,0,0,0,0,0,0,0,1
26258,topo el,1970.0,0,0,0,0,0,0,0,0,0,1,0,0,0,0,0,0,0,0,0,1
26265,dr phibes rises again,1972.0,0,0,1,0,0,1,0,0,0,0,0,1,0,0,0,1,0,0,0,0
26283,charley varrick,1973.0,0,0,0,0,0,0,1,0,1,0,0,0,0,0,0,0,0,1,0,0
26285,dark star,1974.0,0,0,0,0,0,1,0,0,0,0,0,0,0,0,0,0,1,1,0,0
26303,sisters,1973.0,0,0,0,0,0,0,0,0,0,0,0,1,0,0,0,0,0,1,0,0
26308,turkish delight turks fruit,1973.0,0,0,0,0,0,0,0,0,1,0,0,0,0,0,0,1,0,0,0,0
26313,california split,1974.0,0,0,0,0,0,1,0,0,1,0,0,0,0,0,0,0,0,0,0,0
26317,emmanuelle,1974.0,0,0,0,0,0,0,0,0,1,0,0,0,0,0,0,1,0,0,0,0
26322,gone in 60 seconds,1974.0,0,1,0,0,0,0,1,0,1,0,0,0,0,0,0,0,0,0,0,0
26326,holy mountain the montaña sagrada la,1973.0,0,0,0,0,0,0,0,0,1,0,0,0,0,0,0,0,0,0,0,0
26340,twelve tasks of asterix the les douze travaux dastérix,1976.0,0,1,1,1,1,1,0,0,0,1,0,0,0,0,0,0,0,0,0,0
26344,french connection ii,1975.0,0,1,0,0,0,0,1,0,1,0,0,0,0,0,0,0,0,1,0,0
26347,irony of fate or enjoy your bath ironiya sudby ili s legkim parom,1975.0,0,0,0,0,0,1,0,0,1,0,0,0,0,0,0,1,0,0,0,0
26350,passenger the professione reporter,1975.0,0,0,0,0,0,0,0,0,1,0,0,0,0,0,0,0,0,0,0,0
26357,trilogy of terror,1975.0,0,0,0,0,0,0,0,0,0,0,0,1,0,0,0,0,0,1,0,0
26359,1900 novecento,1976.0,0,0,0,0,0,0,0,0,1,0,0,0,0,0,0,0,0,0,1,0
26365,futureworld,1976.0,0,0,0,0,0,0,0,0,0,0,0,0,0,0,0,0,1,1,0,0
26366,harlan county usa,1976.0,0,0,0,0,0,0,0,1,0,0,0,0,0,0,0,0,0,0,0,0
26375,silver streak,1976.0,0,1,0,0,0,1,1,0,0,0,0,0,0,0,0,0,0,0,0,0
26386,high anxiety,1977.0,0,0,0,0,0,1,0,0,0,0,0,0,0,0,0,0,0,1,0,0
26391,new york new york,1977.0,0,0,0,0,0,0,0,0,1,0,0,0,0,1,0,1,0,0,0,0
26394,turning point the,1977.0,0,0,0,0,0,0,0,0,1,0,0,0,0,0,0,1,0,0,0,0
26399,five deadly venoms,1978.0,0,1,0,0,0,0,0,0,0,0,0,0,0,0,0,0,0,0,0,0
26401,last hurrah for chivalry hao xia,1979.0,0,1,0,0,0,0,0,0,1,0,0,0,0,0,0,0,0,0,0,0
26409,clonus horror the,1979.0,0,0,0,0,0,0,0,0,0,0,0,1,0,0,0,0,1,0,0,0
26413,snake in the eagles shadow se ying diu sau,1978.0,0,1,0,0,0,1,0,0,0,0,0,0,0,0,0,0,0,0,0,0
26422,hair,1979.0,0,0,0,0,0,1,0,0,1,0,0,0,0,1,0,0,0,0,0,0
26429,love at first bite,1979.0,0,0,0,0,0,1,0,0,0,0,0,1,0,0,0,1,0,0,0,0
26444,hitch hikers guide to the galaxy the,1981.0,0,0,1,0,0,1,0,0,0,0,0,0,0,0,0,0,1,0,0,0
26453,smileys people,1982.0,0,0,0,0,0,0,0,0,1,0,0,0,0,0,1,0,0,0,0,0
26464,blue thunder,1983.0,0,1,0,0,0,0,1,0,1,0,0,0,0,0,0,0,0,0,0,0
26467,day after the,1983.0,0,0,0,0,0,0,0,0,1,0,0,0,0,0,0,0,1,0,0,0
26471,eddie murphy delirious,1983.0,0,0,0,0,0,1,0,1,0,0,0,0,0,0,0,0,0,0,0,0
26472,norte el,1984.0,0,0,1,0,0,0,0,0,1,0,0,0,0,0,0,0,0,0,0,0
26492,twilight zone the movie,1983.0,0,0,0,0,0,0,0,0,0,1,0,1,0,0,0,0,1,1,0,0
26498,boy meets girl,1984.0,0,0,0,0,0,0,0,0,1,0,0,0,0,0,0,0,0,0,0,0
26504,cloak  dagger,1984.0,0,1,1,0,1,0,1,0,0,0,0,0,0,0,1,0,0,1,0,0
26510,ewok adventure the aka caravan of courage an ewok adventure,1984.0,0,0,1,0,1,0,0,0,0,1,0,0,0,0,0,0,1,0,0,0
26523,silent night deadly night,1984.0,0,0,0,0,0,0,0,0,0,0,0,1,0,0,0,0,0,1,0,0
26524,times of harvey milk the,1984.0,0,0,0,0,0,0,0,1,0,0,0,0,0,0,0,0,0,0,0,0
26527,what have i done to deserve this qué he hecho yo para merecer esto,1984.0,0,0,0,0,0,1,0,0,1,0,0,0,0,0,0,0,0,0,0,0
26528,anne of green gables,1985.0,0,0,0,0,1,0,0,0,1,0,0,0,0,0,0,0,0,0,0,0
26539,death of a salesman,1985.0,0,0,0,0,0,0,0,0,1,0,0,0,0,0,0,0,0,0,0,0
26542,ewoks the battle for endor,1985.0,0,0,1,0,1,0,0,0,0,1,0,0,0,0,0,0,1,0,0,0
26547,police story ging chaat goo si,1985.0,0,1,0,0,0,1,1,0,0,0,0,0,0,0,0,0,0,1,0,0
26554,quiet earth the,1985.0,0,0,0,0,0,0,0,0,1,0,0,0,0,0,1,0,1,0,0,0
26555,spies like us,1985.0,0,0,0,0,0,1,0,0,0,0,0,0,0,0,0,0,0,0,0,0
26562,white nights,1985.0,0,0,0,0,0,0,0,0,1,0,0,0,0,0,0,0,0,0,0,0
26564,round midnight,1986.0,0,0,0,0,0,0,0,0,1,0,0,0,0,1,0,0,0,0,0,0
26567,club paradise,1986.0,0,0,0,0,0,1,0,0,0,0,0,0,0,0,0,0,0,0,0,0
26578,sacrifice the offret  sacraficatio,1986.0,0,0,0,0,0,0,0,0,1,0,0,0,0,0,0,0,0,0,0,0
26585,better tomorrow a ying hung boon sik,1986.0,0,0,0,0,0,0,1,0,1,0,0,0,0,0,0,0,0,1,0,0
26587,decalogue the dekalog,1989.0,0,0,0,0,0,0,1,0,1,0,0,0,0,0,0,1,0,0,0,0
26590,gi joe the movie,1987.0,0,1,1,1,1,0,0,0,0,1,0,0,0,0,0,0,1,0,0,0
26593,hell comes to frogtown,1988.0,0,1,0,0,0,1,0,0,0,0,0,0,0,0,0,0,1,0,0,0
26599,law of desire ley del deseo la,1987.0,0,0,0,0,0,1,0,0,1,0,0,0,0,0,0,1,0,0,0,0
26603,prince of darkness,1987.0,0,0,0,0,0,0,0,0,0,1,0,1,0,0,0,0,1,1,0,0
26606,chinese ghost story a sinnui yauwan,1987.0,0,1,0,0,0,0,0,0,0,1,0,1,0,0,0,1,0,0,0,0
26612,better tomorrow ii a ying hung boon sik ii,1987.0,0,0,0,0,0,0,1,0,1,0,0,0,0,0,0,0,0,1,0,0
26614,bourne identity the,1988.0,0,1,1,0,0,0,0,0,1,0,0,0,0,0,1,0,0,1,0,0
26622,dominick and eugene,1988.0,0,0,0,0,0,0,0,0,1,0,0,0,0,0,0,0,0,0,0,0
26629,killer klowns from outer space,1988.0,0,0,0,0,0,1,0,0,0,0,0,1,0,0,0,0,1,0,0,0
26630,moonwalker,1988.0,0,0,0,0,0,0,0,0,0,0,0,0,0,1,0,0,0,0,0,0
26631,alice neco z alenky,1988.0,0,0,0,1,0,0,0,0,0,1,0,0,0,0,1,0,0,0,0,0
26645,life is a long quiet river la vie est un long fleuve tranquille,1988.0,0,0,0,0,0,1,0,0,0,0,0,0,0,0,0,0,0,0,0,0
26649,lonesome dove,1989.0,0,0,1,0,0,0,0,0,1,0,0,0,0,0,0,0,0,0,0,1
26662,kikis delivery service majo no takkyûbin,1989.0,0,0,1,1,1,0,0,0,1,1,0,0,0,0,0,0,0,0,0,0
26676,almost an angel,1990.0,0,0,0,0,0,1,0,0,0,0,0,0,0,0,0,0,0,0,0,0
26680,crybaby,1990.0,0,0,0,0,0,1,0,0,0,0,0,0,0,1,0,1,0,0,0,0
26681,bullet in the head,1990.0,0,1,0,0,0,0,0,0,1,0,0,0,0,0,0,0,0,0,1,0
26686,ghost dad,1990.0,0,0,0,0,0,1,0,0,0,1,0,0,0,0,0,0,0,0,0,0
26693,it,1990.0,0,0,0,0,0,0,0,0,1,1,0,1,0,0,1,0,0,1,0,0
26694,ju dou,1990.0,0,0,0,0,0,0,0,0,1,0,0,0,0,0,0,0,0,0,0,0
26695,krays the,1990.0,0,0,0,0,0,0,0,0,1,0,0,0,0,0,0,0,0,0,0,0
26696,lionheart,1990.0,0,1,0,0,0,0,0,0,0,0,0,0,0,0,0,0,0,0,0,0
26700,nuns on the run,1990.0,0,0,0,0,0,1,1,0,0,0,0,0,0,0,0,0,0,0,0,0
26701,patlabor the movie kidô keisatsu patorebâ the movie,1989.0,0,1,0,1,0,0,1,0,1,0,1,0,0,0,1,0,1,1,0,0
26704,state of grace,1990.0,0,0,0,0,0,0,1,0,1,0,0,0,0,0,0,0,0,1,0,0
26712,35 up,1991.0,0,0,0,0,0,0,0,1,0,0,0,0,0,0,0,0,0,0,0,0
26713,days of being wild a fei jingjyuhn,1990.0,0,0,0,0,0,0,0,0,1,0,0,0,0,0,0,1,0,0,0,0
26717,begotten,1990.0,0,0,0,0,0,0,0,0,1,0,0,1,0,0,0,0,0,0,0,0
26726,dutch,1991.0,0,0,0,0,0,1,0,0,0,0,0,0,0,0,0,0,0,0,0,0
26729,hearts of darkness a filmmakers apocalypse,1991.0,0,0,0,0,0,0,0,1,0,0,0,0,0,0,0,0,0,0,0,0
26732,johnny stecchino,1991.0,0,0,0,0,0,1,0,0,0,0,0,0,0,0,0,0,0,0,0,0
26736,rikioh the story of ricky lik wong,1991.0,0,1,0,0,0,0,1,0,0,0,0,0,0,0,0,0,0,1,0,0
26741,mannequin 2 on the move,1991.0,0,0,0,0,0,1,0,0,0,1,0,0,0,0,0,1,0,0,0,0
26743,only yesterday omohide poro poro,1991.0,0,0,0,1,0,0,0,0,1,0,0,0,0,0,0,0,0,0,0,0
26745,other peoples money,1991.0,0,0,0,0,0,1,0,0,1,0,0,0,0,0,0,1,0,0,0,0
26750,quigley down under,1990.0,0,0,1,0,0,0,0,0,1,0,0,0,0,0,0,0,0,0,0,1
26761,prime suspect 2,1992.0,0,0,0,0,0,0,1,0,1,0,0,0,0,0,1,1,0,1,0,0
26764,captain america,1990.0,0,1,0,0,0,0,0,0,0,1,0,0,0,0,0,0,1,1,1,0
26765,city hunter sing si lip yan,1993.0,0,1,0,0,0,1,0,0,0,0,0,0,0,0,0,1,0,0,0,0
26776,porco rosso crimson pig kurenai no buta,1992.0,0,0,1,1,0,1,0,0,0,1,0,0,0,0,0,1,0,0,0,0
26777,stolen children ladro di bambini il,1992.0,0,0,0,0,0,0,0,0,1,0,0,0,0,0,0,0,0,0,0,0
26778,ladybugs,1992.0,0,0,0,0,0,1,0,0,0,0,0,0,0,0,0,0,0,0,0,0
26782,mambo kings the,1992.0,0,0,0,0,0,0,0,0,1,0,0,0,0,1,0,0,0,0,0,0
26791,shining through,1992.0,0,0,0,0,0,0,0,0,1,0,0,0,0,0,0,1,0,1,1,0
26792,sidekicks,1992.0,0,1,1,0,1,1,0,0,0,0,0,0,0,0,0,0,0,0,0,0
26796,heart in winter a un coeur en hiver,1992.0,0,0,0,0,0,0,0,0,1,0,0,0,0,0,0,1,0,0,0,0
26797,visions of light the art of cinematography,1992.0,0,0,0,0,0,0,0,1,0,0,0,0,0,0,0,0,0,0,0,0
26810,bad boy bubby,1993.0,0,0,0,0,0,0,0,0,1,0,0,0,0,0,0,0,0,0,0,0
26812,barbarians at the gate,1993.0,0,0,0,0,0,0,0,0,1,0,0,0,0,0,0,0,0,0,0,0
26819,fortress,1992.0,0,1,0,0,0,0,0,0,0,0,0,0,0,0,0,0,1,0,0,0
26828,mr nanny,1993.0,0,1,0,0,1,1,0,0,0,0,0,0,0,0,0,0,0,0,0,0
26838,snapper the,1993.0,0,0,0,0,0,1,0,0,1,0,0,0,0,0,0,0,0,0,0,0
26840,sonatine sonachine,1993.0,0,1,0,0,0,1,1,0,1,0,0,0,0,0,0,0,0,0,0,0
26849,stand the,1994.0,0,0,1,0,0,0,0,0,1,1,0,1,0,0,0,0,1,0,0,0
26854,darkman ii return of durant the,1995.0,0,1,0,0,0,0,1,0,0,0,0,1,0,0,0,0,0,0,0,0
26861,freaked,1993.0,0,0,0,0,0,1,0,0,0,0,0,0,0,0,0,0,1,0,0,0
26865,fist of legend jing wu ying xiong,1994.0,0,1,0,0,0,0,0,0,1,0,0,0,0,0,0,0,0,0,0,0
26870,major league ii,1994.0,0,0,0,0,0,1,0,0,0,0,0,0,0,0,0,0,0,0,0,0
26871,my father the hero,1994.0,0,0,0,0,0,1,0,0,0,0,0,0,0,0,0,1,0,0,0,0
26875,pure formality a pura formalità una,1994.0,0,0,0,0,0,0,1,0,0,0,1,0,0,0,1,0,0,1,0,0
26887,langoliers the,1995.0,0,0,0,0,0,0,0,0,1,1,0,1,0,0,1,0,1,1,0,0
26900,last wedding the kivenpyörittäjän kylä,1995.0,0,0,0,0,0,1,0,0,1,0,0,0,0,0,0,0,0,0,0,0
26901,last of the dogmen,1995.0,0,0,1,0,0,0,0,0,0,0,0,0,0,0,0,0,0,0,0,1
26903,whisper of the heart mimi wo sumaseba,1995.0,0,0,0,1,0,0,0,0,1,0,0,0,0,0,0,1,0,0,0,0
26913,street fighter ii the animated movie sutorîto faitâ ii gekijôban,1994.0,0,1,0,1,0,0,0,0,0,0,0,0,0,0,0,0,0,0,0,0
26928,summers tale a conte dété,1996.0,0,0,0,0,0,1,0,0,1,0,0,0,0,0,0,1,0,0,0,0
26940,late shift the,1996.0,0,0,0,0,0,1,0,0,0,0,0,0,0,0,0,0,0,0,0,0
26947,pusher,1996.0,0,0,0,0,0,0,1,0,0,0,0,0,0,0,0,0,0,1,0,0
26958,emma,1996.0,0,0,0,0,0,0,0,0,0,0,0,0,0,0,0,1,0,0,0,0
26965,boxer the,1997.0,0,0,0,0,0,0,0,0,1,0,0,0,0,0,0,0,0,1,0,0
26974,gummo,1997.0,0,0,0,0,0,0,0,0,1,0,0,0,0,0,0,0,0,0,0,0
26985,nirvana,1997.0,0,1,0,0,0,0,0,0,0,0,0,0,0,0,0,0,1,0,0,0
26999,lion king ii simbas pride the,1998.0,0,0,1,1,1,0,0,0,0,0,0,0,0,1,0,1,0,0,0,0
27002,from the earth to the moon,1998.0,0,1,0,0,0,0,0,1,1,0,0,0,0,0,0,0,0,1,0,0
27003,beowulf,1999.0,0,1,0,0,0,0,0,0,0,0,0,1,0,0,0,0,1,0,0,0
27006,rko 281,1999.0,0,0,0,0,0,0,0,0,1,0,0,0,0,0,0,0,0,0,0,0
27008,from dusk till dawn 2 texas blood money,1999.0,0,0,0,0,0,1,1,0,0,0,0,1,0,0,0,0,0,0,0,0
27020,gia,1998.0,0,0,0,0,0,0,0,0,1,0,0,0,0,0,0,1,0,0,0,0
27022,thursday,1998.0,0,1,0,0,0,0,1,0,0,0,0,0,0,0,0,0,0,1,0,0
27032,who am i wo shi shei,1998.0,0,1,1,0,0,1,0,0,0,0,0,0,0,0,0,0,1,1,0,0
27036,merlin,1998.0,0,1,1,0,0,0,0,0,1,1,0,0,0,0,0,1,0,0,0,0
27074,brave new world,1998.0,0,0,0,0,0,0,0,0,0,0,0,0,0,0,0,0,1,0,0,0
27075,addams family reunion,1998.0,0,0,0,0,1,1,0,0,0,1,0,0,0,0,0,0,0,0,0,0
27105,purgatory,1999.0,0,0,0,0,0,0,0,0,0,1,0,0,0,0,0,0,0,0,0,1
27124,bleeder,1999.0,0,0,0,0,0,0,0,0,1,0,0,0,0,0,0,0,0,1,0,0
27134,dark portals the chronicles of vidocq  vidocq,2001.0,0,1,0,0,0,0,1,0,0,1,0,0,0,0,0,0,0,0,0,0
27140,candyman 3 day of the dead,1999.0,0,0,0,0,0,0,0,0,0,0,0,1,0,0,0,0,0,0,0,0
27155,batmansuperman movie the,1998.0,0,1,1,1,1,0,0,0,0,1,0,0,0,0,0,0,1,0,0,0
27156,neon genesis evangelion the end of evangelion shin seiki evangelion gekijôban airmagokoro wo kimi ni,1997.0,0,1,0,1,0,0,0,0,1,1,0,0,0,0,0,0,1,0,0,0
27176,style wars,1983.0,0,0,0,0,0,0,0,1,0,0,0,0,0,0,0,0,0,0,0,0
27178,in july im juli,2000.0,0,0,0,0,0,1,0,0,0,0,0,0,0,0,0,1,0,0,0,0
27186,kirikou and the sorceress kirikou et la sorcière,1998.0,0,0,1,1,1,0,0,0,0,1,0,0,0,0,0,0,0,0,0,0
27193,taxi 2,2000.0,0,1,0,0,0,1,0,0,0,0,0,0,0,0,0,0,0,0,0,0
27246,if these walls could talk 2,2000.0,0,0,0,0,0,0,0,0,1,0,0,0,0,0,0,1,0,0,0,0
27251,10th kingdom the,2000.0,0,0,1,0,0,1,0,0,0,1,0,0,0,0,0,0,0,0,0,0
27255,wind will carry us the bad ma ra khahad bord,1999.0,0,0,0,0,0,0,0,0,1,0,0,0,0,0,0,0,0,0,0,0
27266,2046,2004.0,0,0,0,0,0,0,0,0,1,1,0,0,0,0,0,1,1,0,0,0
27306,bartleby,2001.0,0,0,0,0,0,1,0,0,1,0,0,0,0,0,0,0,0,0,0,0
27311,batman beyond return of the joker,2000.0,0,1,0,1,0,0,1,0,0,0,0,0,0,0,0,0,1,1,0,0
27317,audition ôdishon,1999.0,0,0,0,0,0,0,0,0,1,0,0,1,0,0,1,1,0,1,0,0
27320,nine lives of tomas katz the,2000.0,0,0,0,0,0,1,0,0,1,1,0,0,0,0,0,0,0,0,0,0
27328,monday,2000.0,0,1,0,0,0,1,1,0,0,1,0,0,0,0,0,0,0,1,0,0
27329,paradise lost 2 revelations,2000.0,0,0,0,0,0,0,0,1,0,0,0,0,0,0,0,0,0,0,0,0
27368,asterix  obelix mission cleopatra astérix  obélix mission cléopâtre,2002.0,0,0,1,0,0,1,0,0,0,1,0,0,0,0,0,0,0,0,0,0
27369,daria is it fall yet,2000.0,0,0,0,1,0,1,0,0,0,0,0,0,0,0,0,0,0,0,0,0
27370,late night shopping,2001.0,0,0,0,0,0,1,0,0,0,0,0,0,0,0,0,0,0,0,0,0
27373,61,2001.0,0,0,0,0,0,0,0,0,1,0,0,0,0,0,0,0,0,0,0,0
27397,joint security area gongdong gyeongbi guyeok jsa,2000.0,0,0,0,0,0,0,1,0,1,0,0,0,0,0,1,0,0,1,1,0
27408,ripleys game,2002.0,0,0,0,0,0,0,0,0,1,0,0,0,0,0,0,0,0,1,0,0
27416,jalla jalla,2000.0,0,0,0,0,0,1,0,0,1,0,0,0,0,0,0,1,0,0,0,0
27420,teknolust,2002.0,0,0,0,0,0,1,0,0,1,0,0,0,0,0,0,1,1,0,0,0
27426,accidental spy the dak miu mai shing,2001.0,0,1,0,0,0,1,0,0,0,0,0,0,0,0,0,0,0,1,0,0
27434,darkness,2002.0,0,0,0,0,0,0,0,0,0,0,0,1,0,0,1,0,0,0,0,0
27441,blood the last vampire,2000.0,0,1,0,1,0,0,0,0,0,0,0,1,0,0,0,0,0,0,0,0
27450,blueberry,2004.0,0,0,1,0,0,0,0,0,0,0,0,0,0,0,0,0,0,0,0,1
27473,american psycho ii all american girl,2002.0,0,0,0,0,0,1,1,0,0,0,0,1,0,0,1,0,0,1,0,0
27478,ali g indahouse,2002.0,0,0,0,0,0,1,0,0,0,0,0,0,0,0,0,0,0,0,0,0
27480,dead or alive 2 tôbôsha,2000.0,0,1,0,0,0,0,1,0,0,0,0,0,0,0,0,0,0,1,0,0
27482,cube 2 hypercube,2002.0,0,0,0,0,0,0,0,0,0,0,0,1,0,0,1,0,1,0,0,0
27491,pulse kairo,2001.0,0,0,0,0,0,0,0,0,0,0,0,1,0,0,1,0,0,1,0,0
27513,dog days hundstage,2001.0,0,0,0,0,0,0,0,0,1,0,0,0,0,0,0,0,0,0,0,0
27523,my sassy girl yeopgijeogin geunyeo,2001.0,0,0,0,0,0,1,0,0,0,0,0,0,0,0,0,1,0,0,0,0
27537,nothing,2003.0,0,0,0,0,0,1,0,0,0,1,0,0,0,0,1,0,1,0,0,0
27539,undertaking betty plots with a view,2002.0,0,0,0,0,0,1,0,0,0,0,0,0,0,0,0,1,0,0,0,0
27549,dead or alive final,2002.0,0,0,0,0,0,1,1,0,1,0,0,0,0,0,0,0,1,1,0,0
27555,fubar,2002.0,0,0,0,0,0,1,0,0,0,0,0,0,0,0,0,0,0,0,0,0
27563,happiness of the katakuris the katakurike no kôfuku,2001.0,0,0,0,0,0,1,0,0,0,0,0,1,0,1,0,0,0,0,0,0
27584,dead end,2003.0,0,0,0,0,0,1,0,0,0,0,0,1,0,0,1,0,0,1,0,0
27592,sympathy for mr vengeance boksuneun naui geot,2002.0,0,0,0,0,0,0,1,0,1,0,0,0,0,0,0,0,0,0,0,0
27595,jesus christ vampire hunter,2001.0,0,1,0,0,0,1,0,0,0,0,0,1,0,1,0,0,0,0,0,0
27604,suicide club jisatsu saakuru,2001.0,0,0,0,0,0,0,0,0,0,0,0,1,0,0,1,0,0,1,0,0
27611,battlestar galactica,2003.0,0,0,0,0,0,0,0,0,1,0,0,0,0,0,0,0,1,0,1,0
27618,sound of thunder a,2005.0,0,1,1,0,0,0,0,0,1,0,0,0,0,0,0,0,1,1,0,0
27619,lion king 1½ the,2004.0,0,0,1,1,1,1,0,0,0,0,0,0,0,0,0,0,0,0,0,0
27627,oasis,2002.0,0,0,0,0,0,0,0,0,1,0,0,0,0,0,0,1,0,0,0,0
27644,remember me ricordati di me,2003.0,0,0,0,0,0,1,0,0,1,0,0,0,0,0,0,1,0,0,0,0
27660,animatrix the,2003.0,0,1,0,1,0,0,0,0,1,0,0,0,0,0,0,0,1,0,0,0
27664,brown bunny the,2003.0,0,0,0,0,0,0,0,0,1,0,0,0,0,0,0,0,0,0,0,0
27667,juon the curse,2000.0,0,0,0,0,0,0,0,0,0,0,0,1,0,0,0,0,0,0,0,0
27674,1114,2003.0,0,0,0,0,0,1,1,0,1,0,0,0,0,0,1,0,0,1,0,0
27683,tremors 4 the legend begins,2004.0,0,1,0,0,0,1,0,0,0,0,0,1,0,0,0,0,1,1,0,1
27685,bring it on again,2004.0,0,0,0,0,0,1,0,0,0,0,0,0,0,0,0,0,0,0,0,0
27689,crimson rivers 2 angels of the apocalypse rivières pourpres ii  les anges de lapocalypse les,2004.0,0,1,0,0,0,0,1,0,0,0,0,0,0,0,0,0,0,1,0,0
27692,and starring pancho villa as himself,2003.0,0,1,0,0,0,1,0,0,1,0,0,0,0,0,0,0,0,0,1,0
27695,nicotina,2003.0,0,1,0,0,0,1,0,0,1,0,0,0,0,0,0,0,0,0,0,0
27704,battle royale 2 requiem batoru rowaiaru ii chinkonka,2003.0,0,1,0,0,0,0,0,0,1,0,0,0,0,0,0,0,0,1,1,0
27705,in hell,2003.0,0,1,0,0,0,0,0,0,1,0,0,0,0,0,0,0,0,1,0,0
27706,lemony snickets a series of unfortunate events,2004.0,0,0,1,0,1,1,0,0,0,1,0,0,0,0,0,0,0,0,0,0
27708,helen of troy,2003.0,0,1,1,0,0,0,0,0,1,0,0,0,0,0,0,1,0,0,0,0
27716,green butchers the grønne slagtere de,2003.0,0,0,0,0,0,1,1,0,1,0,0,0,0,0,0,1,0,0,0,0
27721,very long engagement a un long dimanche de fiançailles,2004.0,0,0,0,0,0,0,0,0,1,0,0,0,0,0,1,1,0,0,1,0
27722,last life in the universe ruang rak noi nid mahasan,2003.0,0,0,0,0,0,0,0,0,1,0,0,0,0,0,0,1,0,0,0,0
27728,ghost in the shell 2 innocence aka innocence inosensu,2004.0,0,1,0,1,0,0,0,0,1,0,0,0,0,0,0,0,1,1,0,0
27731,cat returns the neko no ongaeshi,2002.0,0,0,1,1,1,0,0,0,0,1,0,0,0,0,0,0,0,0,0,0
27741,twilight samurai the tasogare seibei,2002.0,0,0,0,0,0,0,0,0,1,0,0,0,0,0,0,1,0,0,0,0
27744,facing windows finestra di fronte la,2003.0,0,0,0,0,0,0,0,0,1,0,0,0,0,0,0,1,0,0,0,0
27746,ginger snaps unleashed,2004.0,0,0,0,0,0,0,0,0,0,0,0,1,0,0,0,0,0,1,0,0
27751,salems lot,2004.0,0,0,0,0,0,0,0,0,1,0,0,1,0,0,1,0,0,1,0,0
27762,comic book the movie,2004.0,0,0,0,0,0,1,0,0,0,0,0,0,0,0,0,0,0,0,0,0
27768,intimate strangers confidences trop intimes,2004.0,0,0,0,0,0,0,0,0,1,0,0,0,0,0,0,0,0,0,0,0
27769,down to the bone,2004.0,0,0,0,0,0,0,0,0,1,0,0,0,0,0,0,0,0,0,0,0
27772,juon the grudge,2002.0,0,0,0,0,0,0,0,0,0,0,0,1,0,0,0,0,0,0,0,0
27773,old boy,2003.0,0,0,0,0,0,0,0,0,0,0,0,0,0,0,1,0,0,1,0,0
27776,red lights feux rouges,2004.0,0,0,0,0,0,0,0,0,1,0,0,0,0,0,0,0,0,0,0,0
27778,ginger snaps back the beginning,2004.0,0,0,0,0,0,0,0,0,0,1,0,1,0,0,0,0,0,0,0,0
27784,one missed call chakushin ari,2003.0,0,0,0,0,0,0,0,0,0,0,0,1,0,0,1,0,0,0,0,0
27788,jacket the,2005.0,0,0,0,0,0,0,0,0,1,0,0,0,0,0,1,0,1,1,0,0
27790,millions,2004.0,0,0,0,0,1,1,1,0,1,1,0,0,0,0,0,0,0,0,0,0
27793,starship troopers 2 hero of the federation,2004.0,0,1,0,0,0,0,0,0,0,0,0,1,0,0,0,0,1,0,1,0
27801,ongbak the thai warrior ong bak,2003.0,0,1,0,0,0,0,0,0,0,0,0,0,0,0,0,0,0,1,0,0
27802,infernal affairs 2 mou gaan dou ii,2003.0,0,1,0,0,0,0,1,0,1,0,0,0,0,0,0,0,0,1,0,0
27803,sea inside the mar adentro,2004.0,0,0,0,0,0,0,0,0,1,0,0,0,0,0,0,0,0,0,0,0
27808,spanglish,2004.0,0,0,0,0,0,1,0,0,1,0,0,0,0,0,0,1,0,0,0,0
27815,chorus the choristes les,2004.0,0,0,0,0,0,0,0,0,1,0,0,0,0,0,0,0,0,0,0,0
27816,saints and soldiers,2003.0,0,1,1,0,0,0,0,0,1,0,0,0,0,0,0,0,0,0,1,0
27820,story of the weeping camel the geschichte vom weinenden kamel die,2003.0,0,0,0,0,0,0,0,1,1,0,0,0,0,0,0,0,0,0,0,0
27821,interpreter the,2005.0,0,0,0,0,0,0,0,0,1,0,0,0,0,0,0,0,0,1,0,0
27822,open water,2003.0,0,0,0,0,0,0,0,0,1,0,0,0,0,0,0,0,0,1,0,0
27826,touch of pink,2004.0,0,0,0,0,0,1,0,0,1,0,0,0,0,0,0,1,0,0,0,0
27829,slasher,2004.0,0,0,0,0,0,0,0,1,0,0,0,0,0,0,0,0,0,0,0,0
27830,bobby jones stroke of genius,2004.0,0,0,0,0,0,0,0,0,1,0,0,0,0,0,0,0,0,0,0,0
27831,layer cake,2004.0,0,0,0,0,0,0,1,0,1,0,0,0,0,0,0,0,0,1,0,0
27834,return the vozvrashcheniye,2003.0,0,0,0,0,0,0,0,0,1,0,0,0,0,0,0,0,0,0,0,0
27837,flight of the phoenix,2004.0,0,1,1,0,0,0,0,0,0,0,0,0,0,0,0,0,0,0,0,0
27838,mean creek,2004.0,0,0,0,0,0,0,0,0,1,0,0,0,0,0,0,0,0,1,0,0
27839,ring two the,2005.0,0,0,0,0,0,0,0,0,1,0,0,1,0,0,1,0,0,1,0,0
27846,corporation the,2003.0,0,0,0,0,0,0,0,1,0,0,0,0,0,0,0,0,0,0,0,0
27850,yes men the,2003.0,0,0,0,0,0,0,0,1,0,0,0,0,0,0,0,0,0,0,0,0
27865,azumi,2003.0,0,1,1,0,0,0,0,0,1,0,0,0,0,0,0,0,0,1,0,0
27866,in my fathers den,2004.0,0,0,0,0,0,0,0,0,1,0,0,0,0,0,0,0,0,0,0,0
27869,tae guk gi the brotherhood of war taegukgi hwinalrimyeo,2004.0,0,1,0,0,0,0,0,0,1,0,0,0,0,0,0,0,0,0,1,0
27873,metallica some kind of monster,2004.0,0,0,0,0,0,0,0,1,0,0,0,0,0,0,0,0,0,0,0,0
27878,born into brothels,2004.0,0,0,0,0,0,0,0,1,0,0,0,0,0,0,0,0,0,0,0,0
27879,dig,2004.0,0,0,0,0,0,0,0,1,0,0,0,0,0,0,0,0,0,0,0,0
27882,riding giants,2004.0,0,0,0,0,0,0,0,1,0,0,0,0,0,0,0,0,0,0,0,0
27899,what the  do we know aka what the bleep do we know,2004.0,0,0,0,0,0,1,0,1,1,0,0,0,0,0,0,0,0,0,0,0
27904,scanner darkly a,2006.0,0,0,0,1,0,0,0,0,1,0,0,0,0,0,1,0,1,1,0,0
27905,casshern,2004.0,0,1,0,0,0,0,0,0,1,1,0,0,0,0,0,0,1,0,0,0
27912,outfoxed rupert murdochs war on journalism,2004.0,0,0,0,0,0,0,0,1,0,0,0,0,0,0,0,0,0,0,0,0
30707,million dollar baby,2004.0,0,0,0,0,0,0,0,0,1,0,0,0,0,0,0,0,0,0,0,0
30745,gozu gokudô kyôfu daigekijô gozu,2003.0,0,0,0,0,0,1,1,0,1,0,0,1,0,0,1,0,0,0,0,0
30749,hotel rwanda,2004.0,0,0,0,0,0,0,0,0,1,0,0,0,0,0,0,0,0,0,1,0
30793,charlie and the chocolate factory,2005.0,0,0,1,0,1,1,0,0,0,1,0,0,1,0,0,0,0,0,0,0
30803,3iron binjip,2004.0,0,0,0,0,0,0,0,0,1,0,0,0,0,0,0,1,0,0,0,0
30810,life aquatic with steve zissou the,2004.0,0,0,1,0,0,1,0,0,0,1,0,0,0,0,0,0,0,0,0,0
30812,aviator the,2004.0,0,0,0,0,0,0,0,0,1,0,0,0,0,0,0,0,0,0,0,0
30816,phantom of the opera the,2004.0,0,0,0,0,0,0,0,0,1,0,0,0,0,1,0,1,0,0,0,0
30818,beyond the sea,2004.0,0,0,0,0,0,0,0,0,1,0,0,0,0,1,0,0,0,0,0,0
30820,woodsman the,2004.0,0,0,0,0,0,0,0,0,1,0,0,0,0,0,0,0,0,0,0,0
30822,in good company,2004.0,0,0,0,0,0,1,0,0,1,0,0,0,0,0,0,0,0,0,0,0
30825,meet the fockers,2004.0,0,0,0,0,0,1,0,0,0,0,0,0,0,0,0,0,0,0,0,0
30846,assassination of richard nixon the,2004.0,0,0,0,0,0,0,1,0,1,0,0,0,0,0,0,0,0,1,0,0
30848,love song for bobby long a,2004.0,0,0,0,0,0,0,0,0,1,0,0,0,0,0,0,0,0,0,0,0
30850,merchant of venice the,2004.0,0,0,0,0,0,0,0,0,1,0,0,0,0,0,0,0,0,0,0,0
30883,fat albert,2004.0,0,0,0,0,0,1,0,0,0,1,0,0,0,0,0,0,0,0,0,0
30890,keys to the house the chiavi di casa le,2004.0,0,0,0,0,0,0,0,0,1,0,0,0,0,0,0,0,0,0,0,0
30892,in the realms of the unreal,2004.0,0,0,0,1,0,0,0,1,0,0,0,0,0,0,0,0,0,0,0,0
30894,white noise,2005.0,0,0,0,0,0,0,0,0,1,0,0,1,0,0,1,0,1,1,0,0
30898,upside of anger the,2005.0,0,0,0,0,0,1,0,0,1,0,0,0,0,0,0,1,0,0,0,0
30994,little miss marker,1980.0,0,0,0,0,0,1,0,0,1,0,0,0,0,0,0,0,0,0,0,0
31000,sweet liberty,1986.0,0,0,0,0,0,1,0,0,0,0,0,0,0,0,0,0,0,0,0,0
31030,i remember mama,1948.0,0,0,0,0,1,0,0,0,1,0,0,0,0,0,0,0,0,0,0,0
31038,smooth talk,1985.0,0,0,0,0,0,0,0,0,1,0,0,0,0,0,0,1,0,0,0,0
31049,out cold,1989.0,0,0,0,0,0,1,0,0,0,0,0,0,0,0,0,0,0,1,0,0
31083,man trouble,1992.0,0,0,0,0,0,1,0,0,0,0,0,0,0,0,0,1,0,0,0,0
31086,battles without honor  humanity jingi naki tatakai,1973.0,0,0,0,0,0,0,1,0,1,0,0,0,0,0,0,0,0,0,0,0
31101,stander,2003.0,0,1,0,0,0,0,1,0,1,0,0,0,0,0,0,0,0,0,0,0
31114,imaginary heroes,2004.0,0,0,0,0,0,1,0,0,1,0,0,0,0,0,0,0,0,0,0,0
31116,sergeant york,1941.0,0,0,0,0,0,0,0,0,1,0,0,0,0,0,0,0,0,0,1,0
31123,ruby  quentin taistoi,2003.0,0,0,0,0,0,1,1,0,0,0,0,0,0,0,0,0,0,0,0,0
31150,wizards,1977.0,0,0,0,1,0,0,0,0,0,1,0,0,0,0,0,0,1,0,1,0
31162,life and death of peter sellers the,2004.0,0,0,0,0,0,1,0,0,1,0,0,0,0,0,0,0,0,0,0,0
31184,appleseed appurushîdo,2004.0,0,1,0,1,0,0,0,0,0,1,0,0,0,0,0,0,1,0,0,0
31193,many adventures of winnie the pooh the,1977.0,0,0,0,1,1,0,0,0,0,0,0,0,0,1,0,0,0,0,0,0
31221,elektra,2005.0,0,1,1,0,0,0,1,0,1,0,0,0,0,0,0,0,0,0,0,0
31223,racing stripes,2005.0,0,0,0,0,1,1,0,0,0,0,0,0,0,0,0,0,0,0,0,0
31225,coach carter,2005.0,0,0,0,0,0,0,0,0,1,0,0,0,0,0,0,0,0,0,0,0
31260,boys town,1938.0,0,0,0,0,0,0,0,0,1,0,0,0,0,0,0,0,0,0,0,0
31297,gold diggers of 1935,1935.0,0,0,0,0,0,1,0,0,0,0,0,0,0,1,0,0,0,0,0,0
31309,rocco and his brothers rocco e i suoi fratelli,1960.0,0,0,0,0,0,0,1,0,1,0,0,0,0,0,0,0,0,0,0,0
31364,memories of murder salinui chueok,2003.0,0,0,0,0,0,0,1,0,1,0,0,0,0,0,1,0,0,1,0,0
31367,chase the,1994.0,0,1,1,0,0,1,1,0,0,0,0,0,0,0,0,1,0,1,0,0
31410,downfall untergang der,2004.0,0,0,0,0,0,0,0,0,1,0,0,0,0,0,0,0,0,0,1,0
31420,assault on precinct 13,2005.0,0,1,0,0,0,0,1,0,1,0,0,0,0,0,0,0,0,1,0,0
31422,are we there yet,2005.0,0,0,0,0,1,1,0,0,0,0,0,0,0,0,0,0,0,0,0,0
31424,alone in the dark,2005.0,0,1,0,0,0,0,0,0,0,0,0,1,0,0,0,0,1,1,0,0
31427,hide and seek,2005.0,0,0,0,0,0,0,0,0,0,0,0,1,0,0,1,0,0,1,0,0
31431,boogeyman,2005.0,0,0,0,0,0,0,0,0,1,0,0,1,0,0,1,0,0,1,0,0
31433,wedding date the,2005.0,0,0,0,0,0,1,0,0,0,0,0,0,0,0,0,1,0,0,0,0
31435,rory oshea was here inside im dancing,2004.0,0,0,0,0,0,0,0,0,1,0,0,0,0,0,0,0,0,0,0,0
31437,nobody knows dare mo shiranai,2004.0,0,0,0,0,0,0,0,0,1,0,0,0,0,0,0,0,0,0,0,0
31445,employee of the month,2004.0,0,0,0,0,0,1,0,0,1,0,0,0,0,0,0,0,0,0,0,0
31522,marriage of maria braun the ehe der maria braun die,1979.0,0,0,0,0,0,0,0,0,1,0,0,0,0,0,0,0,0,0,0,0
31545,trou le hole the night watch the,1960.0,0,0,0,0,0,0,1,0,0,0,1,0,0,0,0,0,0,0,0,0
31553,double dragon,1994.0,0,1,1,0,0,0,0,0,0,0,0,0,0,0,0,0,1,0,0,0
31590,hands off the loot touchez pas au grisbi,1954.0,0,0,0,0,0,0,1,0,1,0,0,0,0,0,0,0,0,1,0,0
31610,purple butterfly zi hudie,2003.0,0,0,0,0,0,0,0,0,1,0,0,0,0,0,0,0,0,0,0,0
31617,el cid,1961.0,0,1,1,0,0,0,0,0,1,0,0,0,0,0,0,1,0,0,1,0
31658,howls moving castle hauru no ugoku shiro,2004.0,0,0,1,1,0,0,0,0,0,1,0,0,0,0,0,1,0,0,0,0
31660,steamboy suchîmubôi,2004.0,0,1,0,1,0,0,0,0,1,0,0,0,0,0,0,0,1,0,0,0
31664,gorgeous boh lee chun,1999.0,0,1,0,0,0,1,0,0,0,0,0,0,0,0,0,1,0,0,0,0
31685,hitch,2005.0,0,0,0,0,0,1,0,0,0,0,0,0,0,0,0,1,0,0,0,0
31692,uncle nino,2003.0,0,0,0,0,0,1,0,0,0,0,0,0,0,0,0,0,0,0,0,0
31694,bride  prejudice,2004.0,0,0,0,0,0,1,0,0,0,0,0,0,0,1,0,1,0,0,0,0
31696,constantine,2005.0,0,1,0,0,0,0,0,0,0,1,0,1,0,0,0,0,0,1,0,0
31698,son of the mask,2005.0,0,0,1,0,1,1,0,0,0,1,0,0,0,0,0,0,0,0,0,0
31700,because of winndixie,2005.0,0,0,0,0,1,1,0,0,1,0,0,0,0,0,0,0,0,0,0,0
31702,turtles can fly lakposhtha hâm parvaz mikonand,2004.0,0,0,0,0,0,0,0,0,1,0,0,0,0,0,0,0,0,0,1,0
31737,bunny lake is missing,1965.0,0,0,0,0,0,0,0,0,0,0,0,0,0,0,1,0,0,1,0,0
31804,night watch nochnoy dozor,2004.0,0,1,0,0,0,0,0,0,0,1,0,1,0,0,1,0,1,1,0,0
31851,sons of the desert,1933.0,0,0,0,0,0,1,0,0,0,0,0,0,0,0,0,0,0,0,0,0
31867,man of the house,2005.0,0,1,0,0,0,1,0,0,0,0,0,0,0,0,0,0,0,0,0,0
31878,kung fu hustle gong fu,2004.0,0,1,0,0,0,1,0,0,0,0,0,0,0,0,0,0,0,0,0,0
31903,zelary,2003.0,0,0,0,0,0,0,0,0,1,0,0,0,0,0,0,1,0,0,0,0
31909,dr giggles,1992.0,0,0,0,0,0,1,0,0,0,0,0,1,0,0,0,0,0,0,0,0
31921,sevenpercent solution the,1976.0,0,0,1,0,0,1,1,0,1,0,0,0,0,0,1,0,0,1,0,0
31923,three musketeers the,1973.0,0,1,1,0,0,1,0,0,0,0,0,0,0,0,0,0,0,0,0,0
31925,royal flash,1975.0,0,0,1,0,0,1,0,0,0,0,0,0,0,0,0,1,0,0,0,0
31952,control kontroll,2003.0,0,0,0,0,0,1,1,0,1,0,0,0,0,0,1,0,0,0,0,0
31973,germany year zero germania anno zero deutschland im jahre null,1948.0,0,0,0,0,0,0,0,0,1,0,0,0,0,0,0,0,0,0,1,0
32009,tyler perrys diary of a mad black woman,2005.0,0,0,0,0,0,1,0,0,1,0,0,0,0,0,0,1,0,0,0,0
32011,cursed,2005.0,0,0,0,0,0,0,0,0,0,0,0,1,0,0,0,0,0,1,0,0
32017,pacifier the,2005.0,0,1,0,0,0,1,0,0,0,0,0,0,0,0,0,0,0,0,0,0
32019,be cool,2005.0,0,0,0,0,0,1,1,0,0,0,0,0,0,1,0,0,0,0,0,0
32022,gunner palace,2004.0,0,0,0,0,0,0,0,1,0,0,0,0,0,0,0,0,0,0,1,0
32029,hostage,2005.0,0,1,0,0,0,0,1,0,1,0,0,0,0,0,0,0,0,1,0,0
32031,robots,2005.0,0,0,1,1,1,1,0,0,0,1,0,0,1,0,0,0,1,0,0,0
32058,class action,1991.0,0,0,0,0,0,0,0,0,1,0,0,0,0,0,0,0,0,0,0,0
32060,cat and the canary the,1927.0,0,0,0,0,0,0,0,0,0,0,0,1,0,0,1,0,0,0,0,0
32116,oh god you devil,1984.0,0,0,0,0,0,1,0,0,0,0,0,0,0,0,0,0,0,0,0,0
32139,agony and the ecstasy the,1965.0,0,0,0,0,0,0,0,0,1,0,0,0,0,0,0,0,0,0,0,0
32160,twentieth century,1934.0,0,0,0,0,0,1,0,0,0,0,0,0,0,0,0,0,0,0,0,0
32179,elevator to the gallows aka frantic ascenseur pour léchafaud,1958.0,0,0,0,0,0,0,1,0,1,0,0,0,0,0,0,0,0,1,0,0
32213,cube zero,2004.0,0,0,0,0,0,0,0,0,0,0,0,1,0,0,1,0,1,1,0,0
32234,julia,1977.0,0,0,0,0,0,0,0,0,1,0,0,0,0,0,0,0,0,0,0,0
32243,stealing rembrandt rembrandt,2003.0,0,1,0,0,0,1,1,0,0,0,0,0,0,0,0,0,0,0,0,0
32289,ice princess,2005.0,0,0,0,0,1,1,0,0,1,0,0,0,0,0,0,0,0,0,0,0
32291,melinda and melinda,2004.0,0,0,0,0,0,1,0,0,1,0,0,0,0,0,0,0,0,0,0,0
32294,milk and honey,2003.0,0,0,0,0,0,0,0,0,1,0,0,0,0,0,0,0,0,0,0,0
32296,miss congeniality 2 armed and fabulous,2005.0,0,0,1,0,0,1,1,0,0,0,0,0,0,0,0,0,0,0,0,0
32298,guess who,2005.0,0,0,0,0,0,1,0,0,0,0,0,0,0,0,0,1,0,0,0,0
32300,debs,2004.0,0,1,0,0,0,1,0,0,0,0,0,0,0,0,0,0,0,0,0,0
32302,league of ordinary gentlemen a,2004.0,0,0,0,0,0,0,0,1,0,0,0,0,0,0,0,0,0,0,0,0
32314,incident at loch ness,2004.0,0,0,1,0,0,1,0,1,0,0,0,0,0,0,0,0,0,0,0,0
32371,call northside 777,1948.0,0,0,0,0,0,0,1,0,1,0,1,0,0,0,0,0,0,0,0,0
32387,sword of doom the daibosatsu tôge,1966.0,0,1,0,0,0,0,0,0,1,0,0,0,0,0,0,0,0,0,0,0
32392,800 bullets 800 balas,2002.0,0,0,0,0,0,1,1,0,1,0,0,0,0,0,0,0,0,0,0,1
32440,if looks could kill,1991.0,0,1,0,0,0,1,0,0,0,0,0,0,0,0,0,0,0,0,0,0
32442,greedy,1994.0,0,0,0,0,0,1,0,0,0,0,0,0,0,0,0,0,0,0,0,0
32456,pom poko aka raccoon war the heisei tanuki gassen pompoko,1994.0,0,0,0,1,0,1,0,0,1,1,0,0,0,0,0,0,0,0,0,0
32460,knockin on heavens door,1997.0,0,1,0,0,0,1,1,0,1,0,0,0,0,0,0,0,0,0,0,0
32469,were no angels,1955.0,0,0,0,0,0,1,1,0,1,0,0,0,0,0,0,0,0,0,0,0
32511,touch of zen a xia nu,1971.0,0,1,1,0,0,0,0,0,0,0,0,0,0,0,0,0,0,0,0,0
32515,walker,1987.0,0,0,1,0,0,0,0,0,1,0,0,0,0,0,0,0,0,0,1,1
32554,memories memorîzu,1995.0,0,0,0,1,0,0,0,0,0,1,0,0,0,0,0,0,1,1,0,0
32582,wild parrots of telegraph hill the,2003.0,0,0,0,0,0,0,0,1,0,0,0,0,0,0,0,0,0,0,0,0
32584,ballad of jack and rose the,2005.0,0,0,0,0,0,0,0,0,1,0,0,0,0,0,0,0,0,0,0,0
32587,sin city,2005.0,0,1,0,0,0,0,1,0,0,0,1,0,0,0,1,0,0,1,0,0
32589,beauty shop,2005.0,0,0,0,0,0,1,0,0,0,0,0,0,0,0,0,0,0,0,0,0
32596,sahara,2005.0,0,1,1,0,0,1,0,0,0,0,0,0,0,0,0,0,0,0,0,0
32598,fever pitch,2005.0,0,0,0,0,0,1,0,0,0,0,0,0,0,0,0,1,0,0,0,0
32600,eros,2004.0,0,0,0,0,0,0,0,0,1,0,0,0,0,0,0,0,0,0,0,0
32620,not on the lips pas sur la bouche,2003.0,0,0,0,0,0,1,0,0,0,0,0,0,0,1,0,1,0,0,0,0
32632,electra glide in blue,1973.0,0,1,0,0,0,0,1,0,0,0,0,0,0,0,0,0,0,0,0,0
32649,special day a giornata particolare una,1977.0,0,0,0,0,0,0,0,0,1,0,0,0,0,0,0,0,0,0,1,0
32657,man who planted trees the homme qui plantait des arbres l,1987.0,0,0,0,1,0,0,0,0,1,0,0,0,0,0,0,0,0,0,0,0
32659,tanguy,2001.0,0,0,0,0,0,1,0,0,0,0,0,0,0,0,0,0,0,0,0,0
32666,national lampoons lady killers national lampoons gold diggers,2003.0,0,0,0,0,0,1,0,0,0,0,0,0,0,0,0,0,0,0,0,0
32728,little girl who lives down the lane the,1976.0,0,0,0,0,0,0,0,0,1,0,0,0,0,0,1,0,0,1,0,0
32743,ringu 0 bâsudei,2000.0,0,0,0,0,0,0,0,0,1,0,0,1,0,0,0,0,0,1,0,0
32770,brothers brødre,2004.0,0,0,0,0,0,0,0,0,1,0,0,0,0,0,0,0,0,0,0,0
32799,maidens in uniform mädchen in uniform,1931.0,0,0,0,0,0,0,0,0,1,0,0,0,0,0,0,1,0,0,0,0
32862,with six you get eggroll,1968.0,0,0,0,0,0,1,0,0,0,0,0,0,0,0,0,1,0,0,0,0
32875,holiday jour de fête,1949.0,0,0,0,0,0,1,0,0,0,0,0,0,0,0,0,0,0,0,0,0
32892,ivans childhood aka my name is ivan ivanovo detstvo,1962.0,0,0,0,0,0,0,0,0,1,0,0,0,0,0,0,0,0,0,1,0
32898,trip to the moon a voyage dans la lune le,1902.0,0,1,1,0,0,0,0,0,0,1,0,0,0,0,0,0,1,0,0,0
32906,ascent the voskhozhdeniye,1977.0,0,0,0,0,0,0,0,0,1,0,0,0,0,0,0,0,0,0,1,0
32914,carrie,2002.0,0,0,0,0,0,0,0,0,1,0,0,1,0,0,0,0,0,1,0,0
32917,boccaccio 70,1962.0,0,0,0,0,0,1,0,0,0,1,0,0,0,0,0,1,0,0,0,0
33004,hitchhikers guide to the galaxy the,2005.0,0,0,1,0,0,1,0,0,0,0,0,0,0,0,0,0,1,0,0,0
33085,amityville horror the,2005.0,0,0,0,0,0,0,0,0,0,0,0,1,0,0,0,0,0,1,0,0
33090,mutant aliens,2001.0,0,0,0,1,0,1,0,0,0,0,0,0,0,0,0,0,1,0,0,0
33124,before the fall napola  elite für den führer,2004.0,0,0,0,0,0,0,0,0,1,0,0,0,0,0,0,0,0,0,1,0
33126,frisco kid the,1979.0,0,0,0,0,0,1,0,0,0,0,0,0,0,0,0,0,0,0,0,1
33132,state property 2,2005.0,0,1,0,0,0,0,1,0,1,0,0,0,0,0,0,0,0,0,0,0
33138,palindromes,2004.0,0,0,1,0,0,1,0,0,1,0,0,0,0,0,0,0,0,0,0,0
33145,lot like love a,2005.0,0,0,0,0,0,1,0,0,1,0,0,0,0,0,0,1,0,0,0,0
33148,kings ransom,2005.0,0,0,0,0,0,1,1,0,0,0,0,0,0,0,0,0,0,0,0,0
33154,enron the smartest guys in the room,2005.0,0,0,0,0,0,0,0,1,0,0,0,0,0,0,0,0,0,0,0,0
33158,xxx state of the union,2005.0,0,1,0,0,0,0,1,0,0,0,0,0,0,0,0,0,0,1,0,0
33162,kingdom of heaven,2005.0,0,1,0,0,0,0,0,0,1,0,0,0,0,0,0,1,0,0,1,0
33164,house of wax,2005.0,0,0,0,0,0,0,0,0,0,0,0,1,0,0,0,0,0,1,0,0
33166,crash,2004.0,0,0,0,0,0,0,1,0,1,0,0,0,0,0,0,0,0,0,0,0
33171,mysterious skin,2004.0,0,0,0,0,0,0,0,0,1,0,0,0,0,0,1,0,0,0,0,0
33188,mischief,1985.0,0,0,0,0,0,1,0,0,0,0,0,0,0,0,0,1,0,0,0,0
33201,between your legs entre las piernas,1999.0,0,0,0,0,0,0,0,0,1,0,0,0,0,0,1,1,0,1,0,0
33237,san francisco,1936.0,0,0,0,0,0,0,0,0,1,0,0,0,0,1,0,1,0,0,0,0
33294,vampire hunter d,1985.0,0,0,0,1,0,0,0,0,0,1,0,1,0,0,0,0,0,0,0,0
33310,common thread a aka sequins brodeuses,2004.0,0,0,0,0,0,0,0,0,1,0,0,0,0,0,0,1,0,0,0,0
33312,cocoanuts the,1929.0,0,0,0,0,0,1,0,0,0,0,0,0,0,1,0,0,0,0,0,0
33421,dear wendy,2005.0,0,0,0,0,0,0,0,0,1,0,0,0,0,0,0,0,0,0,0,0
33435,los angeles plays itself,2003.0,0,0,0,0,0,0,0,1,0,0,0,0,0,0,0,0,0,0,0,0
33437,unleashed danny the dog,2005.0,0,1,0,0,0,0,1,0,1,0,0,0,0,0,0,0,0,1,0,0
33493,star wars episode iii  revenge of the sith,2005.0,0,1,1,0,0,0,0,0,0,0,0,0,0,0,0,0,1,0,0,0
33495,kicking  screaming,2005.0,0,0,0,0,0,1,0,0,0,0,0,0,0,0,0,0,0,0,0,0
33499,monsterinlaw,2005.0,0,0,0,0,0,1,0,0,0,0,0,0,0,0,0,1,0,0,0,0
33558,snow walker the,2003.0,0,0,1,0,0,0,0,0,1,0,0,0,0,0,0,0,0,0,0,0
33564,divorce  italian style divorzio allitaliana,1961.0,0,0,0,0,0,1,0,0,0,0,0,0,0,0,0,0,0,0,0,0
33615,madagascar,2005.0,0,0,1,1,1,1,0,0,0,0,0,0,0,0,0,0,0,0,0,0
33629,airborne,1993.0,0,0,1,0,0,1,0,0,0,0,0,0,0,0,0,0,0,0,0,0
33639,mad hot ballroom,2005.0,0,0,0,0,1,0,0,1,0,0,0,0,0,0,0,0,0,0,0,0
33644,dominion prequel to the exorcist,2005.0,0,0,0,0,0,0,0,0,0,0,0,1,0,0,0,0,0,1,0,0
33646,longest yard the,2005.0,0,0,0,0,0,1,0,0,1,0,0,0,0,0,0,0,0,0,0,0
33649,saving face,2004.0,0,0,0,0,0,1,0,0,1,0,0,0,0,0,0,1,0,0,0,0
33660,cinderella man,2005.0,0,0,0,0,0,0,0,0,1,0,0,0,0,0,0,1,0,0,0,0
33669,sisterhood of the traveling pants the,2005.0,0,0,1,0,0,1,0,0,1,0,0,0,0,0,0,0,0,0,0,0
33672,lords of dogtown,2005.0,0,1,0,0,0,1,0,0,1,0,0,0,0,0,0,0,0,0,0,0
33677,rock school,2005.0,0,0,0,0,0,0,0,1,0,0,0,0,0,0,0,0,0,0,0,0
33679,mr  mrs smith,2005.0,0,1,1,0,0,1,0,0,0,0,0,0,0,0,0,1,0,0,0,0
33681,adventures of sharkboy and lavagirl 3d the,2005.0,0,1,1,0,1,0,0,0,0,1,0,0,0,0,0,0,0,0,0,0
33683,high tension haute tension switchblade romance,2003.0,0,0,0,0,0,0,0,0,0,0,0,1,0,0,0,0,0,1,0,0
33725,its all gone pete tong,2004.0,0,0,0,0,0,1,0,0,1,0,0,0,0,1,0,0,0,0,0,0
33779,eddie izzard dress to kill,1999.0,0,0,0,0,0,1,0,0,0,0,0,0,0,0,0,0,0,0,0,0
33781,quo vadis,1951.0,0,0,0,0,0,0,0,0,1,0,0,0,0,0,0,1,0,0,0,0
33794,batman begins,2005.0,0,1,0,0,0,0,1,0,0,0,0,0,1,0,0,0,0,0,0,0
33801,godzilla final wars gojira fainaru uôzu,2004.0,0,1,1,0,0,0,0,0,0,1,0,0,0,0,0,0,1,0,0,0
33815,perfect man the,2005.0,0,0,0,0,0,1,0,0,1,0,0,0,0,0,0,1,0,0,0,0
33826,saint ralph,2004.0,0,0,0,0,0,1,0,0,1,0,0,0,0,0,0,0,0,0,0,0
33830,herbie fully loaded,2005.0,0,0,1,0,0,1,0,0,0,0,0,0,0,0,0,1,0,0,0,0
33834,land of the dead,2005.0,0,1,0,0,0,0,0,0,0,0,0,1,0,0,0,0,0,1,0,0
33836,bewitched,2005.0,0,0,0,0,0,1,0,0,0,1,0,0,0,0,0,1,0,0,0,0
33838,rize,2005.0,0,0,0,0,0,0,0,1,0,0,0,0,0,0,0,0,0,0,0,0
33880,me and you and everyone we know,2005.0,0,0,0,0,0,1,0,0,1,0,0,0,0,0,0,0,0,0,0,0
33893,perfect crime the crimen ferpecto ferpect crime,2004.0,0,0,0,0,0,1,1,0,0,0,0,0,0,0,0,0,0,1,0,0
33896,3 extremes three extremes saam gaang yi,2004.0,0,0,0,0,0,0,0,0,0,0,0,1,0,0,0,0,0,0,0,0
33903,edukators the die fetten jahre sind vorbei,2004.0,0,0,0,0,0,1,1,0,1,0,0,0,0,0,0,1,0,0,0,0
33966,cop and ½,1993.0,0,0,0,0,0,1,0,0,0,0,0,0,0,0,0,0,0,0,0,0
34018,at the circus,1939.0,0,0,0,0,0,1,0,0,0,0,0,0,0,1,0,0,0,0,0,0
34048,war of the worlds,2005.0,0,1,1,0,0,0,0,0,0,0,0,0,0,0,0,0,1,1,0,0
34072,march of the penguins marche de lempereur la,2005.0,0,0,0,0,0,0,0,1,0,0,0,0,0,0,0,0,0,0,0,0
34129,rebound,2005.0,0,0,0,0,0,1,0,0,0,0,0,0,0,0,0,0,0,0,0,0
34143,dark water,2005.0,0,0,0,0,0,0,0,0,1,0,0,1,0,0,0,0,0,1,0,0
34148,beat that my heart skipped the battre mon coeur sest arrêté de,2005.0,0,0,0,0,0,0,0,0,1,0,0,0,0,0,0,0,0,0,0,0
34150,fantastic four,2005.0,0,1,1,0,0,0,0,0,0,0,0,0,0,0,0,0,1,0,0,0
34153,murderball,2005.0,0,0,0,0,0,0,0,1,0,0,0,0,0,0,0,0,0,0,0,0
34162,wedding crashers,2005.0,0,0,0,0,0,1,0,0,0,0,0,0,0,0,0,1,0,0,0,0
34164,happy endings,2005.0,0,0,0,0,0,1,0,0,1,0,0,0,0,0,0,0,0,0,0,0
34271,hustle  flow,2005.0,0,0,0,0,0,0,1,0,1,0,0,0,0,0,0,0,0,0,0,0
34292,hardware,1990.0,0,1,0,0,0,0,0,0,0,0,0,1,0,0,0,0,1,0,0,0
34312,calcium kid the,2004.0,0,0,0,0,0,1,0,0,0,0,0,0,0,0,0,0,0,0,0,0
34319,island the,2005.0,0,1,0,0,0,0,0,0,0,0,0,0,0,0,0,0,1,1,0,0
34321,bad news bears,2005.0,0,0,0,0,1,1,0,0,0,0,0,0,0,0,0,0,0,0,0,0
34323,devils rejects the,2005.0,0,1,0,0,0,0,1,0,0,0,0,1,0,0,0,0,0,0,0,0
34326,last days,2005.0,0,0,0,0,0,0,0,0,1,0,0,0,0,0,0,0,0,0,0,0
34330,november,2004.0,0,0,0,0,0,0,0,0,1,0,0,0,0,0,1,0,0,0,0,0
34332,sky high,2005.0,0,1,1,0,1,1,0,0,0,0,0,0,0,0,0,0,0,0,0,0
34334,stealth,2005.0,0,1,1,0,0,0,0,0,0,0,0,0,0,0,0,0,1,1,0,0
34336,must love dogs,2005.0,0,0,0,0,0,1,0,0,0,0,0,0,0,0,0,1,0,0,0,0
34338,aristocrats the,2005.0,0,0,0,0,0,1,0,1,0,0,0,0,0,0,0,0,0,0,0,0
34359,georgy girl,1966.0,0,0,0,0,0,1,0,0,0,0,0,0,0,0,0,0,0,0,0,0
34397,order the,2001.0,0,1,1,0,0,0,0,0,1,0,0,0,0,0,0,0,0,1,0,0
34405,serenity,2005.0,0,1,1,0,0,0,0,0,0,0,0,0,0,0,0,0,1,0,0,0
34437,broken flowers,2005.0,0,0,0,0,0,1,0,0,1,0,0,0,0,0,0,0,0,0,0,0
34450,miracles  mr canton and lady rose,1989.0,0,1,0,0,0,1,1,0,1,0,0,0,0,0,0,0,0,0,0,0
34482,browning version the,1951.0,0,0,0,0,0,0,0,0,1,0,0,0,0,0,0,0,0,0,0,0
34520,dukes of hazzard the,2005.0,0,1,1,0,0,1,0,0,0,0,0,0,0,0,0,0,0,0,0,0
34523,the chumscrubber,2005.0,0,0,0,0,0,1,0,0,1,0,0,0,0,0,0,0,0,0,0,0
34528,junebug,2005.0,0,0,0,0,0,1,0,0,1,0,0,0,0,0,0,0,0,0,0,0
34530,deuce bigalow european gigolo,2005.0,0,0,0,0,0,1,0,0,0,0,0,0,0,0,0,0,0,0,0,0
34532,skeleton key the,2005.0,0,0,0,0,0,0,0,0,1,0,0,1,0,0,1,0,0,1,0,0
34534,four brothers,2005.0,0,1,0,0,0,0,1,0,1,0,0,0,0,0,0,0,0,0,0,0
34536,the great raid,2005.0,0,1,0,0,0,0,0,0,1,0,0,0,0,0,0,0,0,0,1,0
34540,pretty persuasion,2005.0,0,0,0,0,0,1,0,0,1,0,0,0,0,0,0,0,0,0,0,0
34542,grizzly man,2005.0,0,0,0,0,0,0,0,1,0,0,0,0,0,0,0,0,0,0,0,0
34800,private resort,1985.0,0,0,0,0,0,1,0,0,0,0,0,0,0,0,0,0,0,0,0,0
34811,pusher ii with blood on my hands,2004.0,0,1,0,0,0,0,1,0,1,0,0,0,0,0,0,0,0,1,0,0
35015,duma,2005.0,0,0,1,0,0,0,0,0,1,0,0,0,0,0,0,0,0,0,0,0
35347,animal farm,1954.0,0,0,0,1,0,0,0,0,1,0,0,0,0,0,0,0,0,0,0,0
35807,teahouse of the august moon the,1956.0,0,0,0,0,0,1,0,0,0,0,0,0,0,0,0,0,0,0,0,0
35836,40yearold virgin the,2005.0,0,0,0,0,0,1,0,0,0,0,0,0,0,0,0,1,0,0,0,0
35957,red eye,2005.0,0,0,0,0,0,0,0,0,0,0,0,1,0,0,0,0,0,1,0,0
36276,hidden aka cache caché,2005.0,0,0,0,0,0,0,0,0,1,0,0,0,0,0,1,0,0,1,0,0
36289,asterix  obelix vs caesar astérix et obélix contre césar,1999.0,0,0,1,0,1,1,0,0,0,1,0,0,0,0,0,0,0,0,0,0
36363,kindzadza,1986.0,0,0,0,0,0,1,0,0,1,0,0,0,0,0,0,0,1,0,0,0
36397,valiant,2005.0,0,0,1,1,1,1,0,0,0,1,0,0,0,0,0,0,0,0,1,0
36401,brothers grimm the,2005.0,0,0,0,0,0,1,0,0,0,1,0,1,0,0,0,0,0,1,0,0
36477,baxter the,2005.0,0,0,0,0,0,1,0,0,1,0,0,0,0,0,0,1,0,0,0,0
36509,cave the,2005.0,0,1,1,0,0,0,0,0,0,0,0,1,0,0,1,0,1,1,0,0
36517,constant gardener the,2005.0,0,0,0,0,0,0,0,0,1,0,0,0,0,0,0,0,0,1,0,0
36519,transporter 2,2005.0,0,1,0,0,0,0,1,0,0,0,0,0,0,0,0,0,0,1,0,0
36525,just like heaven,2005.0,0,0,0,0,0,1,0,0,0,1,0,0,0,0,0,1,0,0,0,0
36527,proof,2005.0,0,0,0,0,0,0,0,0,1,0,0,0,0,0,0,0,0,0,0,0
36529,lord of war,2005.0,0,1,0,0,0,0,1,0,1,0,0,0,0,0,0,0,0,1,1,0
36533,cry_wolf aka cry wolf,2005.0,0,0,0,0,0,0,0,0,1,0,0,1,0,0,1,0,0,1,0,0
36535,everything is illuminated,2005.0,0,0,0,0,0,1,0,0,1,0,0,0,0,0,0,0,0,0,0,0
36537,thumbsucker,2005.0,0,0,0,0,0,1,0,0,1,0,0,0,0,0,0,0,0,0,0,0
36708,family guy presents stewie griffin the untold story,2005.0,0,0,1,1,0,1,0,0,0,0,0,0,0,0,0,0,0,0,0,0
36850,police story 2 ging chaat goo si juk jaap,1988.0,0,1,0,0,0,1,1,0,0,0,0,0,0,0,0,0,0,1,0,0
36931,new police story xin jing cha gu shi,2004.0,0,1,0,0,0,0,1,0,1,0,0,0,0,0,0,0,0,0,0,0
37211,go west,1940.0,0,0,0,0,0,1,0,0,0,0,0,0,0,1,0,0,0,0,0,1
37240,why we fight,2005.0,0,0,0,0,0,0,0,1,0,0,0,0,0,0,0,0,0,0,0,0
37380,doom,2005.0,0,1,0,0,0,0,0,0,0,0,0,1,0,0,0,0,1,0,0,0
37382,domino,2005.0,0,0,0,0,0,0,1,0,1,0,0,0,0,0,0,0,0,1,0,0
37384,waiting,2005.0,0,0,0,0,0,1,0,0,0,0,0,0,0,0,0,0,0,0,0,0
37386,aeon flux,2005.0,0,1,0,0,0,0,0,0,0,0,0,0,0,0,0,0,1,0,0,0
37444,frankenstein 90,1984.0,0,0,0,0,0,1,0,0,0,0,0,1,0,0,0,1,0,0,0,0
37475,unfinished life an,2005.0,0,0,0,0,0,0,0,0,1,0,0,0,0,0,0,0,0,0,0,0
37477,man the,2005.0,0,1,0,0,0,1,1,0,0,0,0,0,0,0,0,0,0,0,0,0
37495,survive style 5,2004.0,0,0,0,0,0,0,0,0,0,1,0,0,0,0,1,1,0,1,0,0
37545,woyzeck,1979.0,0,0,0,0,0,0,0,0,1,0,0,0,0,0,0,0,0,0,0,0
37720,exorcism of emily rose the,2005.0,0,0,0,0,0,0,1,0,1,0,0,1,0,0,0,0,0,1,0,0
37727,flightplan,2005.0,0,1,0,0,0,0,0,0,1,0,0,0,0,0,0,0,0,1,0,0
37729,corpse bride,2005.0,0,0,0,1,0,1,0,0,0,1,0,0,0,1,0,1,0,0,0,0
37731,green street hooligans aka hooligans,2005.0,0,0,0,0,0,0,1,0,1,0,0,0,0,0,0,0,0,0,0,0
37733,history of violence a,2005.0,0,1,0,0,0,0,1,0,1,0,0,0,0,0,0,0,0,1,0,0
37736,oliver twist,2005.0,0,0,0,0,0,0,0,0,1,0,0,0,0,0,0,0,0,0,0,0
37739,greatest game ever played the,2005.0,0,0,0,0,0,0,0,0,1,0,0,0,0,0,0,0,0,0,0,0
37741,capote,2005.0,0,0,0,0,0,0,1,0,1,0,0,0,0,0,0,0,0,0,0,0
37830,final fantasy vii advent children,2004.0,0,1,1,1,0,0,0,0,0,1,0,0,0,0,0,0,1,0,0,0
37844,roll bounce,2005.0,0,0,0,0,0,1,0,0,1,0,0,0,0,0,0,1,0,0,0,0
37853,into the blue,2005.0,0,1,1,0,0,0,1,0,0,0,0,0,0,0,0,0,0,1,0,0
37857,mirrormask,2005.0,0,0,1,0,1,0,0,0,1,1,0,0,0,0,0,0,0,0,0,0
38038,wallace  gromit in the curse of the wererabbit,2005.0,0,0,1,1,1,1,0,0,0,0,0,0,0,0,0,0,0,0,0,0
38061,kiss kiss bang bang,2005.0,0,0,0,0,0,1,1,0,0,0,0,0,0,0,1,0,0,1,0,0
38095,bittersweet life a dalkomhan insaeng,2005.0,0,1,0,0,0,0,1,0,1,0,0,0,0,0,0,0,0,0,0,0
38159,short film about love a krótki film o milosci,1988.0,0,0,0,0,0,0,0,0,1,0,0,0,0,0,0,1,0,0,0,0
38164,all this and heaven too,1940.0,0,0,0,0,0,0,0,0,1,0,0,0,0,0,0,1,0,0,0,0
38198,darwins nightmare,2004.0,0,0,0,0,0,0,0,1,0,0,0,0,0,0,0,0,0,0,0,0
38294,beowulf  grendel,2005.0,0,1,1,0,0,0,0,0,1,1,0,0,0,0,0,0,0,0,0,0
38304,no direction home bob dylan,2005.0,0,0,0,0,0,0,0,1,0,0,0,0,0,0,0,0,0,0,0,0
38388,goal the dream begins goal,2005.0,0,0,0,0,0,0,0,0,1,0,0,0,0,0,0,0,0,0,0,0
38583,wraith the,1986.0,0,1,0,0,0,0,0,0,0,0,0,1,0,0,0,0,1,1,0,0
38798,in her shoes,2005.0,0,0,0,0,0,1,0,0,1,0,0,0,0,0,0,0,0,0,0,0
38886,squid and the whale the,2005.0,0,0,0,0,0,1,0,0,1,0,0,0,0,0,0,0,0,0,0,0
38992,two for the money,2005.0,0,0,0,0,0,0,0,0,1,0,0,0,0,0,0,0,0,0,0,0
39183,brokeback mountain,2005.0,0,0,0,0,0,0,0,0,1,0,0,0,0,0,0,1,0,0,0,0
39231,elizabethtown,2005.0,0,0,0,0,0,1,0,0,1,0,0,0,0,0,0,1,0,0,0,0
39234,north country,2005.0,0,0,0,0,0,0,0,0,1,0,0,0,0,0,0,0,0,0,0,0
39292,good night and good luck,2005.0,0,0,0,0,0,0,1,0,1,0,0,0,0,0,0,0,0,0,0,0
39307,dreamer inspired by a true story,2005.0,0,0,0,0,1,0,0,0,1,0,0,0,0,0,0,0,0,0,0,0
39381,proposition the,2005.0,0,0,0,0,0,0,1,0,1,0,0,0,0,0,0,0,0,0,0,1
39400,fog the,2005.0,0,1,0,0,0,0,0,0,0,0,0,1,0,0,1,0,0,1,0,0
39414,shopgirl,2005.0,0,0,0,0,0,1,0,0,1,0,0,0,0,0,0,1,0,0,0,0
39427,stay,2005.0,0,0,0,0,0,0,0,0,0,0,0,0,0,0,0,0,0,1,0,0
39435,legend of zorro the,2005.0,0,1,1,0,0,0,0,0,1,0,0,0,0,0,0,0,0,0,0,1
39444,weather man the,2005.0,0,0,0,0,0,1,0,0,1,0,0,0,0,0,0,0,0,0,0,0
39446,saw ii,2005.0,0,0,0,0,0,0,0,0,0,0,0,1,0,0,0,0,0,1,0,0
39449,prime,2005.0,0,0,0,0,0,1,0,0,1,0,0,0,0,0,0,1,0,0,0,0
39516,dont move non ti muovere,2004.0,0,0,0,0,0,0,0,0,1,0,0,0,0,0,0,0,0,0,0,0
39715,american pie presents band camp american pie 4 band camp,2005.0,0,0,0,0,0,1,0,0,0,0,0,0,0,0,0,0,0,0,0,0
39801,great yokai war the yôkai daisensô,2005.0,0,0,1,0,0,1,0,0,0,1,0,1,0,0,0,0,0,0,0,0
39869,manderlay,2005.0,0,0,0,0,0,0,0,0,1,0,0,0,0,0,0,0,0,0,0,0
40148,revolver,2005.0,0,0,0,0,0,0,1,0,1,0,0,0,0,0,0,0,0,1,0,0
40278,jarhead,2005.0,0,1,0,0,0,0,0,0,1,0,0,0,0,0,0,0,0,0,1,0
40339,chicken little,2005.0,0,1,1,1,1,1,0,0,0,0,0,0,0,0,0,0,1,0,0,0
40412,dead mans shoes,2004.0,0,0,0,0,0,0,1,0,0,0,0,0,0,0,0,0,0,1,0,0
40414,joyeux noël merry christmas,2005.0,0,0,0,0,0,0,0,0,1,0,0,0,0,0,0,0,0,0,1,0
40478,night of the lepus,1972.0,0,0,0,0,0,0,0,0,0,0,0,1,0,0,0,0,1,1,0,0
40491,match factory girl the tulitikkutehtaan tyttö,1990.0,0,0,0,0,0,1,0,0,1,0,0,0,0,0,0,0,0,0,0,0
40578,sword of the beast kedamono no ken,1965.0,0,1,0,0,0,0,0,0,1,0,0,0,0,0,0,0,0,0,0,0
40581,just friends,2005.0,0,0,0,0,0,1,0,0,0,0,0,0,0,0,0,1,0,0,0,0
40583,syriana,2005.0,0,0,0,0,0,0,0,0,1,0,0,0,0,0,0,0,0,1,0,0
40597,oneway ticket to mombasa menolippu mombasaan,2002.0,0,0,0,0,0,1,0,0,1,0,0,0,0,0,0,0,0,0,0,0
40614,derailed,2005.0,0,0,0,0,0,0,0,0,1,0,0,0,0,0,0,0,0,1,0,0
40617,creep,2004.0,0,0,0,0,0,0,0,0,0,0,0,1,0,0,0,0,0,1,0,0
40629,pride  prejudice,2005.0,0,0,0,0,0,0,0,0,1,0,0,0,0,0,0,1,0,0,0,0
40697,babylon 5,,0,0,0,0,0,0,0,0,0,0,0,0,0,0,0,0,1,0,0,0
40723,wolf creek,2005.0,0,0,0,0,0,0,1,0,0,0,0,1,0,0,0,0,0,1,0,0
40732,descent the,2005.0,0,0,1,0,0,0,0,0,1,0,0,1,0,0,0,0,0,1,0,0
40815,harry potter and the goblet of fire,2005.0,0,0,1,0,0,0,0,0,0,1,0,0,1,0,0,0,0,1,0,0
40819,walk the line,2005.0,0,0,0,0,0,0,0,0,1,0,0,0,0,1,0,1,0,0,0,0
40826,rent,2005.0,0,0,0,0,0,0,0,0,1,0,0,0,0,1,0,1,0,0,0,0
40851,zathura,2005.0,0,1,1,0,1,0,0,0,0,1,0,0,0,0,0,0,0,0,0,0
40870,crazy,2005.0,0,0,0,0,0,0,0,0,1,0,0,0,0,0,0,0,0,0,0,0
40946,sarah silverman jesus is magic,2005.0,0,0,0,0,0,1,0,0,0,0,0,0,0,1,0,0,0,0,0,0
40955,breakfast on pluto,2005.0,0,0,0,0,0,1,0,0,1,0,0,0,0,0,0,0,0,0,0,0
40959,ice harvest the,2005.0,0,1,0,0,0,1,1,0,0,0,0,0,0,0,0,0,0,1,0,0
40962,yours mine and ours,2005.0,0,0,0,0,0,1,0,0,0,0,0,0,0,0,0,1,0,0,0,0
40966,libertine the,2004.0,0,0,0,0,0,0,0,0,1,0,0,0,0,0,0,0,0,0,0,0
41014,bird with the crystal plumage the uccello dalle piume di cristallo l,1970.0,0,0,0,0,0,0,1,0,0,0,0,1,0,0,1,0,0,1,0,0
41285,match point,2005.0,0,0,0,0,0,0,1,0,1,0,0,0,0,0,0,1,0,0,0,0
41527,paradise now,2005.0,0,0,0,0,0,0,1,0,1,0,0,0,0,0,0,0,0,1,1,0
41566,chronicles of narnia the lion the witch and the wardrobe the,2005.0,0,0,1,0,1,0,0,0,0,1,0,0,0,0,0,0,0,0,0,0
41569,king kong,2005.0,0,1,1,0,0,0,0,0,1,1,0,0,0,0,0,0,0,1,0,0
41571,memoirs of a geisha,2005.0,0,0,0,0,0,0,0,0,1,0,0,0,0,0,0,1,0,0,0,0
41573,family stone the,2005.0,0,0,0,0,0,1,0,0,1,0,0,0,0,0,0,1,0,0,0,0
41617,havoc,2005.0,0,0,0,0,0,0,1,0,1,0,0,0,0,0,0,1,0,0,0,0
41627,samurai rebellion jôiuchi hairyô tsuma shimatsu,1967.0,0,1,0,0,0,0,0,0,1,0,0,0,0,0,0,0,0,0,0,0
41712,room for romeo brass a,1999.0,0,0,0,0,0,1,0,0,1,0,0,0,0,0,0,0,0,0,0,0
41716,matador the,2005.0,0,0,0,0,0,1,0,0,1,0,0,0,0,0,0,0,0,1,0,0
41724,walmart the high cost of low price,2005.0,0,0,0,0,0,0,0,1,0,0,0,0,0,0,0,0,0,0,0,0
41769,mozart and the whale,2005.0,0,0,0,0,0,1,0,0,1,0,0,0,0,0,0,1,0,0,0,0
41828,dont look now were being shot at la grande vadrouille,1966.0,0,0,0,0,0,1,0,0,0,0,0,0,0,0,0,0,0,0,1,0
41863,three burials of melquiades estrada the,2006.0,0,0,1,0,0,0,1,0,1,0,0,0,0,0,0,0,0,0,0,0
41997,munich,2005.0,0,1,0,0,0,0,1,0,1,0,0,0,0,0,0,0,0,1,0,0
42002,producers the,2005.0,0,0,0,0,0,1,0,0,0,0,0,0,0,1,0,0,0,0,0,0
42004,transamerica,2005.0,0,0,1,0,0,1,0,0,1,0,0,0,0,0,0,0,0,0,0,0
42007,rumor has it,2005.0,0,0,0,0,0,1,0,0,1,0,0,0,0,0,0,1,0,0,0,0
42009,cheaper by the dozen 2,2005.0,0,0,1,0,0,1,0,0,0,0,0,0,0,0,0,0,0,0,0,0
42011,fun with dick and jane,2005.0,0,0,0,0,0,1,1,0,0,0,0,0,0,0,0,0,0,0,0,0
42013,ringer the,2005.0,0,0,0,0,0,1,0,0,0,0,0,0,0,0,0,0,0,0,0,0
42015,casanova,2005.0,0,1,1,0,0,1,0,0,1,0,0,0,0,0,0,1,0,0,0,0
42018,mrs henderson presents,2005.0,0,0,0,0,0,1,0,0,1,0,0,0,0,0,0,0,0,0,0,0
42176,ear the ucho,1970.0,0,0,0,0,0,0,0,0,1,0,0,0,0,0,0,0,0,1,0,0
42191,luxo jr,1986.0,0,0,0,1,1,0,0,0,0,0,0,0,0,0,0,0,0,0,0,0
42285,dentist the,1996.0,0,0,0,0,0,0,0,0,0,0,0,1,0,0,0,0,0,1,0,0
42418,new world the,2005.0,0,0,1,0,0,0,0,0,1,0,0,0,0,0,0,1,0,0,0,0
42422,voices of a distant star hoshi no koe,2003.0,0,0,0,1,0,0,0,0,1,0,0,0,0,0,0,1,1,0,0,0
42556,7 faces of dr lao,1964.0,0,0,0,0,0,0,0,0,0,1,0,0,0,0,1,0,0,0,0,1
42559,samurai assassin samurai,1965.0,0,1,1,0,0,0,0,0,1,0,0,0,0,0,0,0,0,0,0,0
42602,boys of baraka the,2005.0,0,0,0,0,0,0,0,1,0,0,0,0,0,0,0,0,0,0,0,0
42632,lady vengeance sympathy for lady vengeance chinjeolhan geumjassi,2005.0,0,0,0,0,0,0,1,0,1,0,0,0,0,0,1,0,0,1,0,0
42638,grand theft parsons,2003.0,0,0,0,0,0,1,0,0,1,0,0,0,0,0,0,0,0,0,0,0
42718,district 13 banlieue 13,2004.0,0,1,0,0,0,0,1,0,0,0,0,0,0,0,0,0,1,0,0,0
42723,hostel,2005.0,0,0,0,0,0,0,0,0,0,0,0,1,0,0,0,0,0,0,0,0
42725,grandmas boy,2006.0,0,0,0,0,0,1,0,0,0,0,0,0,0,0,0,0,0,0,0,0
42728,tristan  isolde,2006.0,0,0,0,0,0,0,0,0,1,0,0,0,0,0,0,1,0,0,0,0
42730,glory road,2006.0,0,0,0,0,0,0,0,0,1,0,0,0,0,0,0,0,0,0,0,0
42732,last holiday,2006.0,0,0,0,0,0,1,0,0,0,0,0,0,0,0,0,0,0,0,0,0
42734,hoodwinked,2005.0,0,0,0,1,1,1,0,0,0,0,0,0,0,0,0,0,0,0,0,0
42738,underworld evolution,2006.0,0,1,0,0,0,0,0,0,0,1,0,1,0,0,0,0,0,0,0,0
42740,looking for comedy in the muslim world,2005.0,0,0,0,0,0,1,0,0,0,0,0,0,0,0,0,0,0,0,0,0
42761,casper meets wendy,1998.0,0,0,1,0,1,1,0,0,0,1,0,0,0,0,0,0,0,0,0,0
42943,revolution,1985.0,0,0,1,0,0,0,0,0,1,0,0,0,0,0,0,0,0,0,1,0
42946,project a a gai waak,1983.0,0,1,0,0,0,1,0,0,0,0,0,0,0,0,0,0,0,0,0,0
43289,bird people in china the chûgoku no chôjin,1998.0,0,0,1,0,0,1,0,0,1,1,0,0,0,0,0,0,0,0,0,0
43333,water,2005.0,0,0,0,0,0,0,0,0,1,0,0,0,0,0,0,1,0,0,0,0
43376,sophie scholl the final days sophie scholl  die letzten tage,2005.0,0,0,0,0,0,0,0,0,1,0,0,0,0,0,0,0,0,0,1,0
43396,worlds fastest indian the,2005.0,0,0,0,0,0,0,0,0,1,0,0,0,0,0,0,0,0,0,0,0
43419,bandidas,2006.0,0,1,0,0,0,1,1,0,0,0,0,0,0,0,0,0,0,0,0,1
43460,tristram shandy a cock and bull story,2005.0,0,0,0,0,0,1,0,0,1,0,0,0,0,0,0,0,0,0,0,0
43549,helter skelter,2004.0,0,1,0,0,0,0,1,0,1,0,0,1,0,0,0,0,0,0,0,0
43556,annapolis,2006.0,0,0,0,0,0,0,0,0,1,0,0,0,0,0,0,0,0,0,0,0
43558,big mommas house 2,2006.0,0,1,0,0,0,1,1,0,0,0,0,0,0,0,0,0,0,0,0,0
43560,nanny mcphee,2005.0,0,0,0,0,1,1,0,0,0,1,0,0,0,0,0,0,0,0,0,0
43677,tuskegee airmen the,1995.0,0,0,0,0,0,0,0,0,1,0,0,0,0,0,0,0,0,0,1,0
43679,final destination 3,2006.0,0,0,0,0,0,0,0,0,0,0,0,1,0,0,1,0,0,1,0,0
43684,something new,2006.0,0,0,0,0,0,1,0,0,1,0,0,0,0,0,0,1,0,0,0,0
43708,block party aka dave chappelles block party,2005.0,0,0,0,0,0,1,0,1,0,0,0,0,0,0,0,0,0,0,0,0
43744,imagine me  you,2005.0,0,0,0,0,0,1,0,0,1,0,0,0,0,0,0,1,0,0,0,0
43836,pink panther the,2006.0,0,0,1,0,0,1,1,0,0,0,0,0,0,0,0,0,0,0,0,0
43869,curious george,2006.0,0,0,1,1,1,1,0,0,0,0,0,0,0,0,0,0,0,0,0,0
43871,firewall,2006.0,0,0,0,0,0,0,1,0,1,0,0,0,0,0,0,0,0,1,0,0
43904,when a stranger calls,2006.0,0,0,0,0,0,0,0,0,0,0,0,1,0,0,0,0,0,1,0,0
43908,london,2005.0,0,0,0,0,0,0,0,0,1,0,0,0,0,0,0,0,0,0,0,0
43912,freedomland,2006.0,0,0,0,0,0,0,1,0,1,0,0,0,0,0,0,0,0,0,0,0
43914,winter passing,2005.0,0,0,0,0,0,0,0,0,1,0,0,0,0,0,0,0,0,0,0,0
43917,eight below,2006.0,0,1,1,0,0,0,0,0,1,0,0,0,0,0,0,1,0,0,0,0
43919,date movie,2006.0,0,0,0,0,0,1,0,0,0,0,0,0,0,0,0,1,0,0,0,0
43921,running scared,2006.0,0,1,0,0,0,0,1,0,0,0,0,0,0,0,0,0,0,1,0,0
43928,ultraviolet,2006.0,0,1,0,0,0,0,0,0,0,1,0,0,0,0,0,0,1,1,0,0
43930,just my luck,2006.0,0,0,0,0,0,1,0,0,0,0,0,0,0,0,0,1,0,0,0,0
43932,pulse,2006.0,0,1,0,0,0,0,0,0,1,1,0,1,0,0,1,0,1,1,0,0
43936,16 blocks,2006.0,0,0,0,0,0,0,1,0,0,0,0,0,0,0,0,0,0,1,0,0
44004,failure to launch,2006.0,0,0,0,0,0,1,0,0,0,0,0,0,0,0,0,1,0,0,0,0
44020,ultimate avengers,2006.0,0,1,0,1,1,0,0,0,0,0,0,0,0,0,0,0,1,0,0,0
44022,ice age 2 the meltdown,2006.0,0,0,1,1,1,1,0,0,0,0,0,0,0,0,0,0,0,0,0,0
44189,ask the dust,2006.0,0,0,0,0,0,0,0,0,1,0,0,0,0,0,0,1,0,0,0,0
44191,v for vendetta,2006.0,0,1,0,0,0,0,0,0,0,0,0,0,1,0,0,0,1,1,0,0
44193,shes the man,2006.0,0,0,0,0,0,1,0,0,0,0,0,0,0,0,0,1,0,0,0,0
44195,thank you for smoking,2006.0,0,0,0,0,0,1,0,0,1,0,0,0,0,0,0,0,0,0,0,0
44197,find me guilty,2006.0,0,0,0,0,0,1,1,0,1,0,0,0,0,0,0,0,0,0,0,0
44199,inside man,2006.0,0,0,0,0,0,0,1,0,1,0,0,0,0,0,0,0,0,1,0,0
44204,tsotsi,2005.0,0,0,0,0,0,0,1,0,1,0,0,0,0,0,0,0,0,0,0,0
44225,aquamarine,2006.0,0,0,0,0,1,1,0,0,0,1,0,0,0,0,0,0,0,0,0,0
44238,leprechaun 2,1994.0,0,0,0,0,0,1,0,0,0,1,0,1,0,0,0,0,0,0,0,0
44241,leprechaun 3,1995.0,0,0,0,0,0,1,0,0,0,1,0,1,0,0,0,0,0,0,0,0
44243,leprechaun 4 in space,1997.0,0,0,0,0,0,1,0,0,0,1,0,1,0,0,0,0,1,0,0,0
44301,lights in the dusk laitakaupungin valot,2006.0,0,0,0,0,0,0,1,0,1,0,0,0,0,0,0,0,0,0,0,0
44397,hills have eyes the,2006.0,0,0,0,0,0,0,0,0,1,0,0,1,0,0,0,0,0,1,0,0
44399,shaggy dog the,2006.0,0,0,1,0,1,1,0,0,0,1,0,0,0,0,0,0,0,0,0,0
44511,unknown white male,2005.0,0,0,0,0,0,0,0,1,0,0,0,0,0,0,0,0,0,0,0,0
44555,lives of others the das leben der anderen,2006.0,0,0,0,0,0,0,0,0,1,0,0,0,0,0,0,1,0,1,0,0
44597,youth of the beast yaju no seishun,1963.0,0,1,0,0,0,0,1,0,0,0,0,0,0,0,1,0,0,0,0,0
44613,take the lead,2006.0,0,0,0,0,0,0,0,0,1,0,0,0,0,0,0,0,0,0,0,0
44633,devil and daniel johnston the,2005.0,0,0,0,0,0,0,0,1,0,0,0,0,0,0,0,0,0,0,0,0
44657,mouchette,1967.0,0,0,0,0,0,0,0,0,1,0,0,0,0,0,0,0,0,0,0,0
44665,lucky number slevin,2006.0,0,0,0,0,0,0,1,0,1,0,0,0,0,0,1,0,0,0,0,0
44694,volver,2006.0,0,0,0,0,0,1,0,0,1,0,0,0,0,0,0,0,0,0,0,0
44709,akeelah and the bee,2006.0,0,0,0,0,0,0,0,0,1,0,0,0,0,0,0,0,0,0,0,0
44719,brainstorm,2001.0,0,0,0,0,0,0,0,0,1,0,0,0,0,0,0,0,0,0,0,0
44731,stay alive,2006.0,0,0,0,0,0,0,0,0,0,0,0,1,0,0,0,0,1,1,0,0
44759,basic instinct 2,2006.0,0,0,0,0,0,0,1,0,1,0,0,0,0,0,1,0,0,1,0,0
44761,brick,2005.0,0,0,0,0,0,0,1,0,1,0,1,0,0,0,1,0,0,0,0,0
44773,dead hate the living the,2000.0,0,0,0,0,0,1,0,0,0,0,0,1,0,0,0,0,0,0,0,0
44777,evil aliens,2005.0,0,0,0,0,0,1,0,0,0,0,0,1,0,0,0,0,1,0,0,0
44788,this film is not yet rated,2006.0,0,0,0,0,0,0,0,1,0,0,0,0,0,0,0,0,0,0,0,0
44828,slither,2006.0,0,0,0,0,0,1,0,0,0,0,0,1,0,0,0,0,1,0,0,0
44840,benchwarmers the,2006.0,0,0,0,0,0,1,0,0,0,0,0,0,0,0,0,0,0,0,0,0
44849,renaissance,2006.0,0,1,0,1,0,0,0,0,0,0,1,0,0,0,0,0,1,1,0,0
44851,go for zucker alles auf zucker,2004.0,0,0,0,0,0,1,0,0,0,0,0,0,0,0,0,0,0,0,0,0
44864,friends with money,2006.0,0,0,0,0,0,1,0,0,1,0,0,0,0,0,0,1,0,0,0,0
44889,reefer madness the movie musical,2005.0,0,0,0,0,0,1,0,0,1,0,0,0,0,1,0,0,0,0,0,0
44929,candy,2006.0,0,0,0,0,0,0,0,0,1,0,0,0,0,0,0,1,0,0,0,0
44931,secrets of a soul geheimnisse einer seele,1926.0,0,0,0,0,0,0,0,0,1,0,0,0,0,0,0,0,0,0,0,0
44937,child the lenfant,2005.0,0,0,0,0,0,0,1,0,1,0,0,0,0,0,0,0,0,0,0,0
44943,911,2002.0,0,0,0,0,0,0,0,1,0,0,0,0,0,0,0,0,0,0,0,0
44972,scary movie 4,2006.0,0,0,0,0,0,1,0,0,0,0,0,1,0,0,0,0,0,0,0,0
44974,hard candy,2005.0,0,0,0,0,0,0,0,0,1,0,0,0,0,0,0,0,0,1,0,0
45028,prairie home companion a,2006.0,0,0,0,0,0,1,0,0,1,0,0,0,0,1,0,0,0,0,0,0
45062,sentinel the,2006.0,0,0,0,0,0,0,1,0,1,0,0,0,0,0,0,0,0,1,0,0
45074,wild the,2006.0,0,0,1,1,1,1,0,0,0,1,0,0,0,0,0,0,0,0,0,0
45081,silent hill,2006.0,0,0,0,0,0,0,0,0,0,1,0,1,0,0,0,0,0,1,0,0
45106,american dreamz,2006.0,0,0,0,0,0,1,0,0,1,0,0,0,0,0,0,0,0,0,0,0
45175,kinky boots,2005.0,0,0,0,0,0,1,0,0,1,0,0,0,0,0,0,0,0,0,0,0
45183,protector the aka warrior king tom yum goong,2005.0,0,1,0,0,0,1,1,0,0,0,0,0,0,0,0,0,0,1,0,0
45186,mission impossible iii,2006.0,0,1,1,0,0,0,0,0,0,0,0,0,0,0,0,0,0,1,0,0
45208,rv,2006.0,0,0,1,0,1,1,0,0,0,0,0,0,0,0,0,0,0,0,0,0
45210,united 93,2006.0,0,0,0,0,0,0,1,0,1,0,0,0,0,0,0,0,0,0,0,0
45221,stick it,2006.0,0,0,0,0,0,1,0,0,0,0,0,0,0,0,0,0,0,0,0,0
45361,american haunting an,2005.0,0,0,0,0,0,0,0,0,1,0,0,1,0,0,1,0,0,1,0,0
45382,down in the valley,2005.0,0,0,0,0,0,0,0,0,1,0,0,0,0,0,0,1,0,0,0,0
45431,over the hedge,2006.0,0,0,1,1,1,1,0,0,0,0,0,0,0,0,0,0,0,0,0,0
45440,art school confidential,2006.0,0,0,0,0,0,1,0,0,1,0,0,0,0,0,0,0,0,0,0,0
45442,poseidon,2006.0,0,1,1,0,0,0,0,0,0,0,0,0,1,0,0,0,0,1,0,0
45447,da vinci code the,2006.0,0,0,0,0,0,0,0,0,1,0,0,0,0,0,1,0,0,1,0,0
45499,xmen the last stand,2006.0,0,1,0,0,0,0,0,0,0,0,0,0,0,0,0,0,1,1,0,0
45501,breakup the,2006.0,0,0,0,0,0,1,0,0,1,0,0,0,0,0,0,1,0,0,0,0
45503,peaceful warrior,2006.0,0,0,0,0,0,0,0,0,1,0,0,0,0,0,0,0,0,0,0,0
45517,cars,2006.0,0,0,0,1,1,1,0,0,0,0,0,0,0,0,0,0,0,0,0,0
45635,notorious bettie page the,2005.0,0,0,0,0,0,0,0,0,1,0,0,0,0,0,0,0,0,0,0,0
45648,game 6,2005.0,0,0,0,0,0,1,0,0,1,0,0,0,0,0,0,0,0,0,0,0
45658,on a clear day,2005.0,0,0,0,0,0,0,0,0,1,0,0,0,0,0,0,0,0,0,0,0
45662,omen the,2006.0,0,0,0,0,0,0,0,0,0,0,0,1,0,0,0,0,0,1,0,0
45666,nacho libre,2006.0,0,0,0,0,0,1,0,0,0,0,0,0,0,0,0,0,0,0,0,0
45668,lake house the,2006.0,0,0,0,0,0,0,0,0,1,1,0,0,0,0,0,1,0,0,0,0
45672,click,2006.0,0,0,1,0,0,1,0,0,1,1,0,0,0,0,0,1,0,0,0,0
45720,devil wears prada the,2006.0,0,0,0,0,0,1,0,0,1,0,0,0,0,0,0,0,0,0,0,0
45722,pirates of the caribbean dead mans chest,2006.0,0,1,1,0,0,0,0,0,0,1,0,0,0,0,0,0,0,0,0,0
45726,you me and dupree,2006.0,0,0,0,0,0,1,0,0,0,0,0,0,0,0,0,0,0,0,0,0
45728,clerks ii,2006.0,0,0,0,0,0,1,0,0,0,0,0,0,0,0,0,0,0,0,0,0
45730,lady in the water,2006.0,0,0,0,0,0,0,0,0,1,1,0,0,0,0,1,0,0,0,0,0
45732,my super exgirlfriend,2006.0,0,0,0,0,0,1,0,0,0,1,0,0,0,0,0,1,0,0,0,0
45880,marie antoinette,2006.0,0,0,0,0,0,0,0,0,1,0,0,0,0,0,0,1,0,0,0,0
45928,who killed the electric car,2006.0,0,0,0,0,0,0,0,1,0,0,0,0,0,0,0,0,0,0,0,0
45950,inconvenient truth an,2006.0,0,0,0,0,0,0,0,1,0,0,0,0,0,0,0,0,0,0,0,0
45969,career opportunities,1991.0,0,0,0,0,0,1,0,0,0,0,0,0,0,0,0,1,0,0,0,0
46062,high school musical,2006.0,0,0,0,0,1,1,0,0,1,0,0,0,0,1,0,1,0,0,0,0
46105,i am a sex addict,2005.0,0,0,0,0,0,1,0,1,0,0,0,0,0,0,0,1,0,0,0,0
46231,stoned,2005.0,0,0,0,0,0,0,0,0,1,0,0,0,0,0,0,0,0,0,0,0
46322,jet lis fearless huo yuan jia,2006.0,0,1,0,0,0,0,0,0,1,0,0,0,0,0,0,0,0,0,0,0
46335,fast and the furious tokyo drift the fast and the furious 3 the,2006.0,0,1,0,0,0,0,1,0,1,0,0,0,0,0,0,0,0,1,0,0
46337,garfield a tail of two kitties,2006.0,0,0,0,1,1,1,0,0,0,0,0,0,0,0,0,0,0,0,0,0
46347,metal a headbangers journey,2005.0,0,0,0,0,0,0,0,1,0,0,0,0,0,0,0,0,0,0,0,0
46367,public eye the,1992.0,0,0,0,0,0,0,1,0,0,0,0,0,0,0,0,0,0,1,0,0
46530,superman returns,2006.0,0,1,1,0,0,0,0,0,0,0,0,0,1,0,0,0,1,0,0,0
46559,road to guantanamo the,2006.0,0,0,0,0,0,0,0,0,1,0,0,0,0,0,0,0,0,0,1,0
46572,edmond,2005.0,0,0,0,0,0,0,0,0,1,0,0,0,0,0,0,0,0,1,0,0
46574,oh in ohio the,2006.0,0,0,0,0,0,1,0,0,0,0,0,0,0,0,0,0,0,0,0,0
46578,little miss sunshine,2006.0,0,0,1,0,0,1,0,0,1,0,0,0,0,0,0,0,0,0,0,0
46664,fallen idol the,1948.0,0,0,0,0,0,0,0,0,1,0,0,0,0,0,1,0,0,1,0,0
46723,babel,2006.0,0,0,0,0,0,0,0,0,1,0,0,0,0,0,0,0,0,1,0,0
46772,strangers with candy,2005.0,0,0,0,0,0,1,0,0,0,0,0,0,0,0,0,0,0,0,0,0
46850,wordplay,2006.0,0,0,0,0,0,0,0,1,0,0,0,0,0,0,0,0,0,0,0,0
46855,army of shadows larmée des ombres,1969.0,0,1,0,0,0,0,0,0,1,0,0,0,0,0,0,0,0,1,1,0
46862,orchestra rehearsal prova dorchestra,1978.0,0,0,0,0,0,0,0,0,1,0,0,0,0,0,0,0,0,0,0,0
46865,little man,2006.0,0,0,0,0,0,1,0,0,0,0,0,0,0,0,0,0,0,0,0,0
46948,monster house,2006.0,0,0,0,1,1,0,0,0,0,1,0,0,0,0,1,0,0,0,0,0
46965,snakes on a plane,2006.0,0,1,0,0,0,1,0,0,0,0,0,1,0,0,0,0,0,1,0,0
46967,scoop,2006.0,0,0,0,0,0,1,0,0,0,1,0,0,0,0,1,0,0,0,0,0
46970,talladega nights the ballad of ricky bobby,2006.0,0,1,0,0,0,1,0,0,0,0,0,0,0,0,0,0,0,0,0,0
46972,night at the museum,2006.0,0,1,0,0,0,1,0,0,0,1,0,0,1,0,0,0,0,0,0,0
46974,world trade center,2006.0,0,0,0,0,0,0,0,0,1,0,0,0,0,0,0,0,0,0,0,0
46976,stranger than fiction,2006.0,0,0,0,0,0,1,0,0,1,1,0,0,0,0,0,1,0,0,0,0
47044,miami vice,2006.0,0,1,0,0,0,0,1,0,1,0,0,0,0,0,0,0,0,1,0,0
47099,pursuit of happyness the,2006.0,0,0,0,0,0,0,0,0,1,0,0,0,0,0,0,0,0,0,0,0
47122,john tucker must die,2006.0,0,0,0,0,0,1,0,0,0,0,0,0,0,0,0,1,0,0,0,0
47124,ant bully the,2006.0,0,0,1,1,1,1,0,0,0,1,0,0,1,0,0,0,0,0,0,0
47200,crank,2006.0,0,1,0,0,0,0,0,0,0,0,0,0,0,0,0,0,0,1,0,0
47202,secret life of words the,2005.0,0,0,0,0,0,0,0,0,1,0,0,0,0,0,0,1,0,0,0,0
47254,chaos,2005.0,0,1,0,0,0,0,1,0,1,0,0,0,0,0,0,0,0,1,0,0
47261,night listener the,2006.0,0,0,0,0,0,0,0,0,0,1,0,0,0,0,1,0,0,1,0,0
47382,step up,2006.0,0,0,0,0,0,0,0,0,1,0,0,0,0,0,0,1,0,0,0,0
47384,zoom,2006.0,0,0,1,0,0,1,0,0,1,1,0,0,0,0,0,0,0,0,0,0
47404,mind game,2004.0,0,0,1,1,0,1,0,0,0,1,0,0,0,0,0,1,1,0,0,0
47423,half nelson,2006.0,0,0,0,0,0,0,0,0,1,0,0,0,0,0,0,0,0,0,0,0
47446,moustache la,2005.0,0,0,0,0,0,0,0,0,1,0,0,0,0,0,1,0,0,1,0,0
47465,tideland,2005.0,0,0,0,0,0,0,0,0,1,1,0,0,0,0,0,0,0,1,0,0
47491,adams apples adams æbler,2005.0,0,0,0,0,0,1,0,0,1,0,0,0,0,0,0,0,0,0,0,0
47516,material girls,2006.0,0,0,0,0,1,1,0,0,1,0,0,0,0,0,0,0,0,0,0,0
47518,accepted,2006.0,0,0,0,0,0,1,0,0,0,0,0,0,0,0,0,0,0,0,0,0
47538,crime busters,1977.0,0,1,1,0,0,1,1,0,0,0,0,0,0,0,0,0,0,0,0,0
47566,born to kill,1947.0,0,0,0,0,0,0,1,0,1,0,1,0,0,0,0,0,0,0,0,0
47610,illusionist the,2006.0,0,0,0,0,0,0,0,0,1,1,0,0,0,0,1,1,0,0,0,0
47629,the queen,2006.0,0,0,0,0,0,0,0,0,1,0,0,0,0,0,0,0,0,0,0,0
47640,beerfest,2006.0,0,0,0,0,0,1,0,0,0,0,0,0,0,0,0,0,0,0,0,0
47644,invincible,2006.0,0,0,0,0,0,0,0,0,1,0,0,0,0,0,0,0,0,0,0,0
47646,idlewild,2006.0,0,0,0,0,0,0,1,0,1,0,0,0,0,1,0,0,0,0,0,0
47721,red balloon the ballon rouge le,1956.0,0,0,0,0,1,0,0,0,0,1,0,0,0,0,0,0,0,0,0,0
47725,angela,2005.0,0,0,0,0,0,1,0,0,1,1,0,0,0,0,0,1,0,0,0,0
47736,chump at oxford a,1940.0,0,0,0,0,0,1,0,0,0,0,0,0,0,0,0,0,0,0,0,0
47774,icicle thief the ladri di saponette,1989.0,0,0,0,0,0,1,0,0,0,1,0,0,0,0,0,0,0,0,0,0
47793,puffy chair the,2006.0,0,0,0,0,0,0,0,0,1,0,0,0,0,0,0,1,0,0,0,0
47810,wicker man the,2006.0,0,0,0,0,0,0,0,0,0,0,0,1,0,0,1,0,0,1,0,0
47894,wind that shakes the barley the,2006.0,0,0,0,0,0,0,0,0,1,0,0,0,0,0,0,0,0,0,1,0
47937,severance,2006.0,0,0,0,0,0,1,0,0,0,0,0,1,0,0,0,0,0,1,0,0
47950,hollywoodland,2006.0,0,0,0,0,0,0,1,0,1,0,0,0,0,0,1,0,0,1,0,0
47952,covenant the,2006.0,0,1,0,0,0,0,0,0,0,0,0,1,0,0,0,0,0,1,0,0
47970,last kiss the,2006.0,0,0,0,0,0,1,0,0,1,0,0,0,0,0,0,0,0,0,0,0
47978,sherrybaby,2006.0,0,0,0,0,0,0,0,0,1,0,0,0,0,0,0,0,0,0,0,0
47997,idiocracy,2006.0,0,0,1,0,0,1,0,0,0,0,0,0,0,0,0,0,1,1,0,0
47999,jesus camp,2006.0,0,0,0,0,0,0,0,1,1,0,0,0,0,0,0,0,0,0,0,0
48001,bow the hwal,2005.0,0,0,0,0,0,0,0,0,1,0,0,0,0,0,0,1,0,0,0,0
48032,tiger and the snow the la tigre e la neve,2005.0,0,0,0,0,0,1,0,0,1,0,0,0,0,0,0,1,0,0,1,0
48043,fountain the,2006.0,0,0,0,0,0,0,0,0,1,1,0,0,0,0,0,1,0,0,0,0
48045,fear city a familystyle comedy la cité de la peur,1994.0,0,0,0,0,0,1,0,0,0,0,0,0,0,0,0,0,0,0,0,0
48082,science of sleep the la science des rêves,2006.0,0,0,0,0,0,1,0,0,1,1,0,0,0,0,0,1,0,0,0,0
48142,black dahlia the,2006.0,0,0,0,0,0,0,1,0,1,0,0,0,0,0,1,0,0,1,0,0
48150,woods the,2006.0,0,0,0,0,0,0,0,0,0,0,0,1,0,0,0,0,0,0,0,0
48161,gridiron gang,2006.0,0,0,0,0,0,0,0,0,1,0,0,0,0,0,0,0,0,0,0,0
48214,land of plenty angst and alienation in america,2004.0,0,0,0,0,0,0,0,0,1,0,0,0,0,0,0,0,0,0,0,0
48262,bridge the,2006.0,0,0,0,0,0,0,0,1,0,0,0,0,0,0,0,0,0,0,0,0
48304,apocalypto,2006.0,0,0,1,0,0,0,0,0,1,0,0,0,0,0,0,0,0,1,0,0
48319,flyboys,2006.0,0,1,1,0,0,0,0,0,1,0,0,0,0,0,0,0,0,0,1,0
48322,jackass number two,2006.0,0,0,0,0,0,1,0,1,0,0,0,0,0,0,0,0,0,0,0,0
48326,all the kings men,2006.0,0,0,0,0,0,0,0,0,1,0,0,0,0,0,0,0,0,0,0,0
48342,conversations with other women,2005.0,0,0,0,0,0,1,0,0,1,0,0,0,0,0,0,1,0,0,0,0
48385,borat cultural learnings of america for make benefit glorious nation of kazakhstan,2006.0,0,0,0,0,0,1,0,0,0,0,0,0,0,0,0,0,0,0,0,0
48394,pans labyrinth laberinto del fauno el,2006.0,0,0,0,0,0,0,0,0,1,1,0,0,0,0,0,0,0,1,0,0
48412,guardian the,2006.0,0,1,1,0,0,0,0,0,1,0,0,0,0,0,0,0,0,0,0,0
48414,open season,2006.0,0,0,1,1,1,1,0,0,0,0,0,0,1,0,0,0,0,0,0,0
48416,school for scoundrels,2006.0,0,0,0,0,0,1,1,0,0,0,0,0,0,0,0,0,0,0,0,0
48516,departed the,2006.0,0,0,0,0,0,0,1,0,1,0,0,0,0,0,0,0,0,1,0,0
48518,texas chainsaw massacre the beginning the,2006.0,0,0,0,0,0,0,0,0,0,0,0,1,0,0,0,0,0,1,0,0
48520,employee of the month,2006.0,0,0,0,0,0,1,0,0,0,0,0,0,0,0,0,0,0,0,0,0
48560,running with scissors,2006.0,0,0,0,0,0,1,0,0,1,0,0,0,0,0,0,0,0,0,0,0
48593,man of the year,2006.0,0,0,0,0,0,1,0,0,0,0,0,0,0,0,0,0,0,1,0,0
48596,marine the,2006.0,0,1,0,0,0,0,0,0,1,0,0,0,0,0,0,0,0,1,0,0
48598,infamous,2006.0,0,0,0,0,0,0,0,0,1,0,0,0,0,0,0,0,0,0,0,0
48638,fellinis casanova il casanova di federico fellini,1976.0,0,0,0,0,0,0,0,0,1,0,0,0,0,0,0,1,0,0,0,0
48649,chapayev,1934.0,0,0,0,0,0,0,0,0,1,0,0,0,0,0,0,0,0,0,1,0
48678,feast,2005.0,0,1,0,0,0,1,0,0,0,0,0,1,0,0,0,0,0,1,0,0
48696,little children,2006.0,0,0,0,0,0,0,0,0,1,0,0,0,0,0,0,1,0,0,0,0
48698,deliver us from evil,2006.0,0,0,0,0,0,0,0,1,0,0,0,0,0,0,0,0,0,0,0,0
48738,last king of scotland the,2006.0,0,0,0,0,0,0,0,0,1,0,0,0,0,0,0,0,0,1,0,0
48741,us vs john lennon the,2006.0,0,0,0,0,0,0,0,1,0,0,0,0,0,0,0,0,0,0,0,0
48744,shortbus,2006.0,0,0,0,0,0,1,0,0,1,0,0,0,0,0,0,1,0,0,0,0
48774,children of men,2006.0,0,1,1,0,0,0,0,0,1,0,0,0,0,0,0,0,1,1,0,0
48780,prestige the,2006.0,0,0,0,0,0,0,0,0,1,0,0,0,0,0,1,0,1,1,0,0
48783,flags of our fathers,2006.0,0,0,0,0,0,0,0,0,1,0,0,0,0,0,0,0,0,0,1,0
48872,13 tzameti,2005.0,0,0,0,0,0,0,0,0,0,0,1,0,0,0,0,0,0,1,0,0
48877,saw iii,2006.0,0,0,0,0,0,0,1,0,0,0,0,1,0,0,0,0,0,1,0,0
48879,catch a fire,2006.0,0,0,0,0,0,0,0,0,1,0,0,0,0,0,0,0,0,1,0,0
48883,death of a president,2006.0,0,0,0,0,0,0,1,0,1,0,0,0,0,0,1,0,0,1,0,0
48982,flushed away,2006.0,0,0,0,1,0,1,0,0,0,0,0,0,0,0,0,0,0,0,0,0
48997,perfume the story of a murderer,2006.0,0,0,0,0,0,0,1,0,1,0,0,0,0,0,0,0,0,1,0,0
49013,santa clause 3 the escape clause the,2006.0,0,0,0,0,0,1,0,0,0,1,0,0,0,0,0,0,0,0,0,0
49110,mom and dad save the world,1992.0,0,0,0,0,0,1,0,0,0,0,0,0,0,0,0,0,1,0,0,0
49130,good year a,2006.0,0,0,0,0,0,1,0,0,1,0,0,0,0,0,0,1,0,0,0,0
49132,shut up  sing,2006.0,0,0,0,0,0,0,0,1,0,0,0,0,0,0,0,0,0,0,0,0
49220,for your consideration,2006.0,0,0,0,0,0,1,0,0,0,0,0,0,0,0,0,0,0,0,0,0
49263,fuck,2005.0,0,0,0,0,0,1,0,1,0,0,0,0,0,0,0,0,0,0,0,0
49265,shooting dogs aka beyond the gates,2005.0,0,0,0,0,0,0,0,1,1,0,0,0,0,0,0,0,0,0,1,0
49272,casino royale,2006.0,0,1,1,0,0,0,0,0,0,0,0,0,0,0,0,0,0,1,0,0
49274,happy feet,2006.0,0,0,1,1,1,1,0,0,0,0,0,0,1,0,0,0,0,0,0,0
49276,lets go to prison,2006.0,0,0,0,0,0,1,0,0,0,0,0,0,0,0,0,0,0,0,0,0
49278,déjà vu deja vu,2006.0,0,1,0,0,0,0,0,0,0,0,0,0,0,0,0,0,1,1,0,0
49280,bobby,2006.0,0,0,0,0,0,0,0,0,1,0,0,0,0,0,0,0,0,0,0,0
49284,10 items or less,2006.0,0,0,0,0,0,1,0,0,1,0,0,0,0,0,0,1,0,0,0,0
49286,holiday the,2006.0,0,0,0,0,0,1,0,0,0,0,0,0,0,0,0,1,0,0,0,0
49314,harsh times,2006.0,0,1,0,0,0,0,1,0,1,0,0,0,0,0,0,0,0,0,0,0
49347,fast food nation,2006.0,0,0,0,0,0,0,0,0,1,0,0,0,0,0,0,0,0,0,0,0
49389,the great train robbery,1903.0,0,0,0,0,0,0,1,0,0,0,0,0,0,0,0,0,0,0,0,1
49396,tenacious d in the pick of destiny,2006.0,0,0,1,0,0,1,0,0,0,0,0,0,0,1,0,0,0,0,0,0
49524,nativity story the,2006.0,0,0,0,0,0,0,0,0,1,0,0,0,0,0,0,0,0,0,0,0
49530,blood diamond,2006.0,0,1,1,0,0,0,1,0,1,0,0,0,0,0,0,0,0,1,1,0
49647,charlottes web,2006.0,0,0,0,0,1,1,0,0,1,1,0,0,0,0,0,0,0,0,0,0
49649,eragon,2006.0,0,1,1,0,0,0,0,0,0,1,0,0,0,0,0,0,0,0,0,0
49651,rocky balboa,2006.0,0,1,0,0,0,0,0,0,1,0,0,0,0,0,0,0,0,0,0,0
49666,fur an imaginary portrait of diane arbus,2006.0,0,0,0,0,0,0,0,0,1,1,0,0,0,0,0,1,0,0,0,0
49688,dam busters the,1955.0,0,1,0,0,0,0,0,0,1,0,0,0,0,0,0,0,0,0,1,0
49735,another gay movie,2006.0,0,0,0,0,0,1,0,0,0,0,0,0,0,0,0,0,0,0,0,0
49772,painted veil the,2006.0,0,0,0,0,0,0,0,0,1,0,0,0,0,0,0,1,0,0,0,0
49793,we are marshall,2006.0,0,0,0,0,0,0,0,0,1,0,0,0,0,0,0,0,0,0,0,0
49822,good shepherd the,2006.0,0,0,0,0,0,0,0,0,1,0,0,0,0,0,0,0,0,1,0,0
49824,dreamgirls,2006.0,0,0,0,0,0,0,0,0,1,0,0,0,0,1,0,0,0,0,0,0
49910,freedom writers,2007.0,0,0,0,0,0,0,0,0,1,0,0,0,0,0,0,0,0,0,0,0
49917,when the levees broke a requiem in four acts,2006.0,0,0,0,0,0,0,0,1,0,0,0,0,0,0,0,0,0,0,0,0
49932,inland empire,2006.0,0,0,0,0,0,0,0,0,1,0,0,0,0,0,1,0,0,1,0,0
49957,history boys the,2006.0,0,0,0,0,0,1,0,0,1,0,0,0,0,0,0,0,0,0,0,0
49961,notes on a scandal,2006.0,0,0,0,0,0,0,0,0,1,0,0,0,0,0,0,0,0,0,0,0
50003,doa dead or alive,2006.0,0,1,1,0,0,0,0,0,0,0,0,0,0,0,0,0,0,0,0,0
50005,curse of the golden flower man cheng jin dai huang jin jia,2006.0,0,1,0,0,0,0,0,0,1,0,0,0,0,0,0,0,0,0,0,0
50064,good german the,2006.0,0,0,0,0,0,0,0,0,1,0,0,0,0,0,1,0,0,1,0,0
50068,letters from iwo jima,2006.0,0,0,0,0,0,0,0,0,1,0,0,0,0,0,0,0,0,0,1,0
50147,black christmas,2006.0,0,1,0,0,0,0,0,0,0,0,0,1,0,0,0,0,0,1,0,0
50158,stomp the yard,2007.0,0,0,0,0,0,0,0,0,1,0,0,0,0,1,0,0,0,0,0,0
50160,miss potter,2006.0,0,0,0,0,0,0,0,0,1,0,0,0,0,0,0,0,0,0,0,0
50189,american pie presents the naked mile american pie 5 the naked mile,2006.0,0,0,0,0,0,1,0,0,0,0,0,0,0,0,0,1,0,0,0,0
50274,venus,2006.0,0,0,0,0,0,0,0,0,1,0,0,0,0,0,0,1,0,0,0,0
50354,the return of don camillo,1953.0,0,0,0,0,0,1,0,0,0,0,0,0,0,0,0,0,0,0,0,0
50356,the little world of don camillo,1952.0,0,0,0,0,0,1,0,0,0,0,0,0,0,0,0,0,0,0,0,0
50440,primeval,2007.0,0,0,0,0,0,0,0,0,0,0,0,1,0,0,0,0,0,1,0,0
50442,alpha dog,2007.0,0,0,0,0,0,0,1,0,1,0,0,0,0,0,0,0,0,0,0,0
50445,hitcher the,2007.0,0,1,0,0,0,0,0,0,0,0,0,1,0,0,0,0,0,1,0,0
50514,after the wedding efter brylluppet,2006.0,0,0,0,0,0,0,0,0,1,0,0,0,0,0,0,0,0,0,0,0
50601,bridge to terabithia,2007.0,0,0,1,0,1,0,0,0,0,1,0,0,0,0,0,0,0,0,0,0
50610,beer league,2006.0,0,0,0,0,0,1,0,0,0,0,0,0,0,0,0,0,0,0,0,0
50613,dead meat,2004.0,0,0,0,0,0,0,0,0,0,0,0,1,0,0,0,0,0,0,0,0
50658,49 up,2005.0,0,0,0,0,0,0,0,1,0,0,0,0,0,0,0,0,0,0,0,0
50685,waitress,2007.0,0,0,0,0,0,1,0,0,1,0,0,0,0,0,0,1,0,0,0,0
50740,seven up,1964.0,0,0,0,0,0,0,0,1,0,0,0,0,0,0,0,0,0,0,0,0
50792,catch and release,2006.0,0,0,0,0,0,1,0,0,1,0,0,0,0,0,0,1,0,0,0,0
50794,smokin aces,2006.0,0,1,0,0,0,0,1,0,1,0,0,0,0,0,0,0,0,1,0,0
50796,blood and chocolate,2007.0,0,0,0,0,0,0,0,0,1,1,0,1,0,0,0,1,0,0,0,0
50798,epic movie,2007.0,0,0,1,0,0,1,0,0,0,0,0,0,0,0,0,0,0,0,0,0
50800,messengers the,2007.0,0,0,0,0,0,0,0,0,1,0,0,1,0,0,0,0,0,1,0,0
50802,because i said so,2007.0,0,0,0,0,0,1,0,0,1,0,0,0,0,0,0,1,0,0,0,0
50804,hannibal rising,2007.0,0,0,0,0,0,0,0,0,1,0,0,1,0,0,0,0,0,1,0,0
50806,norbit,2007.0,0,0,0,0,0,1,0,0,0,0,0,0,0,0,0,1,0,0,0,0
50842,boss of it all the direktøren for det hele,2006.0,0,0,0,0,0,1,0,0,1,0,0,0,0,0,0,0,0,0,0,0
50851,cocaine cowboys,2006.0,0,0,0,0,0,0,0,1,0,0,0,0,0,0,0,0,0,0,0,0
50872,ratatouille,2007.0,0,0,0,1,1,0,0,0,1,0,0,0,0,0,0,0,0,0,0,0
50912,paris i love you paris je taime,2006.0,0,0,0,0,0,0,0,0,0,0,0,0,0,0,0,1,0,0,0,0
50923,astronaut farmer the,2007.0,0,0,0,0,0,0,0,0,1,0,0,0,0,0,0,0,0,0,0,0
50942,wake up ron burgundy,2004.0,0,0,0,0,0,1,0,0,0,0,0,0,0,0,0,0,0,0,0,0
50954,its a boy girl thing,2006.0,0,0,0,0,0,1,0,0,0,0,0,0,0,0,0,1,0,0,0,0
50999,ugly duckling and me the,2006.0,0,0,0,1,0,1,0,0,0,0,0,0,0,0,0,0,0,0,0,0
51024,the odyssey,1997.0,0,0,1,0,0,0,0,0,1,1,0,0,0,0,0,0,0,0,0,0
51037,unknown,2006.0,0,0,0,0,0,0,0,0,1,0,0,0,0,0,1,0,0,1,0,0
51077,ghost rider,2007.0,0,1,0,0,0,0,0,0,0,1,0,0,0,0,0,0,0,1,0,0
51080,breach,2007.0,0,0,0,0,0,0,0,0,1,0,0,0,0,0,0,0,0,1,0,0
51082,tyler perrys daddys little girls,2007.0,0,0,0,0,0,1,0,0,0,0,0,0,0,0,0,1,0,0,0,0
51084,music and lyrics,2007.0,0,0,0,0,0,1,0,0,0,0,0,0,0,0,0,1,0,0,0,0
51086,number 23 the,2007.0,0,0,0,0,0,0,0,0,1,0,0,0,0,0,1,0,0,1,0,0
51088,reno 911 miami,2007.0,0,0,0,0,0,1,0,0,0,0,0,0,0,0,0,0,0,0,0,0
51091,black snake moan,2006.0,0,0,0,0,0,0,0,0,1,0,0,0,0,0,0,0,0,0,0,0
51167,my father and my son babam ve oglum,2005.0,0,0,0,0,0,0,0,0,1,0,0,0,0,0,0,0,0,0,0,0
51174,factory girl,2006.0,0,0,0,0,0,0,0,0,1,0,0,0,0,0,0,0,0,0,0,0
51255,hot fuzz,2007.0,0,1,0,0,0,1,1,0,0,0,0,0,0,0,1,0,0,0,0,0
51314,golden door nuovomondo,2006.0,0,0,1,0,0,0,0,0,1,0,0,0,0,0,0,1,0,0,0,0
51357,citizen x,1995.0,0,0,0,0,0,0,1,0,1,0,0,0,0,0,0,0,0,1,0,0
51412,next,2007.0,0,1,0,0,0,0,0,0,0,0,0,0,0,0,0,0,1,1,0,0
51471,amazing grace,2006.0,0,0,0,0,0,0,0,0,1,0,0,0,0,0,0,1,0,0,0,0
51498,2001 maniacs,2005.0,0,0,0,0,0,1,0,0,0,0,0,1,0,0,0,0,0,0,0,0
51540,zodiac,2007.0,0,0,0,0,0,0,1,0,1,0,0,0,0,0,0,0,0,1,0,0
51545,pusher iii im the angel of death,2005.0,0,1,0,0,0,1,0,0,1,0,0,1,0,0,0,0,0,1,0,0
51562,babylon 5 the gathering,1993.0,0,0,0,0,0,0,0,0,0,0,0,0,0,0,0,0,1,0,0,0
51573,meshes of the afternoon,1943.0,0,0,0,0,0,0,0,0,0,1,0,0,0,0,0,0,0,0,0,0
51575,wild hogs,2007.0,0,0,1,0,0,1,0,0,0,0,0,0,0,0,0,0,0,0,0,0
51662,300,2007.0,0,1,0,0,0,0,0,0,0,1,0,0,1,0,0,0,0,0,1,0
51666,abandoned the,2006.0,0,0,0,0,0,0,0,0,0,0,0,1,0,0,1,0,0,1,0,0
51694,starter for 10,2006.0,0,0,0,0,0,0,0,0,1,0,0,0,0,0,0,1,0,0,0,0
51698,last mimzy the,2007.0,0,0,1,0,1,0,0,0,0,0,0,0,0,0,0,0,1,0,0,0
51705,priceless hors de prix,2006.0,0,0,0,0,0,1,0,0,0,0,0,0,0,0,0,1,0,0,0,0
51709,host the gwoemul,2006.0,0,0,0,0,0,1,0,0,1,0,0,1,0,0,0,0,1,1,0,0
51834,becoming jane,2007.0,0,0,0,0,0,0,0,0,1,0,0,0,0,0,0,1,0,0,0,0
51884,namesake the,2006.0,0,0,0,0,0,0,0,0,1,0,0,0,0,0,0,1,0,0,0,0
51903,i think i love my wife,2007.0,0,0,0,0,0,1,0,0,1,0,0,0,0,0,0,1,0,0,0,0
51925,premonition,2007.0,0,0,0,0,0,0,0,0,1,1,0,0,0,0,1,0,0,1,0,0
51927,dead silence,2007.0,0,0,0,0,0,0,0,0,0,0,0,1,0,0,1,0,0,1,0,0
51931,reign over me,2007.0,0,0,0,0,0,0,0,0,1,0,0,0,0,0,0,0,0,0,0,0
51933,pride,2007.0,0,0,0,0,0,0,0,0,1,0,0,0,0,0,0,0,0,0,0,0
51935,shooter,2007.0,0,1,0,0,0,0,0,0,1,0,0,0,0,0,0,0,0,1,0,0
51937,hills have eyes ii the,2007.0,0,0,0,0,0,0,0,0,0,0,0,1,0,0,0,0,0,1,0,0
51939,tmnt teenage mutant ninja turtles,2007.0,0,1,1,1,1,1,0,0,0,1,0,0,0,0,0,0,0,0,0,0
52042,black book zwartboek,2006.0,0,0,0,0,0,0,0,0,1,0,0,0,0,0,0,0,0,1,1,0
52241,lookout the,2007.0,0,0,0,0,0,0,1,0,1,0,0,0,0,0,0,0,0,1,0,0
52245,blades of glory,2007.0,0,0,0,0,0,1,0,0,0,0,0,0,0,0,0,1,0,0,0,0
52279,are we done yet,2007.0,0,0,0,0,0,1,0,0,0,0,0,0,0,0,0,0,0,0,0,0
52281,grindhouse,2007.0,0,1,0,0,0,0,1,0,0,0,0,1,0,0,0,0,1,1,0,0
52283,reaping the,2007.0,0,0,0,0,0,0,0,0,0,0,0,1,0,0,0,0,0,1,0,0
52287,meet the robinsons,2007.0,0,1,1,1,1,1,0,0,0,0,0,0,0,0,0,0,1,0,0,0
52299,american hardcore,2006.0,0,0,0,0,0,0,0,1,0,0,0,0,0,0,0,0,0,0,0,0
52319,inglorious bastards quel maledetto treno blindato,1978.0,0,1,1,0,0,0,0,0,1,0,0,0,0,0,0,0,0,0,1,0
52328,sunshine,2007.0,0,0,1,0,0,0,0,0,1,0,0,0,0,0,0,0,1,1,0,0
52375,hoax the,2007.0,0,0,0,0,0,0,1,0,1,0,0,0,0,0,0,0,0,0,0,0
52435,how the grinch stole christmas,1966.0,0,0,0,1,0,1,0,0,0,1,0,0,0,1,0,0,0,0,0,0
52458,disturbia,2007.0,0,0,0,0,0,0,0,0,1,0,0,0,0,0,0,0,0,1,0,0
52462,aqua teen hunger force colon movie film for theaters,2007.0,0,1,1,1,0,1,0,0,0,1,0,0,0,0,1,0,1,0,0,0
52579,vie en rose la môme la,2007.0,0,0,0,0,0,0,0,0,1,0,0,0,0,1,0,0,0,0,0,0
52604,fracture,2007.0,0,0,0,0,0,0,1,0,1,0,0,0,0,0,1,0,0,1,0,0
52644,vacancy,2007.0,0,0,0,0,0,0,0,0,0,0,0,1,0,0,0,0,0,1,0,0
52668,in the land of women,2007.0,0,0,0,0,0,1,0,0,1,0,0,0,0,0,0,1,0,0,0,0
52694,mr beans holiday,2007.0,0,0,0,0,0,1,0,0,0,0,0,0,0,0,0,0,0,0,0,0
52712,invisible the,2007.0,0,0,0,0,0,0,1,0,1,1,0,0,0,0,1,0,0,1,0,0
52715,kickin it old skool,2007.0,0,0,0,0,0,1,0,0,0,0,0,0,0,0,0,0,0,0,0,0
52722,spiderman 3,2007.0,0,1,1,0,0,0,0,0,0,0,0,0,1,0,0,0,1,1,0,0
52724,lucky you,2007.0,0,0,0,0,0,1,0,0,1,0,0,0,0,0,0,0,0,0,0,0
52730,its a very merry muppet christmas movie,2002.0,0,0,0,0,1,1,0,0,0,0,0,0,0,0,0,0,0,0,0,0
52767,21 up,1977.0,0,0,0,0,0,0,0,1,0,0,0,0,0,0,0,0,0,0,0,0
52784,sharkwater,2006.0,0,0,0,0,0,0,0,1,0,0,0,0,0,0,0,0,0,0,0,0
52831,maniac cop,1988.0,0,1,0,0,0,0,1,0,0,0,0,1,0,0,0,0,0,1,0,0
52867,ex the,2007.0,0,0,0,0,0,1,0,0,0,0,0,0,0,0,0,1,0,0,0,0
52885,paprika papurika,2006.0,0,0,0,1,0,0,0,0,0,0,0,0,0,0,1,0,1,0,0,0
52950,day watch dnevnoy dozor,2006.0,0,1,0,0,0,0,0,0,0,1,0,1,0,0,0,0,0,1,0,0
52952,this is england,2006.0,0,0,0,0,0,0,0,0,1,0,0,0,0,0,0,0,0,0,0,0
52967,away from her,2006.0,0,0,0,0,0,0,0,0,1,0,0,0,0,0,0,0,0,0,0,0
52973,knocked up,2007.0,0,0,0,0,0,1,0,0,1,0,0,0,0,0,0,1,0,0,0,0
52975,hairspray,2007.0,0,0,0,0,0,1,0,0,1,0,0,0,0,1,0,0,0,0,0,0
53000,28 weeks later,2007.0,0,0,0,0,0,0,0,0,0,0,0,1,0,0,0,0,1,1,0,0
53022,wheels on meals kuai can che,1984.0,0,1,0,0,0,1,1,0,0,0,0,0,0,0,0,1,0,0,0,0
53024,jonestown the life and death of peoples temple,2006.0,0,0,0,0,0,0,0,1,0,0,0,0,0,0,0,0,0,0,0,0
53121,shrek the third,2007.0,0,0,1,1,1,1,0,0,0,1,0,0,0,0,0,0,0,0,0,0
53123,once,2006.0,0,0,0,0,0,0,0,0,1,0,0,0,0,1,0,1,0,0,0,0
53125,pirates of the caribbean at worlds end,2007.0,0,1,1,0,0,1,0,0,0,1,0,0,0,0,0,0,0,0,0,0
53127,bug,2007.0,0,0,0,0,0,0,0,0,1,0,0,1,0,0,0,0,0,1,0,0
53129,mr brooks,2007.0,0,0,0,0,0,0,1,0,1,0,0,0,0,0,0,0,0,1,0,0
53138,librarian return to king solomons mines the,2006.0,0,1,1,0,0,0,0,0,0,1,0,0,0,0,0,0,0,0,0,0
53140,librarian quest for the spear the,2004.0,0,1,1,0,0,1,0,0,0,1,0,0,0,0,0,1,0,0,0,0
53143,fay grim,2006.0,0,1,0,0,0,0,0,0,0,0,0,0,0,0,0,0,0,1,0,0
53161,im a cyborg but thats ok saibogujiman kwenchana,2006.0,0,0,0,0,0,1,0,0,1,0,0,0,0,0,0,1,1,0,0,0
53280,breed the,2006.0,0,0,0,0,0,0,0,0,0,0,0,1,0,0,0,0,0,1,0,0
53318,cashback,2006.0,0,0,0,0,0,1,0,0,1,0,0,0,0,0,0,1,0,0,0,0
53322,oceans thirteen,2007.0,0,0,0,0,0,0,1,0,0,0,0,0,0,0,0,0,0,1,0,0
53326,them ils,2006.0,0,0,0,0,0,0,0,0,0,0,0,1,0,0,0,0,0,0,0,0
53355,sun alley sonnenallee,1999.0,0,0,0,0,0,1,0,0,0,0,0,0,0,0,0,1,0,0,0,0
53435,hostel part ii,2007.0,0,0,0,0,0,0,1,0,0,0,0,1,0,0,0,0,0,1,0,0
53447,paranoid park,2007.0,0,0,0,0,0,0,1,0,1,0,0,0,0,0,0,0,0,0,0,0
53450,legend of sleepy hollow the,1980.0,0,0,0,0,0,1,0,0,0,1,0,1,0,0,0,0,0,0,0,0
53453,starcrash aka star crash,1978.0,0,1,1,0,0,0,0,0,0,1,0,0,0,0,0,0,1,0,0,0
53460,surfs up,2007.0,0,0,0,1,1,1,0,0,0,0,0,0,0,0,0,0,0,0,0,0
53464,fantastic four rise of the silver surfer,2007.0,0,1,1,0,0,0,0,0,0,0,0,0,0,0,0,0,1,0,0,0
53466,nancy drew,2007.0,0,0,1,0,0,0,1,0,0,0,0,0,0,0,0,0,0,1,0,0
53468,fido,2006.0,0,0,0,0,0,1,0,0,0,0,0,1,0,0,0,0,0,1,0,0
53519,death proof,2007.0,0,1,1,0,0,0,1,0,0,0,0,1,0,0,0,0,0,1,0,0
53550,rescue dawn,2006.0,0,1,1,0,0,0,0,0,1,0,0,0,0,0,0,0,0,0,1,0
53574,tv set the,2006.0,0,0,0,0,0,1,0,0,1,0,0,0,0,0,0,0,0,0,0,0
53578,valet the la doublure,2006.0,0,0,0,0,0,1,0,0,0,0,0,0,0,0,0,0,0,0,0,0
53808,bring it on all or nothing,2006.0,0,0,0,0,0,1,0,0,0,0,0,0,0,0,0,0,0,0,0,0
53883,power of nightmares the the rise of the politics of fear,2004.0,0,0,0,0,0,0,0,1,0,0,0,0,0,0,0,0,0,0,0,0
53894,sicko,2007.0,0,0,0,0,0,0,0,1,1,0,0,0,0,0,0,0,0,0,0,0
53921,mighty heart a,2007.0,0,0,0,0,0,0,0,0,1,0,0,0,0,0,0,0,0,1,0,0
53953,1408,2007.0,0,0,0,0,0,0,0,0,1,0,0,1,0,0,0,0,0,1,0,0
53956,death at a funeral,2007.0,0,0,0,0,0,1,0,0,0,0,0,0,0,0,0,0,0,0,0,0
53972,live free or die hard,2007.0,0,1,1,0,0,0,1,0,0,0,0,0,0,0,0,0,0,1,0,0
53974,license to wed,2007.0,0,0,0,0,0,1,0,0,0,0,0,0,0,0,0,1,0,0,0,0
53993,evan almighty,2007.0,0,0,0,0,0,1,0,0,0,1,0,0,0,0,0,0,0,0,0,0
53996,transformers,2007.0,0,1,0,0,0,0,0,0,0,0,0,0,1,0,0,0,1,1,0,0
54001,harry potter and the order of the phoenix,2007.0,0,0,1,0,0,0,0,0,1,1,0,0,1,0,0,0,0,0,0,0
54004,i now pronounce you chuck and larry,2007.0,0,0,0,0,0,1,0,0,0,0,0,0,0,0,0,1,0,0,0,0
54116,first snow,2006.0,0,0,0,0,0,0,0,0,1,0,0,0,0,0,0,0,0,1,0,0
54121,broken arrow,1950.0,0,0,0,0,0,0,0,0,1,0,0,0,0,0,0,1,0,0,0,1
54185,manufactured landscapes,2006.0,0,0,0,0,0,0,0,1,0,0,0,0,0,0,0,0,0,0,0,0
54190,across the universe,2007.0,0,0,0,0,0,0,0,0,1,1,0,0,0,1,0,1,0,0,0,0
54256,hot rod,2007.0,0,0,0,0,0,1,0,0,0,0,0,0,0,0,0,0,0,0,0,0
54259,stardust,2007.0,0,0,1,0,0,1,0,0,0,1,0,0,0,0,0,1,0,0,0,0
54272,simpsons movie the,2007.0,0,0,0,1,0,1,0,0,0,0,0,0,0,0,0,0,0,0,0,0
54274,i know who killed me,2007.0,0,0,0,0,0,0,1,0,1,0,0,0,0,0,0,0,0,1,0,0
54276,no reservations,2007.0,0,0,0,0,0,1,0,0,1,0,0,0,0,0,0,1,0,0,0,0
54281,charlie bartlett,2007.0,0,0,0,0,0,1,0,0,1,0,0,0,0,0,0,0,0,0,0,0
54286,bourne ultimatum the,2007.0,0,1,0,0,0,0,1,0,0,0,0,0,0,0,0,0,0,1,0,0
54354,china blue,2005.0,0,0,0,0,0,0,0,1,0,0,0,0,0,0,0,0,0,0,0,0
54372,tell no one ne le dis à personne,2006.0,0,0,0,0,0,0,1,0,1,0,0,0,0,0,1,0,0,1,0,0
54503,superbad,2007.0,0,0,0,0,0,1,0,0,0,0,0,0,0,0,0,0,0,0,0,0
54617,brice man the brice de nice,2005.0,0,0,0,0,0,1,0,0,0,0,0,0,0,0,0,0,0,0,0,0
54648,rush hour 3,2007.0,0,1,0,0,0,1,1,0,0,0,0,0,0,0,0,0,0,1,0,0
54686,last legion the,2007.0,0,1,1,0,0,0,0,0,0,1,0,0,0,0,0,0,0,0,1,0
54732,balls of fury,2007.0,0,0,0,0,0,1,0,0,0,0,0,0,0,0,0,0,0,0,0,0
54734,sydney white,2007.0,0,0,0,0,0,1,0,0,0,0,0,0,0,0,0,0,0,0,0,0
54736,kingdom the,2007.0,0,1,0,0,0,0,0,0,1,0,0,0,0,0,0,0,0,1,0,0
54745,rocket science,2007.0,0,0,0,0,0,1,0,0,1,0,0,0,0,0,0,0,0,0,0,0
54768,daddy day camp,2007.0,0,0,0,0,1,1,0,0,0,0,0,0,0,0,0,0,0,0,0,0
54771,invasion the,2007.0,0,1,0,0,0,0,0,0,1,0,0,1,0,0,0,0,1,1,0,0
54780,nanny diaries the,2007.0,0,0,0,0,0,1,0,0,1,0,0,0,0,0,0,1,0,0,0,0
54785,halloween,2007.0,0,0,0,0,0,0,0,0,0,0,0,1,0,0,0,0,0,0,0,0
54787,death sentence,2007.0,0,0,0,0,0,0,0,0,1,0,0,0,0,0,0,0,0,1,0,0
54796,2 days in paris,2007.0,0,0,0,0,0,1,0,0,1,0,0,0,0,0,0,1,0,0,0,0
54881,king of kong the,2007.0,0,0,0,0,0,0,0,1,0,0,0,0,0,0,0,0,0,0,0,0
54908,taxi 4,2007.0,0,1,0,0,0,1,0,0,0,0,0,0,0,0,0,0,0,0,0,0
54910,behind the mask the rise of leslie vernon,2006.0,0,0,0,0,0,1,0,0,0,0,0,1,0,0,0,0,0,1,0,0
54934,brothers solomon the,2007.0,0,0,0,0,0,1,0,0,0,0,0,0,0,0,0,0,0,0,0,0
54962,nines the,2007.0,0,0,0,0,0,0,0,0,1,0,0,0,0,0,1,0,0,0,0,0
54995,planet terror,2007.0,0,1,0,0,0,0,0,0,0,0,0,1,0,0,0,0,1,0,0,0
54997,310 to yuma,2007.0,0,1,0,0,0,0,1,0,1,0,0,0,0,0,0,0,0,0,0,1
54999,shoot em up,2007.0,0,1,0,0,0,1,1,0,0,0,0,0,0,0,0,0,0,0,0,0
55020,ten the,2007.0,0,0,0,0,0,1,0,0,0,0,0,0,0,0,0,0,0,0,0,0
55036,gotti,1996.0,0,0,0,0,0,0,1,0,1,0,0,0,0,0,0,0,0,0,0,0
55052,atonement,2007.0,0,0,0,0,0,0,0,0,1,0,0,0,0,0,0,1,0,0,1,0
55061,electroma,2006.0,0,0,0,0,0,0,0,0,1,0,0,0,0,0,0,0,1,0,0,0
55067,requiem,2006.0,0,0,0,0,0,0,0,0,1,0,0,0,0,0,0,0,0,1,0,0
55069,4 months 3 weeks and 2 days 4 luni 3 saptamâni si 2 zile,2007.0,0,0,0,0,0,0,0,0,1,0,0,0,0,0,0,0,0,0,0,0
55071,no end in sight,2007.0,0,0,0,0,0,0,0,1,0,0,0,0,0,0,0,0,0,0,0,0
55080,brave one the,2007.0,0,0,0,0,0,0,1,0,1,0,0,0,0,0,0,0,0,1,0,0
55094,in the valley of elah,2007.0,0,0,0,0,0,0,0,0,1,0,0,0,0,0,1,0,0,0,0,0
55110,december boys,2007.0,0,0,0,0,0,0,0,0,1,0,0,0,0,0,0,0,0,0,0,0
55112,shanghai kiss,2007.0,0,0,0,0,0,1,0,0,1,0,0,0,0,0,0,1,0,0,0,0
55116,hunting party the,2007.0,0,1,1,0,0,1,0,0,1,0,0,0,0,0,0,0,0,1,0,0
55118,eastern promises,2007.0,0,0,0,0,0,0,1,0,1,0,0,0,0,0,0,0,0,1,0,0
55156,unreasonable man an,2006.0,0,0,0,0,0,0,0,1,0,0,0,0,0,0,0,0,0,0,0,0
55167,tekkonkinkreet tekkon kinkurîto,2006.0,0,1,1,1,0,0,1,0,0,1,0,0,0,0,0,0,0,0,0,0
55190,love and other disasters,2006.0,0,0,0,0,0,1,0,0,0,0,0,0,0,0,0,1,0,0,0,0
55205,interview,2007.0,0,0,0,0,0,0,0,0,1,0,0,0,0,0,0,0,0,0,0,0
55207,cashback,2004.0,0,0,0,0,0,1,0,0,1,0,0,0,0,0,0,0,0,0,0,0
55232,resident evil extinction,2007.0,0,1,0,0,0,0,0,0,0,0,0,1,0,0,0,0,1,1,0,0
55241,mr woodcock,2007.0,0,0,0,0,0,1,0,0,0,0,0,0,0,0,0,0,0,0,0,0
55245,good luck chuck,2007.0,0,0,0,0,0,1,0,0,0,0,0,0,0,0,0,1,0,0,0,0
55247,into the wild,2007.0,0,1,1,0,0,0,0,0,1,0,0,0,0,0,0,0,0,0,0,0
55250,game plan the,2007.0,0,0,0,0,0,1,0,0,0,0,0,0,0,0,0,0,0,0,0,0
55253,lust caution se jie,2007.0,0,0,0,0,0,0,0,0,1,0,0,0,0,0,0,1,0,1,1,0
55259,seeker the dark is rising the,2007.0,0,1,1,0,0,0,0,0,1,1,0,0,0,0,0,0,0,0,0,0
55261,heartbreak kid the,2007.0,0,0,0,0,0,1,0,0,1,0,0,0,0,0,0,1,0,0,0,0
55267,dan in real life,2007.0,0,0,0,0,0,1,0,0,1,0,0,0,0,0,0,1,0,0,0,0
55269,darjeeling limited the,2007.0,0,0,1,0,0,1,0,0,1,0,0,0,0,0,0,0,0,0,0,0
55272,we own the night,2007.0,0,0,0,0,0,0,1,0,1,0,0,0,0,0,0,0,0,0,0,0
55274,elizabeth the golden age,2007.0,0,0,0,0,0,0,0,0,1,0,0,0,0,0,0,0,0,0,0,0
55276,michael clayton,2007.0,0,0,0,0,0,0,0,0,1,0,0,0,0,0,0,0,0,1,0,0
55278,sleuth,2007.0,0,0,0,0,0,0,0,0,1,0,0,0,0,0,1,0,0,1,0,0
55280,lars and the real girl,2007.0,0,0,0,0,0,1,0,0,1,0,0,0,0,0,0,0,0,0,0,0
55282,30 days of night,2007.0,0,0,0,0,0,0,0,0,0,0,0,1,0,0,0,0,0,1,0,0
55290,gone baby gone,2007.0,0,0,0,0,0,0,1,0,1,0,0,0,0,0,1,0,0,0,0,0
55292,comebacks the,2007.0,0,0,0,0,0,1,0,0,0,0,0,0,0,0,0,0,0,0,0,0
55294,weirdsville,2007.0,0,0,0,0,0,1,1,0,1,0,0,0,0,0,0,0,0,0,0,0
55363,assassination of jesse james by the coward robert ford the,2007.0,0,0,0,0,0,0,1,0,1,0,0,0,0,0,0,0,0,0,0,1
55391,10th  wolf,2006.0,0,0,0,0,0,0,1,0,1,0,0,0,0,0,0,0,0,1,0,0
55442,persepolis,2007.0,0,0,0,1,0,0,0,0,1,0,0,0,0,0,0,0,0,0,0,0
55444,control,2007.0,0,0,0,0,0,0,0,0,1,0,0,0,0,0,0,0,0,0,0,0
55451,the jane austen book club,2007.0,0,0,0,0,0,1,0,0,1,0,0,0,0,0,0,1,0,0,0,0
55492,last winter the,2006.0,0,0,0,0,0,0,0,0,0,0,0,1,0,0,0,0,0,0,0,0
55553,black sheep,2006.0,0,0,0,0,0,1,0,0,0,0,0,1,0,0,0,0,0,0,0,0
55555,edge of heaven the auf der anderen seite,2007.0,0,0,0,0,0,0,0,0,1,0,0,0,0,0,0,0,0,0,0,0
55577,saw iv,2007.0,0,0,0,0,0,0,1,0,0,0,0,1,0,0,0,0,0,1,0,0
55620,for the bible tells me so,2007.0,0,0,0,0,0,0,0,1,0,0,0,0,0,0,0,0,0,0,0,0
55687,my kid could paint that,2007.0,0,0,0,0,0,0,0,1,0,0,0,0,0,0,0,0,0,0,0,0
55721,elite squad tropa de elite,2007.0,0,1,0,0,0,0,1,0,1,0,0,0,0,0,0,0,0,1,0,0
55729,king of california,2007.0,0,0,0,0,0,1,0,0,0,0,0,0,0,0,0,0,0,0,0,0
55765,american gangster,2007.0,0,0,0,0,0,0,1,0,1,0,0,0,0,0,0,0,0,1,0,0
55768,bee movie,2007.0,0,0,0,1,0,1,0,0,0,0,0,0,0,0,0,0,0,0,0,0
55805,before the devil knows youre dead,2007.0,0,0,0,0,0,0,1,0,1,0,0,0,0,0,0,0,0,1,0,0
55814,diving bell and the butterfly the scaphandre et le papillon le,2007.0,0,0,0,0,0,0,0,0,1,0,0,0,0,0,0,0,0,0,0,0
55820,no country for old men,2007.0,0,0,0,0,0,0,1,0,1,0,0,0,0,0,0,0,0,0,0,0
55830,be kind rewind,2008.0,0,0,0,0,0,1,0,0,0,0,0,0,0,0,0,0,0,0,0,0
55844,itty bitty titty committee,2007.0,0,0,0,0,0,1,0,0,1,0,0,0,0,0,0,1,0,0,0,0
55854,fugitive the,1947.0,0,0,0,0,0,0,0,0,1,0,0,0,0,0,0,0,0,0,0,0
55872,august rush,2007.0,0,0,0,0,0,0,0,0,1,0,0,0,0,1,0,0,0,0,0,0
55908,man from earth the,2007.0,0,0,0,0,0,0,0,0,1,0,0,0,0,0,0,0,1,0,0,0
55946,lions for lambs,2007.0,0,0,0,0,0,0,0,0,1,0,0,0,0,0,0,0,0,1,1,0
55995,beowulf,2007.0,0,1,1,1,0,0,0,0,0,1,0,0,1,0,0,0,0,0,0,0
56003,southland tales,2006.0,0,0,0,0,0,1,0,0,1,0,0,0,0,0,0,0,1,1,0,0
56012,evening with kevin smith 2 evening harder an,2006.0,0,0,0,0,0,1,0,1,0,0,0,0,0,0,0,0,0,0,0,0
56022,harrison bergeron,1995.0,0,0,0,0,0,0,0,0,1,0,0,0,0,0,0,0,1,0,0,0
56060,i served the king of england obsluhoval jsem anglického krále,2006.0,0,0,0,0,0,1,0,0,1,0,0,0,0,0,0,1,0,0,1,0
56145,mist the,2007.0,0,0,0,0,0,0,0,0,0,0,0,1,0,0,0,0,1,0,0,0
56152,enchanted,2007.0,0,0,1,1,1,1,0,0,0,1,0,0,0,1,0,1,0,0,0,0
56156,hitman,2007.0,0,1,0,0,0,0,1,0,0,0,0,0,0,0,0,0,0,1,0,0
56169,awake,2007.0,0,0,0,0,0,0,0,0,1,0,0,0,0,0,0,0,0,1,0,0
56171,golden compass the,2007.0,0,0,1,0,1,0,0,0,0,1,0,0,0,0,0,0,0,0,0,0
56174,i am legend,2007.0,0,1,0,0,0,0,0,0,0,0,0,1,1,0,0,0,1,1,0,0
56176,alvin and the chipmunks,2007.0,0,0,0,0,1,1,0,0,0,0,0,0,0,0,0,0,0,0,0,0
56251,futurama benders big score,2007.0,0,0,0,1,0,1,0,0,0,0,0,0,0,0,0,0,1,0,0,0
56274,margot at the wedding,2007.0,0,0,0,0,0,0,0,0,1,0,0,0,0,0,0,0,0,0,0,0
56286,im not there,2007.0,0,0,0,0,0,0,0,0,1,0,0,0,0,0,0,0,0,0,0,0
56333,savages the,2007.0,0,0,0,0,0,1,0,0,1,0,0,0,0,0,0,0,0,0,0,0
56336,wrong turn 2 dead end,2007.0,0,1,0,0,0,0,0,0,0,0,0,1,0,0,0,0,0,1,0,0
56339,orphanage the orfanato el,2007.0,0,0,0,0,0,0,0,0,1,0,0,1,0,0,1,0,0,1,0,0
56367,juno,2007.0,0,0,0,0,0,1,0,0,1,0,0,0,0,0,0,1,0,0,0,0
56379,maxed out hard times easy credit and the era of predatory lenders,2006.0,0,0,0,0,0,0,0,1,0,0,0,0,0,0,0,0,0,0,0,0
56389,my blueberry nights,2007.0,0,0,0,0,0,0,0,0,1,0,0,0,0,0,0,1,0,0,0,0
56563,helvetica,2007.0,0,0,0,0,0,0,0,1,0,0,0,0,0,0,0,0,0,0,0,0
56587,bucket list the,2007.0,0,0,0,0,0,1,0,0,1,0,0,0,0,0,0,0,0,0,0,0
56607,kite runner the,2007.0,0,0,0,0,0,0,0,0,1,0,0,0,0,0,0,0,0,0,0,0
56620,deaths of ian stone the,2007.0,0,0,0,0,0,0,0,0,0,0,0,1,0,0,0,0,0,1,0,0
56715,wristcutters a love story,2006.0,0,0,0,0,0,0,0,0,1,1,0,0,0,0,0,1,0,0,0,0
56757,sweeney todd the demon barber of fleet street,2007.0,0,0,0,0,0,0,0,0,1,0,0,1,0,1,0,0,0,1,0,0
56775,national treasure book of secrets,2007.0,0,1,1,0,0,0,0,0,0,0,0,0,0,0,0,0,0,0,0,0
56782,there will be blood,2007.0,0,0,0,0,0,0,0,0,1,0,0,0,0,0,0,0,0,0,0,1
56788,charlie wilsons war,2007.0,0,0,0,0,0,1,0,0,1,0,0,0,0,0,0,0,0,0,1,0
56801,avpr aliens vs predator  requiem,2007.0,0,1,0,0,0,0,0,0,0,0,0,1,0,0,0,0,1,0,0,0
56805,walk hard the dewey cox story,2007.0,0,0,0,0,0,1,0,0,0,0,0,0,0,1,0,0,0,0,0,0
56837,as you like it,2006.0,0,0,0,0,0,1,0,0,1,0,0,0,0,0,0,1,0,0,0,0
56869,drained o cheiro do ralo,2006.0,0,0,0,0,0,1,0,0,0,0,0,0,0,0,0,0,0,0,0,0
56908,dedication,2007.0,0,0,0,0,0,1,0,0,1,0,0,0,0,0,0,1,0,0,0,0
56915,water horse legend of the deep the,2007.0,0,0,1,0,1,0,0,0,0,1,0,0,0,0,0,0,0,0,0,0
56921,battlestar galactica razor,2007.0,0,1,0,0,0,0,0,0,1,0,0,0,0,0,0,0,1,1,0,0
56941,ps i love you,2007.0,0,0,0,0,0,1,0,0,1,0,0,0,0,0,0,1,0,0,0,0
56949,27 dresses,2008.0,0,0,0,0,0,1,0,0,0,0,0,0,0,0,0,1,0,0,0,0
57147,cassandras dream,2007.0,0,0,0,0,0,0,1,0,1,0,0,0,0,0,0,0,0,1,0,0
57183,like stars on earth taare zameen par,2007.0,0,0,0,0,0,0,0,0,1,0,0,0,0,0,0,0,0,0,0,0
57243,bands visit the bikur hatizmoret,2007.0,0,0,0,0,0,1,0,0,1,0,0,0,0,0,0,0,0,0,0,0
57274,rec,2007.0,0,0,0,0,0,0,0,0,1,0,0,1,0,0,0,0,0,1,0,0
57326,in the name of the king a dungeon siege tale,2008.0,0,1,1,0,0,0,0,0,0,1,0,0,0,0,0,0,0,0,0,0
57368,cloverfield,2008.0,0,1,0,0,0,0,0,0,0,0,0,0,0,0,1,0,1,1,0,0
57421,hatchet,2006.0,0,0,0,0,0,1,0,0,0,0,0,1,0,0,0,0,0,0,0,0
57499,heaven and earth ten to chi to,1990.0,0,1,1,0,0,0,0,0,1,0,0,0,0,0,0,0,0,0,1,0
57502,cat soup nekojiruso,2001.0,0,0,1,1,0,0,0,0,1,0,0,1,0,0,0,0,0,0,0,0
57504,girl who leapt through time the toki o kakeru shôjo,2006.0,0,0,0,1,0,1,0,0,1,0,0,0,0,0,0,1,1,0,0,0
57522,first sunday,2008.0,0,0,0,0,0,1,1,0,0,0,0,0,0,0,0,0,0,0,0,0
57526,untraceable,2008.0,0,0,0,0,0,0,1,0,0,0,0,0,0,0,0,0,0,1,0,0
57528,rambo rambo 4,2008.0,0,1,0,0,0,0,0,0,1,0,0,0,0,0,0,0,0,1,1,0
57532,meet the spartans,2008.0,0,0,0,0,0,1,0,0,0,0,0,0,0,0,0,0,0,0,0,0
57536,strange wilderness,2008.0,0,0,0,0,0,1,0,0,0,0,0,0,0,0,0,0,0,0,0,0
57637,signal the,2007.0,0,0,0,0,0,0,0,0,0,0,0,1,0,0,0,0,1,1,0,0
57640,hellboy ii the golden army,2008.0,0,1,1,0,0,0,0,0,0,1,0,0,0,0,0,0,1,0,0,0
57669,in bruges,2008.0,0,0,0,0,0,1,1,0,1,0,0,0,0,0,0,0,0,1,0,0
57772,world on a wire welt am draht,1973.0,0,0,0,0,0,0,1,0,0,0,0,0,0,0,0,0,1,0,0,0
57843,rise of the footsoldier,2007.0,0,1,0,0,0,0,1,0,1,0,0,0,0,0,0,0,0,0,0,0
57910,teeth,2007.0,0,0,0,0,0,1,0,0,0,0,0,1,0,0,0,0,0,0,0,0
57951,fools gold,2008.0,0,1,1,0,0,1,0,0,0,0,0,0,0,0,0,1,0,0,0,0
58025,jumper,2008.0,0,1,1,0,0,0,0,0,1,0,0,0,0,0,0,0,1,1,0,0
58047,definitely maybe,2008.0,0,0,0,0,0,1,0,0,1,0,0,0,0,0,0,1,0,0,0,0
58078,air i breathe the,2007.0,0,0,0,0,0,0,1,0,1,0,0,0,0,0,0,1,0,1,0,0
58103,vantage point,2008.0,0,1,0,0,0,0,0,0,1,0,0,0,0,0,0,0,0,1,0,0
58105,spiderwick chronicles the,2008.0,0,0,1,0,1,0,0,0,1,1,0,0,1,0,0,0,0,0,0,0
58107,step up 2 the streets,2008.0,0,0,0,0,0,0,0,0,1,0,0,0,0,1,0,1,0,0,0,0
58154,other boleyn girl the,2008.0,0,0,0,0,0,0,0,0,1,0,0,0,0,0,0,1,0,0,0,0
58156,semipro,2008.0,0,0,0,0,0,1,0,0,0,0,0,0,0,0,0,0,0,0,0,0
58162,run fatboy run,2007.0,0,0,0,0,0,1,0,0,0,0,0,0,0,0,0,1,0,0,0,0
58191,taxi to the dark side,2007.0,0,0,0,0,0,0,0,1,0,0,0,0,0,0,0,0,0,0,0,0
58287,descent,2007.0,0,0,0,0,0,0,0,0,1,0,0,0,0,0,0,0,0,1,0,0
58291,college road trip,2008.0,0,0,0,0,0,1,0,0,0,0,0,0,0,0,0,0,0,0,0,0
58293,10000 bc,2008.0,0,0,1,0,0,0,0,0,0,0,0,0,0,0,0,1,0,1,0,0
58295,bank job the,2008.0,0,1,0,0,0,0,1,0,0,0,0,0,0,0,0,0,0,1,0,0
58297,doomsday,2008.0,0,1,0,0,0,0,0,0,1,0,0,0,0,0,0,0,1,1,0,0
58299,horton hears a who,2008.0,0,0,1,1,1,1,0,0,0,0,0,0,0,0,0,0,0,0,0,0
58301,funny games us,2007.0,0,0,0,0,0,0,0,0,1,0,0,0,0,0,0,0,0,1,0,0
58303,counterfeiters the die fälscher,2007.0,0,0,0,0,0,0,1,0,1,0,0,0,0,0,0,0,0,0,1,0
58306,mongol,2007.0,0,0,0,0,0,0,0,0,1,0,0,0,0,0,0,0,0,0,1,0
58309,war dance,2007.0,0,0,0,0,0,0,0,1,0,0,0,0,0,0,0,0,0,0,0,0
58315,love guru the,2008.0,0,0,0,0,0,1,0,0,0,0,0,0,0,0,0,0,0,0,0,0
58332,diary of the dead,2007.0,0,0,0,0,0,0,0,0,0,0,0,1,0,0,0,0,1,0,0,0
58347,penelope,2006.0,0,0,0,0,0,1,0,0,0,1,0,0,0,0,0,1,0,0,0,0
58351,city of men cidade dos homens,2007.0,0,0,0,0,0,0,0,0,1,0,0,0,0,0,0,0,0,0,0,0
58376,zeitgeist the movie,2007.0,0,0,0,0,0,0,0,1,0,0,0,0,0,0,0,0,0,0,1,0
58404,justice league the new frontier,2008.0,0,1,1,1,0,0,0,0,0,1,0,0,0,0,0,0,1,0,0,0
58425,heima,2007.0,0,0,0,0,0,0,0,1,0,0,0,0,0,0,0,0,0,0,0,0
58492,snow angels,2007.0,0,0,0,0,0,0,0,0,1,0,0,0,0,0,0,0,0,0,0,0
58554,class the klass,2007.0,0,0,0,0,0,0,0,0,1,0,0,0,0,0,0,0,0,0,0,0
58559,dark knight the,2008.0,0,1,0,0,0,0,1,0,1,0,0,0,1,0,0,0,0,0,0,0
58627,never back down,2008.0,0,1,0,0,0,0,0,0,0,0,0,0,0,0,0,0,0,0,0,0
58655,drillbit taylor,2008.0,0,0,0,0,0,1,0,0,0,0,0,0,0,0,0,0,0,0,0,0
58783,youth without youth,2007.0,0,0,0,0,0,0,0,0,1,0,0,0,0,0,0,1,1,0,0,0
58803,21,2008.0,0,0,0,0,0,0,1,0,1,0,0,0,0,0,0,1,0,1,0,0
58806,smart people,2008.0,0,0,0,0,0,1,0,0,1,0,0,0,0,0,0,1,0,0,0,0
58826,shepherd border patrol the,2008.0,0,1,0,0,0,0,1,0,0,0,0,0,0,0,0,0,0,1,0,0
58839,leatherheads,2008.0,0,0,0,0,0,1,0,0,1,0,0,0,0,0,0,1,0,0,0,0
58842,assembly ji jie hao,2007.0,0,1,0,0,0,0,0,0,1,0,0,0,0,0,0,0,0,0,1,0
58870,zebraman,2004.0,0,0,0,0,0,1,0,0,0,0,0,0,0,0,0,0,0,0,0,0
58876,stoploss,2008.0,0,0,0,0,0,0,0,0,1,0,0,0,0,0,0,0,0,0,1,0
58879,shine a light,2008.0,0,0,0,0,0,0,0,1,0,0,0,0,1,1,0,0,0,0,0,0
58964,inside à lintérieur,2007.0,0,0,0,0,0,0,0,0,0,0,0,1,0,0,0,0,0,1,0,0
58972,nims island,2008.0,0,0,1,0,0,1,0,0,0,1,0,0,0,0,0,0,0,0,0,0
58975,ruins the,2008.0,0,0,0,0,0,0,0,0,0,0,0,1,0,0,0,0,0,1,0,0
58998,forgetting sarah marshall,2008.0,0,0,0,0,0,1,0,0,0,0,0,0,0,0,0,1,0,0,0,0
59014,superhero movie,2008.0,0,1,0,0,0,1,0,0,0,0,0,0,0,0,0,0,1,0,0,0
59016,street kings,2008.0,0,0,0,0,0,0,1,0,1,0,0,0,0,0,0,0,0,1,0,0
59018,visitor the,2007.0,0,0,0,0,0,0,0,0,1,0,0,0,0,0,0,1,0,0,0,0
59022,harold  kumar escape from guantanamo bay,2008.0,0,0,1,0,0,1,0,0,0,0,0,0,0,0,0,0,0,0,0,0
59026,99 francs,2007.0,0,0,0,0,0,1,0,0,0,0,0,0,0,0,0,0,0,0,0,0
59037,speed racer,2008.0,0,1,0,0,1,0,0,0,0,0,0,0,1,0,0,0,1,0,0,0
59103,forbidden kingdom the,2008.0,0,1,1,0,0,1,0,0,0,1,0,0,0,0,0,0,0,0,0,0
59118,happygolucky,2008.0,0,0,0,0,0,1,0,0,1,0,0,0,0,0,0,0,0,0,0,0
59126,religulous,2008.0,0,0,0,0,0,1,0,1,0,0,0,0,0,0,0,0,0,0,0,0
59129,outpost,2008.0,0,1,0,0,0,0,0,0,0,0,0,1,0,0,0,0,0,0,0,0
59131,are you scared,2006.0,0,0,0,0,0,0,0,0,0,0,0,1,0,0,0,0,0,0,0,0
59141,son of rambow,2007.0,0,0,0,0,1,1,0,0,1,0,0,0,0,0,0,0,0,0,0,0
59143,super high me,2007.0,0,0,0,0,0,1,0,1,0,0,0,0,0,0,0,0,0,0,0,0
59220,outsourced,2006.0,0,0,0,0,0,1,0,0,0,0,0,0,0,0,0,1,0,0,0,0
59258,baby mama,2008.0,0,0,0,0,0,1,0,0,0,0,0,0,0,0,0,0,0,0,0,0
59295,expelled no intelligence allowed,2008.0,0,0,0,0,0,0,0,1,0,0,0,0,0,0,0,0,0,0,0,0
59306,prom night,2008.0,0,0,0,0,0,0,0,0,0,0,0,1,0,0,1,0,0,1,0,0
59315,iron man,2008.0,0,1,1,0,0,0,0,0,0,0,0,0,0,0,0,0,1,0,0,0
59333,made of honor,2008.0,0,0,0,0,0,1,0,0,0,0,0,0,0,0,0,1,0,0,0,0
59336,redbelt,2008.0,0,1,0,0,0,0,0,0,1,0,0,0,0,0,0,0,0,0,0,0
59369,taken,2008.0,0,1,0,0,0,0,1,0,1,0,0,0,0,0,0,0,0,1,0,0
59387,fall the,2006.0,0,0,1,0,0,0,0,0,1,1,0,0,0,0,0,0,0,0,0,0
59421,what happens in vegas,2008.0,0,0,0,0,0,1,0,0,0,0,0,0,0,0,0,1,0,0,0,0
59429,american pie presents beta house american pie 6 beta house,2007.0,0,0,0,0,0,1,0,0,0,0,0,0,0,0,0,0,0,0,0,0
59440,bella,2006.0,0,0,0,0,0,0,0,0,1,0,0,0,0,0,0,1,0,0,0,0
59501,chronicles of narnia prince caspian the,2008.0,0,0,1,0,1,0,0,0,0,1,0,0,0,0,0,0,0,0,0,0
59549,shelter,2007.0,0,0,0,0,0,0,0,0,1,0,0,0,0,0,0,1,0,0,0,0
59604,girl next door the,2007.0,0,0,0,0,0,0,1,0,1,0,0,1,0,0,0,0,0,1,0,0
59615,indiana jones and the kingdom of the crystal skull,2008.0,0,1,1,0,0,1,0,0,0,0,0,0,0,0,0,0,1,0,0,0
59667,ninas heavenly delights,2006.0,0,0,0,0,0,1,0,0,0,0,0,0,0,0,0,0,0,0,0,0
59725,sex and the city,2008.0,0,0,0,0,0,1,0,0,0,0,0,0,0,0,0,1,0,0,0,0
59727,strangers the,2008.0,0,0,0,0,0,0,0,0,0,0,0,1,0,0,0,0,0,1,0,0
59731,bigger stronger faster,2008.0,0,0,0,0,0,0,0,1,0,0,0,0,0,0,0,0,0,0,0,0
59738,all the boys love mandy lane,2006.0,0,0,0,0,0,0,0,0,0,0,0,1,0,0,1,0,0,1,0,0
59784,kung fu panda,2008.0,0,1,0,1,1,1,0,0,0,0,0,0,1,0,0,0,0,0,0,0
59810,recount,2008.0,0,0,0,0,0,0,0,0,1,0,0,0,0,0,0,0,0,0,0,0
59814,ex drummer,2007.0,0,0,0,0,0,1,1,0,1,0,0,1,0,0,0,0,0,0,0,0
59900,you dont mess with the zohan,2008.0,0,0,0,0,0,1,0,0,0,0,0,0,0,0,0,0,0,0,0,0
59915,stuck,2007.0,0,0,0,0,0,0,0,0,0,0,0,1,0,0,0,0,0,1,0,0
59947,protector the,1985.0,0,1,0,0,0,1,0,0,1,0,0,0,0,0,0,0,0,1,0,0
59985,chaos theory,2007.0,0,0,0,0,0,1,0,0,1,0,0,0,0,0,0,1,0,0,0,0
59995,boy a,2007.0,0,0,0,0,0,0,1,0,1,0,0,0,0,0,0,0,0,0,0,0
60030,spiral,2007.0,0,0,0,0,0,0,0,0,1,0,0,1,0,0,0,0,0,1,0,0
60037,happening the,2008.0,0,0,0,0,0,0,0,0,1,0,0,0,0,0,0,0,1,1,0,0
60040,incredible hulk the,2008.0,0,1,0,0,0,0,0,0,0,0,0,0,0,0,0,0,1,0,0,0
60046,children of huang shi the,2008.0,0,0,0,0,0,0,0,0,1,0,0,0,0,0,0,0,0,0,1,0
60069,walle,2008.0,0,0,1,1,1,0,0,0,0,0,0,0,0,0,0,1,1,0,0,0
60072,wanted,2008.0,0,1,0,0,0,0,0,0,0,0,0,0,0,0,0,0,0,1,0,0
60074,hancock,2008.0,0,1,1,0,0,1,1,0,0,1,0,0,0,0,0,0,0,0,0,0
60126,get smart,2008.0,0,1,0,0,0,1,0,0,0,0,0,0,0,0,0,0,0,0,0,0
60128,young people fucking aka ypf,2007.0,0,0,0,0,0,1,0,0,0,0,0,0,0,0,0,0,0,0,0,0
60141,st trinians,2007.0,0,0,0,0,1,1,0,0,0,0,0,0,0,0,0,0,0,0,0,0
60161,futurama the beast with a billion backs,2008.0,0,1,0,1,0,1,0,0,0,0,0,0,0,0,0,1,1,0,0,0
60289,kit kittredge an american girl,2008.0,0,0,0,0,1,1,0,0,1,0,0,0,0,0,1,0,0,0,0,0
60291,gonzo the life and work of dr hunter s thompson,2008.0,0,0,0,0,0,0,0,1,0,0,0,0,0,0,0,0,0,0,0,0
60293,wackness the,2008.0,0,0,0,0,0,1,0,0,1,0,0,0,0,0,0,1,0,0,0,0
60303,strange circus kimyô na sâkasu,2005.0,0,0,0,0,0,0,0,0,0,0,0,1,0,0,1,0,0,1,0,0
60333,encounters at the end of the world,2008.0,0,0,0,0,0,0,0,1,0,0,0,0,0,0,0,0,0,0,0,0
60363,zombie strippers,2008.0,0,0,0,0,0,1,0,0,0,0,0,1,0,0,0,0,0,0,0,0
60365,frosty the snowman,1969.0,0,0,0,1,1,1,0,0,0,1,0,0,0,1,0,0,0,0,0,0
60389,battle for haditha,2007.0,0,0,0,0,0,0,0,0,0,0,0,0,0,0,0,0,0,0,1,0
60397,mamma mia,2008.0,0,0,0,0,0,1,0,0,0,0,0,0,0,1,0,1,0,0,0,0
60408,welcome to the sticks bienvenue chez les chtis,2008.0,0,0,0,0,0,1,0,0,0,0,0,0,0,0,0,0,0,0,0,0
60471,rogue,2007.0,0,1,1,0,0,0,0,0,0,0,0,1,0,0,0,0,1,1,0,0
60487,its the great pumpkin charlie brown,1966.0,0,0,0,1,1,1,0,0,0,0,0,0,0,0,0,0,0,0,0,0
60514,journey to the center of the earth,2008.0,0,1,1,0,0,0,0,0,0,0,0,0,0,0,0,0,1,0,0,0
60516,meet dave,2008.0,0,0,1,0,1,1,0,0,0,0,0,0,0,0,0,1,1,0,0,0
60522,machine girl the kataude mashin gâru,2008.0,0,1,0,0,0,1,0,0,0,1,0,1,0,0,0,0,0,1,0,0
60538,shrooms,2007.0,0,0,0,0,0,0,0,0,0,0,0,1,0,0,0,0,0,1,0,0
60647,transsiberian,2008.0,0,0,0,0,0,0,1,0,1,0,0,0,0,0,0,0,0,1,0,0
60674,stargate continuum,2008.0,0,0,0,0,0,0,0,0,0,0,0,0,0,0,0,0,1,0,0,0
60684,watchmen,2009.0,0,1,0,0,0,0,0,0,1,0,0,0,1,0,1,0,1,1,0,0
60735,shotgun stories,2007.0,0,0,0,0,0,0,0,0,1,0,0,0,0,0,0,0,0,1,0,0
60737,watching the detectives,2007.0,0,0,0,0,0,1,0,0,0,0,0,0,0,0,0,1,0,0,0,0
60753,felon,2008.0,0,0,0,0,0,0,1,0,1,0,0,0,0,0,0,0,0,0,0,0
60756,step brothers,2008.0,0,0,0,0,0,1,0,0,0,0,0,0,0,0,0,0,0,0,0,0
60760,xfiles i want to believe the,2008.0,0,0,0,0,0,0,0,0,1,0,0,0,0,0,1,0,1,1,0,0
60766,man on wire,2008.0,0,0,0,0,0,0,0,1,0,0,0,0,0,0,0,0,0,0,0,0
60803,little drummer boy the,1968.0,0,0,0,1,1,0,0,0,0,0,0,0,0,1,0,0,0,0,0,0
60818,hogfather terry pratchetts hogfather,2006.0,0,0,1,0,0,0,0,0,0,1,0,0,0,0,0,0,0,1,0,0
60832,pathology,2008.0,0,0,0,0,0,0,1,0,0,0,0,1,0,0,0,0,0,1,0,0
60857,tracey fragments the,2007.0,0,0,0,0,0,0,0,0,1,0,0,0,0,0,0,0,0,0,0,0
60885,zone the la zona,2007.0,0,0,0,0,0,0,0,0,1,0,0,0,0,0,0,0,0,1,0,0
60894,edge of love the,2008.0,0,0,0,0,0,0,0,0,1,0,0,0,0,0,0,1,0,0,1,0
60904,heart of a dog sobachye serdtse,1988.0,0,0,0,0,0,1,0,0,1,0,0,0,0,0,0,0,1,0,0,0
60937,mummy tomb of the dragon emperor the,2008.0,0,1,1,0,0,0,0,0,0,1,0,0,0,0,0,0,0,1,0,0
60941,midnight meat train the,2008.0,0,0,0,0,0,0,0,0,0,0,0,1,0,0,1,0,0,1,0,0
60943,frozen river,2008.0,0,0,0,0,0,0,0,0,1,0,0,0,0,0,0,0,0,0,0,0
60950,vicky cristina barcelona,2008.0,0,0,0,0,0,1,0,0,1,0,0,0,0,0,0,1,0,0,0,0
60979,batman gotham knight,2008.0,0,1,0,1,0,0,1,0,0,0,0,0,0,0,0,0,0,0,0,0
61011,walker the,2007.0,0,0,0,0,0,0,0,0,1,0,0,0,0,0,1,0,0,0,0,0
61024,pineapple express,2008.0,0,1,0,0,0,1,1,0,0,0,0,0,0,0,0,0,0,0,0,0
61026,red cliff chi bi,2008.0,0,1,1,0,0,0,0,0,1,0,0,0,0,0,0,0,0,0,1,0
61071,sisterhood of the traveling pants 2 the,2008.0,0,0,1,0,0,1,0,0,1,0,0,0,0,0,0,1,0,0,0,0
61073,hell ride,2008.0,0,1,0,0,0,0,0,0,1,0,0,0,0,0,0,0,0,1,0,0
61123,high school musical 2,2007.0,0,0,0,0,0,1,0,0,1,0,0,0,0,1,0,1,0,0,0,0
61132,tropic thunder,2008.0,0,1,1,0,0,1,0,0,0,0,0,0,0,0,0,0,0,0,1,0
61160,star wars the clone wars,2008.0,0,1,1,1,0,0,0,0,0,0,0,0,0,0,0,0,1,0,0,0
61167,henry poole is here,2008.0,0,0,0,0,0,0,0,0,1,0,0,0,0,0,1,0,0,0,0,0
61210,mutant chronicles,2008.0,0,1,1,0,0,0,0,0,0,0,0,0,0,0,0,0,1,0,0,0
61236,waltz with bashir vals im bashir,2008.0,0,0,0,1,0,0,0,1,1,0,0,0,0,0,0,0,0,0,1,0
61240,let the right one in låt den rätte komma in,2008.0,0,0,0,0,0,0,0,0,1,1,0,1,0,0,0,1,0,0,0,0
61246,hamlet 2,2008.0,0,0,0,0,0,1,0,0,0,0,0,0,0,0,0,0,0,0,0,0
61248,death race,2008.0,0,1,1,0,0,0,0,0,0,0,0,0,0,0,0,0,1,1,0,0
61250,house bunny the,2008.0,0,0,0,0,0,1,0,0,0,0,0,0,0,0,0,0,0,0,0,0
61255,rocker the,2008.0,0,0,0,0,0,1,0,0,0,0,0,0,0,0,0,0,0,0,0,0
61257,iousa aka iousa,2008.0,0,0,0,0,0,0,0,1,0,0,0,0,0,0,0,0,0,0,0,0
61262,mirrors,2008.0,0,0,0,0,0,0,0,0,0,0,0,1,0,0,1,0,0,1,0,0
61289,sukiyaki western django,2008.0,0,1,0,0,0,0,0,0,0,0,0,0,0,0,0,0,0,0,0,1
61319,somers town,2008.0,0,0,0,0,0,0,0,0,1,0,0,0,0,0,0,0,0,0,0,0
61323,burn after reading,2008.0,0,0,0,0,0,1,1,0,1,0,0,0,0,0,0,0,0,0,0,0
61348,disaster movie,2008.0,0,0,0,0,0,1,0,0,0,0,0,0,0,0,0,0,0,0,0,0
61350,babylon ad,2008.0,0,1,1,0,0,0,0,0,0,0,0,0,0,0,0,0,1,1,0,0
61352,traitor,2008.0,0,0,0,0,0,0,1,0,1,0,0,0,0,0,0,0,0,1,0,0
61394,onion movie the,2008.0,0,0,0,0,0,1,0,0,0,0,0,0,0,0,0,0,0,0,0,0
61401,spirit the,2008.0,0,1,0,0,0,1,0,0,0,1,0,0,0,0,0,0,0,1,0,0
61406,john adams,2008.0,0,0,0,0,0,0,0,0,1,0,0,0,0,0,0,0,0,0,0,0
61465,bangkok dangerous,2008.0,0,1,0,0,0,0,1,0,0,0,0,0,0,0,0,0,0,1,0,0
61628,sunflower xiang ri kui,2005.0,0,0,0,0,0,0,0,0,1,0,0,0,0,0,0,0,0,0,0,0
61692,altered,2006.0,0,0,0,0,0,0,0,0,0,0,0,1,0,0,0,0,1,1,0,0
61697,righteous kill,2008.0,0,0,0,0,0,0,1,0,0,0,0,0,0,0,1,0,0,1,0,0
61705,lakeview terrace,2008.0,0,0,0,0,0,0,0,0,1,0,0,0,0,0,0,0,0,1,0,0
61729,ghost town,2008.0,0,0,0,0,0,1,0,0,0,1,0,0,0,0,0,1,0,0,0,0
61818,crow the wicked prayer,2005.0,0,1,1,0,0,0,0,0,0,1,0,0,0,0,0,0,0,1,0,0
61986,appaloosa,2008.0,0,0,0,0,0,0,0,0,0,0,0,0,0,0,0,0,0,0,0,1
62008,dead fury,2008.0,0,1,0,1,0,1,0,0,0,0,0,1,0,0,0,0,0,0,0,0
62081,eagle eye,2008.0,0,1,0,0,0,0,1,0,0,0,0,0,1,0,0,0,0,1,0,0
62113,how to lose friends  alienate people,2008.0,0,0,0,0,0,1,0,0,0,0,0,0,0,0,0,0,0,0,0,0
62155,nick and norahs infinite playlist,2008.0,0,0,0,0,0,1,0,0,1,0,0,0,0,0,0,1,0,0,0,0
62208,sound of the mountain thunder of the mountain the yama no oto,1954.0,0,0,0,0,0,0,0,0,1,0,0,0,0,0,0,0,0,0,0,0
62250,gomorrah gomorra,2008.0,0,0,0,0,0,0,1,0,1,0,0,0,0,0,0,0,0,0,0,0
62293,duchess the,2008.0,0,0,0,0,0,0,0,0,1,0,0,0,0,0,0,1,0,0,0,0
62299,alone in the dark ii,2008.0,0,1,0,0,0,0,0,0,0,0,0,1,0,0,0,0,0,0,0,0
62336,flcl,2000.0,0,0,0,1,0,1,0,0,0,1,0,0,0,0,0,0,1,0,0,0
62344,rachel getting married,2008.0,0,0,0,0,0,0,0,0,1,0,0,0,0,0,0,1,0,0,0,0
62374,body of lies,2008.0,0,1,0,0,0,0,0,0,1,0,0,0,0,0,0,0,0,1,0,0
62376,city of ember,2008.0,0,0,1,0,1,0,0,0,0,0,0,0,0,0,0,0,1,0,0,0
62383,20000 leagues under the sea,1916.0,0,1,1,0,0,0,0,0,0,0,0,0,0,0,0,0,1,0,0,0
62394,max payne,2008.0,0,1,0,0,0,0,1,0,1,0,0,0,0,0,0,0,0,1,0,0
62434,zack and miri make a porno,2008.0,0,0,0,0,0,1,0,0,1,0,0,0,0,0,0,1,0,0,0,0
62437,w,2008.0,0,0,0,0,0,0,0,0,1,0,0,0,0,0,0,0,0,0,0,0
62439,my best friends girl,2008.0,0,0,0,0,0,1,0,0,0,0,0,0,0,0,0,1,0,0,0,0
62511,synecdoche new york,2008.0,0,0,0,0,0,1,0,0,1,0,0,0,0,0,0,0,0,0,0,0
62553,secret life of bees the,2008.0,0,0,0,0,0,0,0,0,1,0,0,0,0,0,0,0,0,0,0,0
62586,american carol an,2008.0,0,0,0,0,0,1,0,0,0,1,0,0,0,0,0,0,0,0,0,0
62644,wave the welle die,2008.0,0,0,0,0,0,0,0,0,1,0,0,0,0,0,0,0,0,0,0,0
62662,tokyoga,1985.0,0,0,0,0,0,0,0,1,0,0,0,0,0,0,0,0,0,0,0,0
62718,angus thongs and perfect snogging,2008.0,0,0,0,0,0,1,0,0,0,0,0,0,0,0,0,1,0,0,0,0
62792,pride and glory,2008.0,0,0,0,0,0,0,1,0,1,0,0,0,0,0,0,0,0,0,0,0
62799,express the,2008.0,0,0,0,0,0,0,0,0,1,0,0,0,0,0,0,0,0,0,0,0
62834,babylon 5 the legend of the rangers to live and die in starlight,2002.0,0,0,0,0,0,0,0,0,0,0,0,0,0,0,0,0,1,0,0,0
62836,babylon 5 the lost tales  voices in the dark,2007.0,0,0,0,0,0,0,0,0,0,0,0,0,0,0,0,0,1,0,0,0
62849,rocknrolla,2008.0,0,1,0,0,0,0,1,0,0,0,0,0,0,0,0,0,0,0,0,0
62956,futurama benders game,2008.0,0,1,1,1,0,1,0,0,0,1,0,0,0,0,0,0,1,0,0,0
62970,tin man,2007.0,0,0,1,0,0,0,0,0,0,1,0,0,0,0,0,0,1,0,0,0
62999,madagascar escape 2 africa,2008.0,0,1,1,1,1,1,0,0,0,0,0,0,1,0,0,0,0,0,0,0
63033,blindness,2008.0,0,0,0,0,0,0,0,0,1,0,0,0,0,0,1,1,0,1,0,0
63062,changeling,2008.0,0,0,0,0,0,0,1,0,1,0,0,0,0,0,1,0,0,0,0,0
63072,road the,2009.0,0,0,1,0,0,0,0,0,1,0,0,0,0,0,0,0,0,1,0,0
63082,slumdog millionaire,2008.0,0,0,0,0,0,0,1,0,1,0,0,0,0,0,0,1,0,0,0,0
63113,quantum of solace,2008.0,0,1,1,0,0,0,0,0,0,0,0,0,0,0,0,0,0,1,0,0
63131,role models,2008.0,0,0,0,0,0,1,0,0,0,0,0,0,0,0,0,0,0,0,0,0
63179,tokyo,2008.0,0,0,0,0,0,0,0,0,1,0,0,0,0,0,0,0,0,0,0,0
63222,jcvd,2008.0,0,1,0,0,0,0,0,0,1,0,0,0,0,0,0,0,0,1,0,0
63239,cinderella,1997.0,0,0,0,0,1,0,0,0,0,1,0,0,0,1,0,1,0,0,0,0
63276,crows zero kurôzu zero,2007.0,0,1,0,0,0,0,0,0,0,0,0,0,0,0,0,0,0,0,0,0
63312,krabat,2008.0,0,0,0,0,0,0,0,0,1,1,0,0,0,0,0,0,0,0,0,0
63393,camp rock,2008.0,0,0,0,0,0,1,0,0,0,0,0,0,0,1,0,1,0,0,0,0
63433,farscape the peacekeeper wars,2004.0,0,1,1,0,0,0,0,0,0,0,0,0,0,0,0,0,1,0,0,0
63436,saw v,2008.0,0,0,0,0,0,0,1,0,0,0,0,1,0,0,0,0,0,1,0,0
63479,sex drive,2008.0,0,0,0,0,0,1,0,0,0,0,0,0,0,0,0,0,0,0,0,0
63515,the island,2006.0,0,0,0,0,0,0,0,0,1,0,0,0,0,0,1,0,0,0,0,0
63540,beverly hills chihuahua,2008.0,0,0,1,0,1,1,0,0,0,0,0,0,0,0,0,0,0,0,0,0
63768,tattooed life irezumi ichidai,1965.0,0,0,0,0,0,0,1,0,1,0,0,0,0,0,0,0,0,0,0,0
63808,class the entre les murs,2008.0,0,0,0,0,0,0,0,0,1,0,0,0,0,0,0,0,0,0,0,0
63826,splinter,2008.0,0,1,0,0,0,0,0,0,0,0,0,1,0,0,0,0,0,1,0,0
63853,australia,2008.0,0,0,1,0,0,0,0,0,1,0,0,0,0,0,0,0,0,0,1,1
63859,bolt,2008.0,0,1,1,1,1,1,0,0,0,0,0,0,0,0,0,0,0,0,0,0
63876,milk,2008.0,0,0,0,0,0,0,0,0,1,0,0,0,0,0,0,0,0,0,0,0
63992,twilight,2008.0,0,0,0,0,0,0,0,0,1,1,0,0,0,0,0,1,0,1,0,0
64010,children the,2008.0,0,0,0,0,0,0,0,0,0,0,0,1,0,0,0,0,0,0,0,0
64030,transporter 3,2008.0,0,1,1,0,0,0,1,0,0,0,0,0,0,0,0,0,0,1,0,0
64032,four christmases,2008.0,0,0,0,0,0,1,0,0,0,0,0,0,0,0,0,0,0,0,0,0
64034,boy in the striped pajamas the boy in the striped pyjamas the,2008.0,0,0,0,0,0,0,0,0,1,0,0,0,0,0,0,0,0,0,1,0
64114,fireproof,2008.0,0,0,0,0,0,0,0,0,1,0,0,0,0,0,0,1,0,0,0,0
64116,igor,2008.0,0,0,0,1,0,1,0,0,0,0,0,0,0,0,0,0,0,0,0,0
64167,dinotopia,2002.0,0,0,1,0,0,0,0,0,0,1,0,0,0,0,0,0,0,0,0,0
64197,hunger,2008.0,0,0,0,0,0,0,0,0,1,0,0,0,0,0,0,0,0,0,0,0
64231,punisher war zone,2008.0,0,1,0,0,0,0,1,0,1,0,0,0,0,0,0,0,0,1,0,0
64249,shrek the halls,2007.0,0,0,1,1,0,1,0,0,0,1,0,0,0,0,0,0,0,0,0,0
64278,perverts guide to cinema the,2006.0,0,0,0,0,0,0,0,1,0,0,0,0,0,0,0,0,0,0,0,0
64285,wallace and gromit in a matter of loaf and death,2008.0,0,0,0,1,0,1,0,0,0,0,0,0,0,0,0,0,0,0,0,0
64497,day the earth stood still the,2008.0,0,0,0,0,0,0,0,0,1,0,0,0,1,0,0,0,1,1,0,0
64499,che part one,2008.0,0,0,0,0,0,0,0,0,1,0,0,0,0,0,0,0,0,0,1,0
64501,che part two,2008.0,0,0,0,0,0,0,0,0,1,0,0,0,0,0,0,0,0,0,1,0
64575,doubt,2008.0,0,0,0,0,0,0,0,0,1,0,0,0,0,0,1,0,0,0,0,0
64614,gran torino,2008.0,0,0,0,0,0,0,1,0,1,0,0,0,0,0,0,0,0,0,0,0
64620,frostnixon,2008.0,0,0,0,0,0,0,0,0,1,0,0,0,0,0,0,0,0,0,0,0
64622,reader the,2008.0,0,0,0,0,0,0,0,0,1,0,0,0,0,0,0,1,0,0,0,0
64695,sword of the stranger sutorejia mukô hadan,2007.0,0,1,1,1,0,0,0,0,0,0,0,0,0,0,0,0,0,0,0,0
64716,seven pounds,2008.0,0,0,0,0,0,0,0,0,1,0,0,0,0,0,0,0,0,0,0,0
64839,wrestler the,2008.0,0,0,0,0,0,0,0,0,1,0,0,0,0,0,0,0,0,0,0,0
64957,curious case of benjamin button the,2008.0,0,0,0,0,0,0,0,0,1,1,0,0,0,0,1,1,0,0,0,0
64969,yes man,2008.0,0,0,0,0,0,1,0,0,0,0,0,0,0,0,0,0,0,0,0,0
64983,valkyrie,2008.0,0,0,0,0,0,0,0,0,1,0,0,0,0,0,0,0,0,1,1,0
64993,5 centimeters per second byôsoku 5 senchimêtoru,2007.0,0,0,0,1,0,0,0,0,1,0,0,0,0,0,0,1,0,0,0,0
64997,war of the worlds,2005.0,0,1,0,0,0,0,0,0,0,0,0,0,0,0,0,0,1,0,0,0
65037,ben x,2007.0,0,0,0,0,0,0,0,0,1,0,0,0,0,0,0,0,0,0,0,0
65088,bedtime stories,2008.0,0,0,1,0,1,1,0,0,0,0,0,0,0,0,0,0,0,0,0,0
65126,choke,2008.0,0,0,0,0,0,1,0,0,1,0,0,0,0,0,0,0,0,0,0,0
65130,revolutionary road,2008.0,0,0,0,0,0,0,0,0,1,0,0,0,0,0,0,1,0,0,0,0
65133,blackadder back  forth,1999.0,0,0,0,0,0,1,0,0,0,0,0,0,0,0,0,0,0,0,0,0
65135,blackadders christmas carol,1988.0,0,0,0,0,0,1,0,0,0,0,0,0,0,0,0,0,0,0,0,0
65188,dear zachary a letter to a son about his father,2008.0,0,0,0,0,0,0,0,1,0,0,0,0,0,0,0,0,0,0,0,0
65193,wild child,2008.0,0,0,0,0,0,0,0,0,1,0,0,0,0,0,0,1,0,0,0,0
65216,defiance,2008.0,0,0,0,0,0,0,0,0,1,0,0,0,0,0,0,0,0,1,1,0
65225,zeitgeist addendum,2008.0,0,0,0,0,0,0,0,1,0,0,0,0,0,0,0,0,0,0,0,0
65230,marley  me,2008.0,0,0,0,0,0,1,0,0,1,0,0,0,0,0,0,0,0,0,0,0
65261,ponyo gake no ue no ponyo,2008.0,0,0,1,1,1,0,0,0,0,1,0,0,0,0,0,0,0,0,0,0
65350,general died at dawn the,1936.0,0,0,1,0,0,0,1,0,0,0,0,0,0,0,0,0,0,1,0,0
65359,earthsea legend of earthsea,2004.0,0,0,1,0,0,0,0,0,1,1,0,0,0,0,0,0,0,0,0,0
65514,ip man,2008.0,0,1,0,0,0,0,0,0,1,0,0,0,0,0,0,0,0,0,1,0
65577,tale of despereaux the,2008.0,0,0,1,1,1,1,0,0,0,1,0,0,0,0,0,0,0,0,0,0
65585,bride wars,2009.0,0,0,0,0,0,1,0,0,0,0,0,0,0,0,0,1,0,0,0,0
65588,gamers the dorkness rising,2008.0,0,1,1,0,0,1,0,0,0,1,0,0,0,0,0,0,0,0,0,0
65596,mesrine killer instinct linstinct de mort,2008.0,0,1,0,0,0,0,1,0,1,0,0,0,0,0,0,0,0,1,0,0
65601,my bloody valentine 3d,2009.0,0,0,0,0,0,0,0,0,0,0,0,1,0,0,0,0,0,1,0,0
65631,battle in seattle,2007.0,0,1,0,0,0,0,0,0,1,0,0,0,0,0,0,0,0,0,0,0
65642,timecrimes cronocrímenes los,2007.0,0,0,0,0,0,0,0,0,0,0,0,0,0,0,0,0,1,1,0,0
65651,fire and ice,2008.0,0,0,1,0,0,0,0,0,0,1,0,0,0,0,0,0,0,0,0,0
65682,underworld rise of the lycans,2009.0,0,1,0,0,0,0,0,0,0,1,0,1,0,0,0,0,0,1,0,0
65685,inkheart,2008.0,0,0,1,0,0,0,0,0,0,1,0,0,0,0,0,0,0,0,0,0
65738,revenge of the nerds iii the next generation,1992.0,0,0,0,0,0,1,0,0,0,0,0,0,0,0,0,0,0,0,0,0
65740,revenge of the nerds iv nerds in love,1994.0,0,0,0,0,0,1,0,0,0,0,0,0,0,0,0,1,0,0,0,0
65802,paul blart mall cop,2009.0,0,1,0,0,0,1,1,0,0,0,0,0,0,0,0,0,0,0,0,0
65810,notorious,2009.0,0,0,0,0,0,0,0,0,1,0,0,0,0,1,0,0,0,0,0,0
65882,uninvited the,2009.0,0,0,0,0,0,0,0,0,1,0,0,1,0,0,1,0,0,1,0,0
65982,outlander,2008.0,0,1,1,0,0,0,0,0,0,0,0,0,0,0,0,0,1,0,0,0
66090,eden lake,2008.0,0,0,0,0,0,0,0,0,0,0,0,1,0,0,0,0,0,1,0,0
66097,coraline,2009.0,0,0,0,1,0,0,0,0,0,1,0,0,0,0,0,0,0,1,0,0
66171,push,2009.0,0,0,0,0,0,0,0,0,0,0,0,0,0,0,0,0,1,1,0,0
66198,international the,2009.0,0,0,0,0,0,0,0,0,1,0,0,0,0,0,0,0,0,1,0,0
66203,hes just not that into you,2009.0,0,0,0,0,0,1,0,0,1,0,0,0,0,0,0,1,0,0,0,0
66240,dead like me life after death,2009.0,0,0,0,0,0,1,0,0,0,1,0,0,0,0,0,0,0,0,0,0
66297,futurama into the wild green yonder,2009.0,0,1,0,1,0,1,0,0,0,0,0,0,0,0,0,0,1,0,0,0
66310,frontières,2007.0,0,0,0,0,0,0,0,0,1,0,0,1,0,0,0,0,0,1,0,0
66320,11th hour the,2007.0,0,0,0,0,0,0,0,1,0,0,0,0,0,0,0,0,0,0,0,0
66335,afro samurai resurrection,2009.0,0,0,0,1,0,0,0,0,0,0,0,0,0,0,0,0,0,0,0,0
66371,departures okuribito,2008.0,0,0,0,0,0,0,0,0,1,0,0,0,0,0,0,0,0,0,0,0
66427,my name is bruce,2007.0,0,0,0,0,0,1,0,0,0,0,0,1,0,0,0,0,0,0,0,0
66509,funny people,2009.0,0,0,0,0,0,1,0,0,1,0,0,0,0,0,0,0,0,0,0,0
66511,berlin calling,2008.0,0,0,0,0,0,1,0,0,1,0,0,0,0,0,0,0,0,0,0,0
66544,nuremberg,2000.0,0,0,0,0,0,0,0,0,1,0,0,0,0,0,0,0,0,0,1,0
66665,away we go,2009.0,0,0,0,0,0,1,0,0,1,0,0,0,0,0,0,1,0,0,0,0
66744,divo il,2008.0,0,0,0,0,0,0,0,0,1,0,0,0,0,0,0,0,0,0,0,0
66783,friday the 13th,2009.0,0,0,0,0,0,0,0,0,0,0,0,1,0,0,0,0,0,0,0,0
66785,good the bad the weird the joheunnom nabbeunnom isanghannom,2008.0,0,1,1,0,0,1,0,0,0,0,0,0,0,0,0,0,0,0,0,1
66798,pink panther 2 the,2009.0,0,0,1,0,0,1,0,0,0,0,0,0,0,0,1,0,0,0,0,0
66915,rockadoodle,1991.0,0,0,1,1,1,0,0,0,0,0,0,0,0,1,0,0,0,0,0,0
66934,dr horribles singalong blog,2008.0,0,0,0,0,0,1,0,0,1,0,0,0,0,1,0,0,1,0,0,0
66943,cottage the,2008.0,0,0,0,0,0,1,1,0,0,0,0,1,0,0,0,0,0,1,0,0
67087,i love you man,2009.0,0,0,0,0,0,1,0,0,0,0,0,0,0,0,0,0,0,0,0,0
67168,dance of the dead,2008.0,0,0,1,0,0,1,0,0,0,0,0,1,0,0,0,0,0,0,0,0
67186,haunting in connecticut the,2009.0,0,0,0,0,0,0,0,0,0,0,0,1,0,0,0,0,0,1,0,0
67193,duplicity,2009.0,0,0,0,0,0,0,1,0,0,0,0,0,0,0,0,1,0,1,0,0
67197,knowing,2009.0,0,1,0,0,0,0,0,0,1,0,0,0,0,0,1,0,1,1,0,0
67255,girl with the dragon tattoo the män som hatar kvinnor,2009.0,0,0,0,0,0,0,1,0,1,0,0,0,0,0,1,0,0,1,0,0
67267,sunshine cleaning,2008.0,0,0,0,0,0,1,0,0,1,0,0,0,0,0,0,0,0,0,0,0
67295,kung fu panda secrets of the furious five,2008.0,0,1,0,1,1,1,0,0,0,0,0,0,0,0,0,0,0,0,0,0
67361,echelon conspiracy,2009.0,0,1,0,0,0,0,0,0,0,0,0,0,0,0,1,0,0,1,0,0
67408,monsters vs aliens,2009.0,0,0,0,1,0,0,0,0,0,0,0,0,1,0,0,0,1,0,0,0
67508,baader meinhof komplex der,2008.0,0,1,0,0,0,0,1,0,1,0,0,0,0,0,0,0,0,1,0,0
67534,big stan,2007.0,0,0,0,0,0,1,0,0,0,0,0,0,0,0,0,0,0,0,0,0
67618,strictly sexual,2008.0,0,0,0,0,0,1,0,0,1,0,0,0,0,0,0,1,0,0,0,0
67665,anvil the story of anvil,2008.0,0,0,0,0,0,0,0,1,0,0,0,0,0,1,0,0,0,0,0,0
67695,observe and report,2009.0,0,1,0,0,0,1,0,0,0,0,0,0,0,0,0,0,0,0,0,0
67734,adventureland,2009.0,0,0,0,0,0,1,0,0,1,0,0,0,0,0,0,0,0,0,0,0
67788,confessions of a shopaholic,2009.0,0,0,0,0,0,1,0,0,0,0,0,0,0,0,0,1,0,0,0,0
67799,the butterfly effect 3 revelations,2009.0,0,0,0,0,0,0,0,0,1,1,0,0,0,0,0,0,1,1,0,0
67888,man on the flying trapeze,1935.0,0,0,0,0,0,1,0,0,0,0,0,0,0,0,0,0,0,0,0,0
67923,fast  furious fast and the furious 4 the,2009.0,0,1,0,0,0,0,1,0,1,0,0,0,0,0,0,0,0,1,0,0
67997,in the loop,2009.0,0,0,0,0,0,1,0,0,0,0,0,0,0,0,0,0,0,0,0,0
68073,pirate radio,2009.0,0,0,0,0,0,1,0,0,1,0,0,0,0,0,0,0,0,0,0,0
68135,17 again,2009.0,0,0,0,0,0,1,0,0,1,0,0,0,0,0,0,0,0,0,0,0
68157,inglourious basterds,2009.0,0,1,0,0,0,0,0,0,1,0,0,0,0,0,0,0,0,0,1,0
68159,state of play,2009.0,0,0,0,0,0,0,1,0,1,0,0,0,0,0,0,0,0,1,0,0
68194,damned united the,2009.0,0,0,0,0,0,0,0,0,1,0,0,0,0,0,0,0,0,0,0,0
68205,crank high voltage,2009.0,0,1,0,0,0,1,1,0,0,0,0,0,0,0,0,0,0,0,0,0
68237,moon,2009.0,0,0,0,0,0,0,0,0,1,0,0,0,0,0,1,0,1,1,0,0
68269,young victoria the,2009.0,0,0,0,0,0,0,0,0,1,0,0,0,0,0,0,1,0,0,0,0
68319,xmen origins wolverine,2009.0,0,1,0,0,0,0,0,0,0,0,0,0,0,0,0,0,1,1,0,0
68347,sin nombre,2009.0,0,0,0,0,0,0,1,0,1,0,0,0,0,0,0,0,0,1,0,0
68358,star trek,2009.0,0,1,1,0,0,0,0,0,0,0,0,0,1,0,0,0,1,0,0,0
68444,great buck howard the,2008.0,0,0,0,0,0,1,0,0,0,0,0,0,0,0,0,0,0,0,0,0
68480,flatfoot on the nile piedone degitto,1980.0,0,1,0,0,0,1,1,0,0,0,0,0,0,0,0,0,0,0,0,0
68486,red cliff part ii chi bi xia jue zhan tian xia,2009.0,0,1,0,0,0,0,0,0,1,0,0,0,0,0,0,0,0,0,1,0
68522,earth,2007.0,0,0,0,0,0,0,0,1,0,0,0,0,0,0,0,0,0,0,0,0
68536,stanley kubrick a life in pictures,2001.0,0,0,0,0,0,0,0,1,0,0,0,0,0,0,0,0,0,0,0,0
68552,crossing over,2009.0,0,0,0,0,0,0,0,0,1,0,0,0,0,0,0,0,0,0,0,0
68554,angels  demons,2009.0,0,0,0,0,0,0,1,0,1,0,0,0,0,0,1,0,0,1,0,0
68597,scorpio,1973.0,0,1,0,0,0,0,0,0,1,0,0,0,0,0,0,0,0,1,0,0
68600,balls out gary the tennis coach,2009.0,0,0,0,0,0,1,0,0,0,0,0,0,0,0,0,0,0,0,0,0
68650,powder blue,2009.0,0,0,0,0,0,0,0,0,1,0,0,0,0,0,0,0,0,0,0,0
68659,fanboys,2009.0,0,0,1,0,0,1,0,0,1,0,0,0,0,0,0,0,0,0,0,0
68791,terminator salvation,2009.0,0,1,1,0,0,0,0,0,0,0,0,0,0,0,0,0,1,1,0,0
68793,night at the museum battle of the smithsonian,2009.0,0,1,0,0,0,1,0,0,0,0,0,0,1,0,0,0,0,0,0,0
68835,were the world mine,2008.0,0,0,1,0,0,0,0,0,0,1,0,0,0,1,0,1,0,0,0,0
68848,brothers bloom the,2008.0,0,0,1,0,0,1,1,0,0,0,0,0,0,0,0,1,0,0,0,0
68872,paisan paisà,1946.0,0,0,0,0,0,0,0,0,1,0,0,0,0,0,0,0,0,0,1,0
68886,i do how to get married and stay single prêtemoi ta main,2006.0,0,0,0,0,0,1,0,0,0,0,0,0,0,0,0,1,0,0,0,0
68932,soloist the,2009.0,0,0,0,0,0,0,0,0,1,0,0,0,0,1,0,0,0,0,0,0
68945,neon genesis evangelion death  rebirth shin seiki evangelion gekijôban shito shinsei,1997.0,0,1,0,1,0,0,0,0,0,0,0,0,0,0,1,0,1,0,0,0
68952,drag me to hell,2009.0,0,0,0,0,0,1,0,0,0,0,0,1,0,0,0,0,0,0,0,0
68954,up,2009.0,0,0,1,1,1,0,0,0,1,0,0,0,0,0,0,0,0,0,0,0
68959,fullmetal alchemist the movie conqueror of shamballa gekijôban hagane no renkinjutsushi shanbara wo yuku mono,2005.0,0,1,1,1,0,0,0,0,1,0,0,0,0,0,0,0,0,0,0,0
69069,fired up,2009.0,0,0,0,0,0,1,0,0,0,0,0,0,0,0,0,0,0,0,0,0
69118,in the electric mist,2009.0,0,0,0,0,0,0,0,0,1,0,0,0,0,0,1,0,0,0,0,0
69122,hangover the,2009.0,0,0,0,0,0,1,1,0,0,0,0,0,0,0,0,0,0,0,0,0
69131,killshot,2008.0,0,1,0,0,0,0,1,0,1,0,0,0,0,0,0,0,0,1,0,0
69134,antichrist,2009.0,0,0,0,0,0,0,0,0,1,1,0,0,0,0,0,0,0,0,0,0
69140,sweeney todd,2006.0,0,0,0,0,0,0,1,0,1,0,0,1,0,0,0,0,0,1,0,0
69211,boy eats girl,2005.0,0,0,0,0,0,1,0,0,0,0,0,1,0,0,0,0,0,0,0,0
69224,marius and jeanette marius et jeannette,1997.0,0,0,0,0,0,1,0,0,1,0,0,0,0,0,0,1,0,0,0,0
69227,ernest rides again,1993.0,0,0,0,0,1,1,0,0,0,0,0,0,0,0,0,0,0,0,0,0
69251,special,2006.0,0,0,0,0,0,0,0,0,1,1,0,0,0,0,0,0,0,0,0,0
69275,dead snow død snø,2009.0,0,1,1,0,0,1,0,0,0,0,0,1,0,0,0,0,0,0,0,0
69278,land of the lost,2009.0,0,1,1,0,0,1,0,0,0,0,0,0,0,0,0,0,1,0,0,0
69304,imagine that,2009.0,0,0,0,0,0,1,0,0,1,1,0,0,0,0,0,0,0,0,0,0
69306,taking of pelham 1 2 3 the,2009.0,0,0,0,0,0,0,1,0,1,0,0,0,0,0,0,0,0,1,0,0
69394,stoning of soraya m the,2008.0,0,0,0,0,0,0,1,0,1,0,0,0,0,0,0,0,0,0,0,0
69406,proposal the,2009.0,0,0,0,0,0,1,0,0,0,0,0,0,0,0,0,1,0,0,0,0
69436,year one,2009.0,0,0,1,0,0,1,0,0,0,0,0,0,0,0,0,0,0,0,0,0
69453,land that time forgot the,1975.0,0,0,1,0,0,0,0,0,0,0,0,0,0,0,0,0,1,0,0,0
69469,garfields pet force,2009.0,0,0,0,1,0,0,0,0,0,0,0,0,0,0,0,0,0,0,0,0
69481,hurt locker the,2008.0,0,1,0,0,0,0,0,0,1,0,0,0,0,0,0,0,0,1,1,0
69495,breakfast with scot,2007.0,0,0,0,0,0,0,0,0,1,0,0,0,0,0,0,1,0,0,0,0
69516,limits of control the,2009.0,0,0,0,0,0,0,1,0,1,0,1,0,0,0,0,0,0,0,0,0
69524,raiders of the lost ark the adaptation,1989.0,0,1,1,0,0,0,0,0,0,0,0,0,0,0,0,0,0,1,0,0
69526,transformers revenge of the fallen,2009.0,0,1,1,0,0,0,0,0,0,0,0,0,1,0,0,0,1,0,0,0
69529,home,2009.0,0,0,0,0,0,0,0,1,0,0,0,0,0,0,0,0,0,0,0,0
69604,whatever works,2009.0,0,0,0,0,0,1,0,0,0,0,0,0,0,0,0,1,0,0,0,0
69606,ghosts of girlfriends past,2009.0,0,0,0,0,0,1,0,0,0,1,0,0,0,0,0,1,0,0,0,0
69640,public enemies,2009.0,0,0,0,0,0,0,1,0,1,0,0,0,0,0,0,0,0,1,0,0
69644,ice age dawn of the dinosaurs,2009.0,0,1,1,1,1,1,0,0,0,0,0,0,0,0,0,1,0,0,0,0
69654,prison break the final break,2009.0,0,1,0,0,0,0,0,0,1,0,0,0,0,0,0,0,0,1,0,0
69685,daria is it college yet,2002.0,0,0,0,1,0,1,0,0,0,0,0,0,0,0,0,0,0,0,0,0
69712,my sisters keeper,2009.0,0,0,0,0,0,0,0,0,1,0,0,0,0,0,0,0,0,0,0,0
69720,hood of horror,2006.0,0,0,0,0,0,1,0,0,1,0,0,1,0,0,0,0,0,0,0,0
69746,watchmen tales of the black freighter,2009.0,0,1,1,1,0,0,0,0,0,0,0,1,0,0,0,0,0,0,0,0
69757,500 days of summer,2009.0,0,0,0,0,0,1,0,0,1,0,0,0,0,0,0,1,0,0,0,0
69784,brüno bruno,2009.0,0,0,0,0,0,1,0,0,0,0,0,0,0,0,0,0,0,0,0,0
69805,librarian the the curse of the judas chalice,2008.0,0,1,1,0,0,0,0,0,0,1,0,0,0,0,0,0,0,0,0,0
69844,harry potter and the halfblood prince,2009.0,0,0,1,0,0,0,0,0,0,1,0,0,1,0,1,1,0,0,0,0
69849,roots,1977.0,0,0,0,0,0,0,0,0,1,0,0,0,0,0,0,0,0,0,1,0
69860,eichmann,2007.0,0,0,0,0,0,0,0,0,1,0,0,0,0,0,0,0,0,0,1,0
69904,open water 2 adrift,2006.0,0,0,0,0,0,0,0,0,1,0,0,0,0,0,0,0,0,1,0,0
69951,imaginarium of doctor parnassus the,2009.0,0,0,0,0,0,0,0,0,1,1,0,0,0,0,0,0,0,0,0,0
69953,9to5 days in porn aka 9 to 5 days in porn,2008.0,0,0,0,0,0,0,0,1,0,0,0,0,0,0,0,0,0,0,0,0
69988,humpday,2009.0,0,0,0,0,0,1,0,0,0,0,0,0,0,0,0,0,0,0,0,0
70015,polytechnique,2009.0,0,0,0,0,0,0,1,0,1,0,0,0,0,0,0,0,0,0,0,0
70159,orphan,2009.0,0,0,0,0,0,0,0,0,1,0,0,1,0,0,1,0,0,1,0,0
70183,ugly truth the,2009.0,0,0,0,0,0,1,0,0,1,0,0,0,0,0,0,1,0,0,0,0
70206,collector the,2009.0,0,0,0,0,0,0,1,0,0,0,0,1,0,0,0,0,0,1,0,0
70208,perfect getaway a,2009.0,0,0,0,0,0,0,0,0,0,0,0,1,0,0,0,0,0,1,0,0
70286,district 9,2009.0,0,0,0,0,0,0,0,0,0,0,0,0,0,0,1,0,1,1,0,0
70293,julie  julia,2009.0,0,0,0,0,0,1,0,0,1,0,0,0,0,0,0,1,0,0,0,0
70301,obsessed,2009.0,0,0,0,0,0,0,1,0,1,0,0,0,0,0,0,0,0,1,0,0
70305,race to witch mountain,2009.0,0,0,1,0,1,0,0,0,0,1,0,0,0,0,0,0,1,1,0,0
70334,hannah montana the movie,2009.0,0,0,0,0,0,1,0,0,1,0,0,0,0,1,0,1,0,0,0,0
70336,gi joe the rise of cobra,2009.0,0,1,1,0,0,0,0,0,0,0,0,0,0,0,0,0,1,1,0,0
70361,12 rounds,2009.0,0,1,0,0,0,0,0,0,0,0,0,0,0,0,0,0,0,1,0,0
70451,max manus,2008.0,0,1,0,0,0,0,0,0,1,0,0,0,0,0,0,0,0,0,1,0
70492,winds of the wasteland,1936.0,0,0,0,0,0,0,0,0,0,0,0,0,0,0,0,0,0,0,0,1
70521,lost in austen,2008.0,0,0,0,0,0,0,0,0,1,1,0,0,0,0,0,1,1,0,0,0
70533,evangelion 10 you are not alone evangerion shin gekijôban jo,2007.0,0,1,0,1,0,0,0,0,0,0,0,0,0,0,0,0,1,0,0,0
70545,deal the,2008.0,0,0,0,0,0,1,0,0,0,0,0,0,0,0,0,0,0,0,0,0
70565,goods live hard sell hard the,2009.0,0,0,0,0,0,1,0,0,0,0,0,0,0,0,0,0,0,0,0,0
70599,time travelers wife the,2009.0,0,0,0,0,0,0,0,0,1,0,0,0,0,0,0,1,1,0,0,0
70637,i cant think straight,2007.0,0,0,0,0,0,0,0,0,1,0,0,0,0,0,0,1,0,0,0,0
70641,miss march,2009.0,0,0,0,0,0,1,0,0,0,0,0,0,0,0,0,0,0,0,0,0
70663,i love you beth cooper,2009.0,0,0,0,0,0,1,0,0,0,0,0,0,0,0,0,1,0,0,0,0
70687,paper heart,2009.0,0,0,0,0,0,1,0,1,1,0,0,0,0,0,0,1,0,0,0,0
70697,gforce,2009.0,0,1,1,0,1,0,0,0,0,1,0,0,0,0,0,0,0,0,0,0
70703,christopher columbus the discovery,1992.0,0,0,1,0,0,0,0,0,0,0,0,0,0,0,0,0,0,0,0,0
70708,tetro,2009.0,0,0,0,0,0,0,0,0,1,0,0,0,0,0,1,0,0,0,0,0
70728,bronson,2009.0,0,1,0,0,0,1,0,0,1,0,0,0,0,0,0,0,0,1,0,0
70862,it might get loud,2008.0,0,0,0,0,0,0,0,1,0,0,0,0,0,0,0,0,0,0,0,0
70932,my life in ruins,2009.0,0,0,0,0,0,1,0,0,0,0,0,0,0,0,0,0,0,0,0,0
70946,troll 2,1990.0,0,0,0,0,0,0,0,0,0,1,0,1,0,0,0,0,0,0,0,0
70984,taking woodstock,2009.0,0,0,0,0,0,1,0,0,0,0,0,0,0,0,0,0,0,0,0,0
70990,if these walls could talk,1996.0,0,0,0,0,0,0,0,0,1,0,0,0,0,0,0,0,0,0,0,0
70994,halloween ii,2009.0,0,0,0,0,0,0,0,0,0,0,0,1,0,0,0,0,0,1,0,0
71033,secret in their eyes the el secreto de sus ojos,2009.0,0,0,0,0,0,0,1,0,1,0,0,0,0,0,1,1,0,1,0,0
71057,9,2009.0,0,0,1,1,0,0,0,0,0,0,0,0,0,0,0,0,1,0,0,0
71106,frequently asked questions about time travel,2009.0,0,0,0,0,0,1,0,0,0,0,0,0,0,0,0,0,1,0,0,0
71108,white ribbon the das weiße band,2009.0,0,0,0,0,0,0,0,0,1,0,0,0,0,0,1,0,0,0,0,0
71129,green lantern first flight,2009.0,0,1,1,1,0,0,0,0,0,1,0,0,0,0,0,0,1,0,0,0
71131,most hated family in america the,2007.0,0,0,0,0,0,0,0,1,0,0,0,0,0,0,0,0,0,0,0,0
71135,pandorum,2009.0,0,0,0,0,0,0,0,0,0,0,0,1,0,0,0,0,1,1,0,0
71147,death of a cyclist muerte de un ciclista,1955.0,0,0,0,0,0,0,0,0,1,0,0,0,0,0,0,0,0,0,0,0
71156,men who stare at goats the,2009.0,0,1,0,0,0,1,0,0,1,0,0,0,0,0,0,0,0,0,0,0
71160,hunt for gollum the,2009.0,0,1,1,0,0,0,0,0,0,1,0,0,0,0,0,0,0,0,0,0
71205,jennifers body,2009.0,0,0,0,0,0,1,0,0,0,0,0,1,0,0,0,0,1,1,0,0
71211,informant the,2009.0,0,0,0,0,0,1,1,0,1,0,0,0,0,0,0,0,0,1,0,0
71248,extract,2009.0,0,0,0,0,0,1,0,0,0,0,0,0,0,0,0,0,0,0,0,0
71252,final destination the final destination 4 final destination in 3d the,2009.0,0,0,0,0,0,0,0,0,0,0,0,1,0,0,0,0,0,1,0,0
71254,gamer,2009.0,0,1,0,0,0,0,0,0,0,0,0,0,0,0,0,0,1,1,0,0
71264,cloudy with a chance of meatballs,2009.0,0,0,0,1,1,0,0,0,0,1,0,0,1,0,0,0,0,0,0,0
71268,tyler perrys i can do bad all by myself,2009.0,0,0,0,0,0,1,0,0,1,0,0,0,0,0,0,0,0,0,0,0
71282,food inc,2008.0,0,0,0,0,0,0,0,1,0,0,0,0,0,0,0,0,0,0,0,0
71302,attack of the 50 foot woman,1958.0,0,0,0,0,0,1,0,0,0,0,0,0,0,0,0,0,1,0,0,0
71304,thirst bakjwi,2009.0,0,0,0,0,0,0,0,0,1,0,0,1,0,0,0,0,0,0,0,0
71327,bright star,2009.0,0,0,0,0,0,0,0,0,1,0,0,0,0,0,0,1,0,0,0,0
71341,blood creek aka town creek,2009.0,0,0,0,0,0,0,0,0,0,0,0,1,0,0,0,0,0,0,0,0
71379,paranormal activity,2009.0,0,0,0,0,0,0,0,0,0,0,0,1,0,0,0,0,0,1,0,0
71429,worlds greatest dad,2009.0,0,0,0,0,0,1,0,0,1,0,0,0,0,0,0,0,0,0,0,0
71438,still walking aruitemo aruitemo,2008.0,0,0,0,0,0,0,0,0,1,0,0,0,0,0,0,0,0,0,0,0
71453,blood of the beasts sang des bêtes le,1949.0,0,0,0,0,0,0,0,1,1,0,0,0,0,0,0,0,0,0,0,0
71462,cove the,2009.0,0,0,0,0,0,0,0,1,0,0,0,0,0,0,0,0,0,0,0,0
71464,serious man a,2009.0,0,0,0,0,0,1,0,0,1,0,0,0,0,0,0,0,0,0,0,0
71466,city island,2009.0,0,0,0,0,0,1,0,0,1,0,0,0,0,0,0,0,0,0,0,0
71468,ink,2009.0,0,1,0,0,0,0,0,0,0,1,0,0,0,0,0,0,1,0,0,0
71484,metropia,2009.0,0,0,0,1,0,0,0,0,0,0,0,0,0,0,0,0,1,0,0,0
71494,haunted world of el superbeasto the,2009.0,0,1,0,1,0,1,0,0,0,0,0,1,0,0,0,0,0,1,0,0
71500,trick r treat,2007.0,0,0,0,0,0,1,0,0,0,0,0,1,0,0,0,0,0,1,0,0
71518,whip it,2009.0,0,0,0,0,0,1,0,0,1,0,0,0,0,0,0,0,0,0,0,0
71520,invention of lying the,2009.0,0,0,0,0,0,1,0,0,0,0,0,0,0,0,0,0,0,0,0,0
71530,surrogates,2009.0,0,1,0,0,0,0,0,0,0,0,0,0,0,0,0,0,1,1,0,0
71535,zombieland,2009.0,0,1,0,0,0,1,0,0,0,0,0,1,0,0,0,0,0,0,0,0
71550,assassination of a high school president,2008.0,0,0,0,0,0,1,0,0,1,0,0,0,0,0,1,0,0,0,0,0
71579,education an,2009.0,0,0,0,0,0,0,0,0,1,0,0,0,0,0,0,1,0,0,0,0
71619,coco before chanel coco avant chanel,2009.0,0,0,0,0,0,0,0,0,1,0,0,0,0,0,0,0,0,0,0,0
71640,burma vj reporting from a closed country burma vj reporter i et lukket land,2008.0,0,0,0,0,0,0,0,1,0,0,0,0,0,0,0,0,0,0,0,0
71668,couples retreat,2009.0,0,0,0,0,0,1,0,0,0,0,0,0,0,0,0,1,0,0,0,0
71732,i sell the dead,2008.0,0,0,0,0,0,1,0,0,0,0,0,1,0,0,0,0,0,0,0,0
71745,where the wild things are,2009.0,0,0,1,0,1,0,0,0,1,1,0,0,1,0,0,0,0,0,0,0
71810,legionnaire,1998.0,0,1,1,0,0,0,0,0,1,0,0,0,0,0,0,0,0,0,1,0
71823,new york i love you,2009.0,0,0,0,0,0,0,0,0,1,0,0,0,0,0,0,1,0,0,0,0
71838,law abiding citizen,2009.0,0,0,0,0,0,0,0,0,1,0,0,0,0,0,0,0,0,1,0,0
71867,misfortunates the de helaasheid der dingen,2009.0,0,0,0,0,0,0,0,0,1,0,0,0,0,0,0,0,0,0,0,0
71899,mary and max,2009.0,0,0,0,1,0,1,0,0,1,0,0,0,0,0,0,0,0,0,0,0
71902,spread,2009.0,0,0,0,0,0,0,0,0,1,0,0,0,0,0,0,1,0,0,0,0
71910,tournament the,2009.0,0,1,0,0,0,0,0,0,0,0,0,0,0,0,0,0,0,0,0,0
71970,princess and the pirate the,1944.0,0,0,1,0,0,1,0,0,0,0,0,0,0,0,0,1,0,0,0,0
71999,aelita the queen of mars aelita,1924.0,0,1,1,0,0,0,0,0,1,1,0,0,0,0,0,1,1,1,0,0
72011,up in the air,2009.0,0,0,0,0,0,0,0,0,1,0,0,0,0,0,0,1,0,0,0,0
72104,balance,1989.0,0,0,0,1,0,0,0,0,1,0,0,0,0,0,1,0,1,1,0,0
72129,saw vi,2009.0,0,0,0,0,0,0,1,0,0,0,0,1,0,0,1,0,0,1,0,0
72142,love exposure ai no mukidashi,2008.0,0,1,0,0,0,1,0,0,1,0,0,0,0,0,0,1,0,0,0,0
72165,cirque du freak the vampires assistant,2009.0,0,1,1,0,0,1,0,0,0,1,0,1,0,0,0,0,0,1,0,0
72167,boondock saints ii all saints day the,2009.0,0,1,0,0,0,0,1,0,1,0,0,0,0,0,0,0,0,1,0,0
72171,black dynamite,2009.0,0,1,0,0,0,1,0,0,0,0,0,0,0,0,0,0,0,0,0,0
72178,welcome to dongmakgol,2005.0,0,0,0,0,0,1,0,0,1,0,0,0,0,0,0,0,0,0,1,0
72224,gentlemen broncos,2009.0,0,0,0,0,0,1,0,0,0,0,0,0,0,0,0,0,0,0,0,0
72226,fantastic mr fox,2009.0,0,0,1,1,1,1,1,0,0,0,0,0,0,0,0,0,0,0,0,0
72294,christmas carol a,2009.0,0,0,0,1,1,0,0,0,1,1,0,0,1,0,0,0,0,0,0,0
72308,battlestar galactica the plan,2009.0,0,1,1,0,0,0,0,0,1,0,0,0,0,0,0,0,1,0,0,0
72330,private lives of pippa lee the,2009.0,0,0,0,0,0,0,0,0,1,0,0,0,0,0,0,0,0,0,0,0
72356,partly cloudy,2009.0,0,0,0,1,1,1,0,0,0,1,0,0,0,0,0,0,0,0,0,0
72378,2012,2009.0,0,1,0,0,0,0,0,0,1,0,0,0,0,0,0,0,1,1,0,0
72395,precious,2009.0,0,0,0,0,0,0,0,0,1,0,0,0,0,0,0,0,0,0,0,0
72405,bad lieutenant port of call new orleans,2009.0,0,0,0,0,0,0,1,0,1,0,0,0,0,0,0,0,0,0,0,0
72407,twilight saga new moon the,2009.0,0,0,0,0,0,0,0,0,1,1,0,1,0,0,0,1,0,1,0,0
72424,derailed,2002.0,0,1,0,0,0,0,0,0,0,0,0,0,0,0,0,0,0,1,0,0
72479,messenger the,2009.0,0,0,0,0,0,0,0,0,1,0,0,0,0,0,0,1,0,0,1,0
72489,ninja assassin,2009.0,0,1,0,0,0,0,1,0,1,0,0,0,0,0,0,0,0,1,0,0
72554,cell 211 celda 211,2009.0,0,1,0,0,0,0,0,0,1,0,0,0,0,0,0,0,0,0,0,0
72591,patriot the,1998.0,0,1,0,0,0,0,0,0,0,0,0,0,0,0,0,0,0,1,0,0
72601,teenage mutant ninja turtles turtles forever,2009.0,0,1,1,1,0,1,0,0,0,0,0,0,0,0,0,0,0,1,0,0
72603,merry madagascar,2009.0,0,0,0,1,0,0,0,0,0,0,0,0,0,0,0,0,0,0,0,0
72605,brothers,2009.0,0,0,0,0,0,0,0,0,1,0,0,0,0,0,0,0,0,1,1,0
72624,garage,2007.0,0,0,0,0,0,0,0,0,1,0,0,0,0,0,0,0,0,0,0,0
72641,blind side the,2009.0,0,0,0,0,0,0,0,0,1,0,0,0,0,0,0,0,0,0,0,0
72692,mickeys once upon a christmas,1999.0,0,0,0,1,0,1,0,0,0,1,0,0,0,0,0,0,0,0,0,0
72694,shrink,2009.0,0,0,0,0,0,0,0,0,1,0,0,0,0,0,0,0,0,0,0,0
72696,old dogs,2009.0,0,0,0,0,0,1,0,0,0,0,0,0,0,0,0,0,0,0,0,0
72701,planet 51,2009.0,0,0,1,1,1,1,0,0,0,0,0,0,0,0,0,0,1,0,0,0
72714,earthlings,2006.0,0,0,0,0,0,0,0,1,0,0,0,0,0,0,0,0,0,0,0,0
72720,single man a,2009.0,0,0,0,0,0,0,0,0,1,0,0,0,0,0,0,0,0,0,0,0
72731,lovely bones the,2009.0,0,0,0,0,0,0,1,0,1,1,0,1,0,0,0,0,0,1,0,0
72733,invictus,2009.0,0,0,0,0,0,0,0,0,1,0,0,0,0,0,0,0,0,0,0,0
72737,princess and the frog the,2009.0,0,0,0,1,1,0,0,0,0,1,0,0,0,1,0,1,0,0,0,0
72874,peacekeeper the,1997.0,0,1,0,0,0,0,0,0,0,0,0,0,0,0,0,0,0,0,0,0
72919,did you hear about the morgans,2009.0,0,0,0,0,0,1,1,0,1,0,0,0,0,0,0,1,0,0,0,0
72921,snow white,1916.0,0,0,0,0,0,0,0,0,0,1,0,0,0,0,0,1,0,0,0,0
72982,alice,2009.0,0,1,1,0,0,0,0,0,0,1,0,0,0,0,0,0,0,0,0,0
72998,avatar,2009.0,0,1,1,0,0,0,0,0,0,0,0,0,1,0,0,0,1,0,0,0
73015,its complicated,2009.0,0,0,0,0,0,1,0,0,0,0,0,0,0,0,0,1,0,0,0,0
73017,sherlock holmes,2009.0,0,1,0,0,0,0,1,0,0,0,0,0,0,0,1,0,0,1,0,0
73023,crazy heart,2009.0,0,0,0,0,0,0,0,0,1,0,0,0,0,0,0,1,0,0,0,0
73042,alvin and the chipmunks the squeakquel,2009.0,0,0,0,1,1,1,0,0,0,0,0,0,0,1,0,0,0,0,0,0
73106,american pie presents the book of love american pie 7 the book of love,2009.0,0,0,0,0,0,1,0,0,0,0,0,0,0,0,0,0,0,0,0,0
73160,sorority babes in the slimeball bowlorama,1988.0,0,0,0,0,0,1,0,0,0,0,0,1,0,0,0,0,0,0,0,0
73211,pontypool,2008.0,0,0,0,0,0,0,0,0,0,0,0,1,0,0,0,0,0,1,0,0
73266,youth in revolt,2009.0,0,0,0,0,0,1,0,0,1,0,0,0,0,0,0,1,0,0,0,0
73268,daybreakers,2010.0,0,1,0,0,0,0,0,0,1,0,0,1,0,0,0,0,0,1,0,0
73290,hachiko a dogs story aka hachi a dogs tale,2009.0,0,0,0,0,0,0,0,0,1,0,0,0,0,0,0,0,0,0,0,0
73319,leap year,2010.0,0,0,0,0,0,1,0,0,0,0,0,0,0,0,0,1,0,0,0,0
73321,book of eli the,2010.0,0,1,1,0,0,0,0,0,1,0,0,0,0,0,0,0,0,0,0,0
73323,girl who kicked the hornets nest the luftslottet som sprängdes,2009.0,0,1,0,0,0,0,1,0,0,0,0,0,0,0,1,0,0,0,0,0
73344,prophet a un prophète,2009.0,0,0,0,0,0,0,1,0,1,0,0,0,0,0,0,0,0,0,0,0
73386,staten island,2009.0,0,0,0,0,0,0,1,0,1,0,0,0,0,0,0,0,0,0,0,0
73431,maiden heist the,2009.0,0,0,0,0,0,1,1,0,0,0,0,0,0,0,0,0,0,0,0,0
73488,blood the last vampire,2009.0,0,1,0,0,0,0,0,0,0,0,0,1,0,0,0,0,0,1,0,0
73499,macgyver lost treasure of atlantis,1994.0,0,1,1,0,0,0,0,0,0,0,0,0,0,0,0,0,0,0,0,0
73501,pekka ja pätkä suezilla,1958.0,0,0,0,0,0,1,0,0,0,0,0,0,0,0,0,0,0,0,0,0
73515,bart got a room,2008.0,0,0,0,0,0,1,0,0,0,0,0,0,0,0,0,1,0,0,0,0
73569,project a 2 a gai wak juk jap,1987.0,0,1,0,0,0,1,1,0,0,0,0,0,0,0,0,0,0,0,0,0
73676,robinbhood bo bui gai wak,2006.0,0,1,0,0,0,1,0,0,1,0,0,0,0,0,0,0,0,0,0,0
73681,concert le,2009.0,0,0,0,0,0,1,0,0,1,0,0,0,0,0,0,0,0,0,0,0
73741,ninja,2009.0,0,1,0,0,0,0,1,0,1,0,0,0,0,0,0,0,0,1,0,0
73804,asterix at the olympic games astérix aux jeux olympiques,2008.0,0,0,1,0,1,1,0,0,0,1,0,0,0,0,0,0,0,0,0,0
73808,chaser the chugyeogja,2008.0,0,0,0,0,0,0,1,0,1,0,0,0,0,0,0,0,0,1,0,0
73822,meantime,1984.0,0,0,0,0,0,1,0,0,1,0,0,0,0,0,0,0,0,0,0,0
73854,rudolph the rednosed reindeer,1964.0,0,0,1,1,1,0,0,0,0,1,0,0,0,1,0,0,0,0,0,0
73858,dennis the menace christmas a,2007.0,0,0,0,0,0,1,0,0,0,0,0,0,0,0,0,0,0,0,0,0
73876,undisputed ii last man standing,2006.0,0,1,0,0,0,0,1,0,1,0,0,0,0,0,0,0,0,0,0,0
73881,3 idiots,2009.0,0,0,0,0,0,1,0,0,1,0,0,0,0,0,0,1,0,0,0,0
73929,legion,2010.0,0,1,0,0,0,0,0,0,0,1,0,1,0,0,0,0,0,1,0,0
74075,stan helsing,2009.0,0,0,0,0,0,1,0,0,0,0,0,1,0,0,0,0,0,0,0,0
74089,peter pan,1960.0,0,0,0,0,1,0,0,0,0,1,0,0,0,1,0,0,0,0,0,0
74095,wicked city yôjû toshi,1987.0,0,0,0,1,0,0,0,0,0,1,0,1,0,0,0,0,1,0,0,0
74154,when in rome,2010.0,0,0,0,0,0,1,0,0,0,0,0,0,0,0,0,1,0,0,0,0
74226,dream of light aka quince tree sun the sol del membrillo el,1992.0,0,0,0,0,0,0,0,1,1,0,0,0,0,0,0,0,0,0,0,0
74228,triangle,2009.0,0,0,0,0,0,0,0,0,1,0,0,1,0,0,1,0,0,1,0,0
74275,i love you phillip morris,2009.0,0,0,0,0,0,1,0,0,1,0,0,0,0,0,0,1,0,0,0,0
74282,anne of green gables the sequel aka anne of avonlea,1987.0,0,0,0,0,1,0,0,0,1,0,0,0,0,0,0,1,0,0,0,0
74324,temple grandin,2010.0,0,0,0,0,0,0,0,0,1,0,0,0,0,0,0,0,0,0,0,0
74342,captain newman md,1963.0,0,0,0,0,0,1,0,0,1,0,0,0,0,0,0,0,0,0,1,0
74370,house of the devil the,2009.0,0,0,0,0,0,0,0,0,0,0,0,1,0,0,0,0,0,1,0,0
74450,valentines day,2010.0,0,0,0,0,0,1,0,0,0,0,0,0,0,0,0,1,0,0,0,0
74452,wolfman the,2010.0,0,0,0,0,0,0,0,0,0,0,0,1,0,0,0,0,0,1,0,0
74458,shutter island,2010.0,0,0,0,0,0,0,0,0,1,0,0,0,0,0,1,0,0,1,0,0
74508,persuasion,2007.0,0,0,0,0,0,0,0,0,1,0,0,0,0,0,0,1,0,0,0,0
74510,girl who played with fire the flickan som lekte med elden,2009.0,0,1,0,0,0,0,1,0,1,0,0,0,0,0,1,0,0,1,0,0
74530,percy jackson  the olympians the lightning thief,2010.0,0,0,1,0,0,0,0,0,0,1,0,0,0,0,0,0,0,0,0,0
74532,cop out,2010.0,0,1,0,0,0,1,1,0,0,0,0,0,0,0,0,0,0,0,0,0
74545,ghost writer the,2010.0,0,0,0,0,0,0,0,0,1,0,0,0,0,0,1,0,0,1,0,0
74553,secret of kells the,2009.0,0,0,0,1,0,0,0,0,0,1,0,0,0,0,0,0,0,0,0,0
74580,spy next door the,2010.0,0,1,0,0,1,1,0,0,0,0,0,0,0,0,0,0,0,0,0,0
74624,agora,2009.0,0,0,1,0,0,0,0,0,1,0,0,0,0,0,0,1,0,0,0,0
74647,motherhood,2009.0,0,0,0,0,0,1,0,0,0,0,0,0,0,0,0,0,0,0,0,0
74668,district 13 ultimatum banlieue 13  ultimatum,2009.0,0,1,0,0,0,0,0,0,0,0,0,0,0,0,0,0,1,0,0,0
74677,yes men fix the world the,2009.0,0,0,0,0,0,0,0,1,0,0,0,0,0,0,0,0,0,0,0,0
74683,mike bassett england manager,2001.0,0,0,0,0,0,1,0,0,0,0,0,0,0,0,0,0,0,0,0,0
74685,crazies the,2010.0,0,1,0,0,0,0,0,0,1,0,0,1,0,0,0,0,1,1,0,0
74688,dear john,2010.0,0,0,0,0,0,0,0,0,1,0,0,0,0,0,0,1,0,0,1,0
74696,last train home,2009.0,0,0,0,0,0,0,0,1,1,0,0,0,0,0,0,0,0,0,0,0
74698,tooth fairy,2010.0,0,0,0,0,0,1,0,0,0,1,0,0,0,0,0,0,0,0,0,0
74727,gentlemen of fortune dzhentlmeny udachi,1972.0,0,0,0,0,0,1,1,0,1,0,0,0,0,0,1,0,0,0,0,0
74750,rec²,2009.0,0,0,0,0,0,0,0,0,0,0,0,1,0,0,0,0,0,1,0,0
74754,room the,2003.0,0,0,0,0,0,1,0,0,1,0,0,0,0,0,0,1,0,0,0,0
74789,alice in wonderland,2010.0,0,0,1,0,0,0,0,0,0,1,0,0,1,0,0,0,0,0,0,0
74791,town called panic a panique au village,2009.0,0,0,0,1,0,0,0,0,0,0,0,0,0,0,0,0,0,0,0,0
74795,green zone,2010.0,0,1,0,0,0,0,0,0,1,0,0,0,0,0,0,0,0,1,1,0
74851,from paris with love,2010.0,0,1,0,0,0,0,1,0,0,0,0,0,0,0,0,0,0,0,0,0
74868,dorian gray,2009.0,0,0,0,0,0,0,0,0,1,0,0,1,0,0,0,0,1,0,0,0
74916,greenberg,2010.0,0,0,0,0,0,1,0,0,1,0,0,0,0,0,0,0,0,0,0,0
74946,shes out of my league,2010.0,0,0,0,0,0,1,0,0,0,0,0,0,0,0,0,0,0,0,0,0
74948,harry brown,2009.0,0,0,0,0,0,0,1,0,1,0,0,0,0,0,0,0,0,1,0,0
75341,remember me,2010.0,0,0,0,0,0,0,0,0,1,0,0,0,0,0,0,1,0,0,0,0
75389,burrowers the,2008.0,0,0,0,0,0,0,0,0,0,0,0,1,0,0,0,0,0,1,0,1
75395,frozen,2010.0,0,0,0,0,0,0,0,0,1,0,0,1,0,0,0,0,0,1,0,0
75416,generation x,1996.0,0,1,1,0,0,0,0,0,0,0,0,0,0,0,0,0,1,0,0,0
75446,little ashes,2008.0,0,0,0,0,0,0,0,0,1,0,0,0,0,0,0,0,0,0,0,0
75803,our family wedding,2010.0,0,0,0,0,0,1,0,0,0,0,0,0,0,0,0,0,0,0,0,0
75805,bounty hunter the,2010.0,0,1,0,0,0,1,0,0,0,0,0,0,0,0,0,1,0,0,0,0
75813,leaves of grass,2009.0,0,0,0,0,0,1,1,0,1,0,0,0,0,0,0,0,0,1,0,0
75816,women in trouble,2009.0,0,0,0,0,0,1,0,0,0,0,0,0,0,0,0,0,0,0,0,0
75947,mondo cane,1962.0,0,0,0,0,0,0,0,1,0,0,0,0,0,0,0,0,0,0,0,0
75985,repo men,2010.0,0,1,0,0,0,0,0,0,0,0,0,0,0,0,0,0,1,1,0,0
76030,case 39,2009.0,0,0,0,0,0,0,0,0,0,0,0,1,0,0,0,0,0,1,0,0
76054,oceans océans,2009.0,0,0,0,0,0,0,0,1,1,0,0,0,0,0,0,0,0,0,0,0
76060,slammin salmon the,2009.0,0,0,0,0,0,1,0,0,0,0,0,0,0,0,0,0,0,0,0,0
76077,hot tub time machine,2010.0,0,0,0,0,0,1,0,0,0,0,0,0,0,0,0,0,1,0,0,0
76091,mother madeo,2009.0,0,0,0,0,0,0,1,0,1,0,0,0,0,0,1,0,0,1,0,0
76093,how to train your dragon,2010.0,0,0,1,1,1,0,0,0,0,1,0,0,1,0,0,0,0,0,0,0
76143,bone man the der knochenmann,2009.0,0,0,0,0,0,0,1,0,0,0,0,0,0,0,0,0,0,1,0,0
76173,micmacs micmacs à tirelarigot,2009.0,0,0,0,0,0,1,1,0,0,0,0,0,0,0,0,0,0,0,0,0
76175,clash of the titans,2010.0,0,1,1,0,0,0,0,0,1,1,0,0,0,0,0,0,0,0,0,0
76251,kickass,2010.0,0,1,0,0,0,1,0,0,0,0,0,0,0,0,0,0,0,0,0,0
76293,date night,2010.0,0,1,0,0,0,1,0,0,0,0,0,0,0,0,0,1,0,0,0,0
76301,emperors new groove 2 kronks new groove the,2005.0,0,0,0,1,1,1,0,0,0,0,0,0,0,0,0,1,0,0,0,0
76738,steam of life miesten vuoro,2010.0,0,0,0,0,0,0,0,1,0,0,0,0,0,0,0,0,0,0,0,0
76743,mortadelo  filemon the big adventure la gran aventura de mortadelo y filemón,2003.0,0,1,1,0,0,1,0,0,0,0,0,0,0,0,0,0,0,0,0,0
76751,american drug war the last white hope,2007.0,0,0,0,0,0,0,1,1,0,0,0,0,0,0,0,0,0,0,0,0
76763,runaways the,2010.0,0,0,0,0,0,0,0,0,1,0,0,0,0,1,0,0,0,0,0,0
77177,wild china,2008.0,0,0,0,0,0,0,0,1,0,0,0,0,0,0,0,0,0,0,0,0
77191,death at a funeral,2010.0,0,0,0,0,0,1,0,0,0,0,0,0,0,0,0,0,0,0,0,0
77201,valhalla rising,2009.0,0,1,0,0,0,0,0,0,1,0,0,0,0,0,0,0,0,0,1,0
77206,diary of a wimpy kid,2010.0,0,0,0,0,1,1,0,0,0,0,0,0,0,0,0,0,0,0,0,0
77233,union the business behind getting high the,2007.0,0,0,0,0,0,1,0,1,0,0,0,0,0,0,0,0,0,0,0,0
77266,disgrace,2008.0,0,0,0,0,0,0,0,0,1,0,0,0,0,0,0,0,0,0,0,0
77364,losers the,2010.0,0,1,1,0,0,0,0,0,1,0,0,0,0,0,1,0,0,1,0,0
77414,last song the,2010.0,0,0,0,0,0,0,0,0,1,0,0,0,0,0,0,1,0,0,0,0
77421,cyrus,2010.0,0,0,0,0,0,1,0,0,1,0,0,0,0,0,0,1,0,0,0,0
77427,human centipede the first sequence,2009.0,0,0,0,0,0,0,0,0,0,0,0,1,0,0,0,0,0,0,0,0
77455,exit through the gift shop,2010.0,0,0,0,0,0,1,0,1,0,0,0,0,0,0,0,0,0,0,0,0
77561,iron man 2,2010.0,0,1,1,0,0,0,0,0,0,0,0,0,1,0,0,0,1,1,0,0
77667,macgruber,2010.0,0,1,0,0,0,1,0,0,0,0,0,0,0,0,0,0,0,0,0,0
77688,three men and a cradle 3 hommes et un couffin,1985.0,0,0,0,0,0,1,0,0,0,0,0,0,0,0,0,0,0,0,0,0
77709,sky crawlers the sukai kurora,2008.0,0,0,1,1,0,0,0,0,1,0,0,0,0,0,0,0,0,0,0,0
77795,cargo,2009.0,0,0,0,0,0,0,0,0,0,0,0,0,0,0,0,0,1,0,0,0
77798,nightmare on elm street a,2010.0,0,0,0,0,0,0,0,0,0,1,0,1,0,0,0,0,0,1,0,0
77800,four lions,2010.0,0,0,0,0,0,1,0,0,1,0,0,0,0,0,0,0,0,0,0,0
77841,st trinians 2 the legend of frittons gold,2009.0,0,0,1,0,0,1,0,0,0,0,0,0,0,0,0,0,0,0,0,0
77846,12 angry men,1997.0,0,0,0,0,0,0,1,0,1,0,0,0,0,0,0,0,0,0,0,0
77866,robin hood,2010.0,0,1,1,0,0,0,0,0,1,0,0,0,0,0,0,1,0,0,1,0
77881,lovers  leavers kuutamolla,2002.0,0,0,0,0,0,0,0,0,1,0,0,0,0,0,0,1,0,0,0,0
77893,merantau,2009.0,0,1,0,0,0,0,0,0,1,0,0,0,0,0,0,0,0,0,0,0
77931,stingray sam,2009.0,0,0,0,0,0,1,0,0,0,0,0,0,0,1,0,0,1,0,0,1
78034,cemetery junction,2010.0,0,0,0,0,0,1,0,0,1,0,0,0,0,0,0,1,0,0,0,0
78039,blue valentine,2010.0,0,0,0,0,0,0,0,0,1,0,0,0,0,0,0,1,0,0,0,0
78041,killers,2010.0,0,1,0,0,0,1,0,0,0,0,0,0,0,0,0,0,0,0,0,0
78088,buried,2010.0,0,0,0,0,0,0,0,0,0,0,0,0,0,0,1,0,0,1,0,0
78103,shake hands with the devil,2007.0,0,0,0,0,0,0,0,0,1,0,0,0,0,0,0,0,0,0,1,0
78105,prince of persia the sands of time,2010.0,0,1,1,0,0,0,0,0,0,1,0,0,1,0,0,1,0,0,0,0
78116,please give,2010.0,0,0,0,0,0,1,0,0,1,0,0,0,0,0,0,0,0,0,0,0
78142,baarìa,2009.0,0,0,0,0,0,1,0,0,1,0,0,0,0,0,0,0,0,0,1,0
78160,ricky gervais live animals,2003.0,0,0,0,0,0,1,0,0,0,0,0,0,0,0,0,0,0,0,0,0
78174,sex and the city 2,2010.0,0,0,0,0,0,1,0,0,1,0,0,0,0,0,0,1,0,0,0,0
78209,get him to the greek,2010.0,0,0,0,0,0,1,0,0,0,0,0,0,0,0,0,0,0,0,0,0
78218,unthinkable,2010.0,0,0,0,0,0,0,0,0,1,0,0,0,0,0,0,0,0,1,0,0
78264,backup plan the,2010.0,0,0,0,0,0,1,0,0,0,0,0,0,0,0,0,1,0,0,0,0
78266,splice,2009.0,0,0,0,0,0,0,0,0,0,0,0,1,0,0,0,0,1,1,0,0
78316,letters to juliet,2010.0,0,0,0,0,0,0,0,0,1,0,0,0,0,0,0,1,0,0,0,0
78349,exam,2009.0,0,0,0,0,0,0,0,0,0,0,0,0,0,0,1,0,0,1,0,0
78467,jonah hex,2010.0,0,1,0,0,0,0,0,0,1,0,0,0,0,0,0,0,0,1,0,1
78469,ateam the,2010.0,0,1,0,0,0,1,0,0,0,0,0,0,0,0,0,0,0,1,0,0
78499,toy story 3,2010.0,0,0,1,1,1,1,0,0,0,1,0,0,1,0,0,0,0,0,0,0
78544,ricky gervais live 3 fame,2007.0,0,0,0,0,0,1,0,0,0,0,0,0,0,0,0,0,0,0,0,0
78574,winters bone,2010.0,0,0,0,0,0,0,0,0,1,0,0,0,0,0,0,0,0,1,0,0
78620,scalphunters the,1968.0,0,0,0,0,0,1,0,0,0,0,0,0,0,0,0,0,0,0,0,1
78626,barking dogs never bite flandersui gae,2000.0,0,0,0,0,0,1,0,0,0,0,0,1,0,0,0,0,0,0,0,0
78637,shrek forever after aka shrek the final chapter,2010.0,0,0,1,1,1,1,0,0,0,1,0,0,1,0,0,0,0,0,0,0
78703,timer,2009.0,0,0,0,0,0,1,0,0,1,1,0,0,0,0,0,1,0,0,0,0
78746,best worst movie,2009.0,0,0,0,0,0,0,0,1,0,0,0,0,0,0,0,0,0,0,0,0
78772,twilight saga eclipse the,2010.0,0,0,0,0,0,0,0,0,0,1,0,0,1,0,0,1,0,1,0,0
78836,enter the void,2009.0,0,0,0,0,0,0,0,0,1,0,0,0,0,0,0,0,0,0,0,0
78893,last airbender the,2010.0,0,1,1,0,0,0,0,0,0,1,0,0,0,0,0,0,0,0,0,0
78959,endgame,2009.0,0,0,0,0,0,0,0,0,1,0,0,0,0,0,0,0,0,0,0,0
79006,empire of dreams the story of the star wars trilogy,2004.0,0,0,0,0,0,0,0,1,0,0,0,0,0,0,0,0,0,0,0,0
79008,south park imaginationland,2008.0,0,0,0,1,0,1,0,0,0,1,0,0,0,0,0,0,0,0,0,0
79057,predators,2010.0,0,1,0,0,0,0,0,0,0,0,0,0,0,0,0,0,1,1,0,0
79073,when youre strange,2009.0,0,0,0,0,0,0,0,1,0,0,0,0,0,0,0,0,0,0,0,0
79091,despicable me,2010.0,0,0,0,1,1,1,1,0,0,0,0,0,0,0,0,0,0,0,0,0
79132,inception,2010.0,0,1,0,0,0,0,1,0,1,0,0,0,1,0,1,0,1,1,0,0
79134,grown ups,2010.0,0,0,0,0,0,1,0,0,0,0,0,0,0,0,0,0,0,0,0,0
79139,sorcerers apprentice the,2010.0,0,1,1,0,1,1,0,0,0,1,0,0,0,0,0,0,0,0,0,0
79185,knight and day,2010.0,0,1,0,0,0,1,0,0,0,0,0,0,0,0,0,1,0,0,0,0
79224,karate kid the,2010.0,0,1,0,0,1,0,0,0,1,0,0,0,0,0,0,0,0,0,0,0
79242,kids are all right the,2010.0,0,0,0,0,0,1,0,0,1,0,0,0,0,0,0,0,0,0,0,0
79251,serbian film a srpski film,2010.0,0,0,0,0,0,0,0,0,0,0,0,1,0,0,0,0,0,1,0,0
79259,cherrybomb,2009.0,0,0,0,0,0,0,0,0,1,0,0,0,0,0,0,0,0,1,0,0
79274,batman under the red hood,2010.0,0,1,0,1,0,0,0,0,0,0,0,0,0,0,0,0,0,0,0,0
79293,salt,2010.0,0,1,0,0,0,0,0,0,0,0,0,0,0,0,0,0,0,1,0,0
79299,no 1 ladies detective agency the,2008.0,0,0,0,0,0,1,1,0,0,0,0,0,0,0,1,0,0,0,0,0
79333,watch out for the automobile beregis avtomobilya,1966.0,0,0,0,0,0,1,1,0,0,0,0,0,0,0,0,1,0,0,0,0
79357,mr nobody,2009.0,0,0,0,0,0,0,0,0,1,1,0,0,0,0,0,1,1,0,0,0
79428,dinner for schmucks,2010.0,0,0,0,0,0,1,0,0,0,0,0,0,0,0,0,0,0,0,0,0
79501,deadly outlaw rekka aka violent fire jitsuroku andô noboru kyôdôden rekka,2002.0,0,0,0,0,0,0,1,0,1,0,0,0,0,0,0,0,0,1,0,0
79536,hellsinki rööperi,2009.0,0,0,0,0,0,0,1,0,0,0,0,0,0,0,0,0,0,0,0,0
79553,ip man 2,2010.0,0,1,0,0,0,0,0,0,0,0,0,0,0,0,0,0,0,0,0,0
79572,ramona and beezus,2010.0,0,0,0,0,1,1,0,0,0,0,0,0,0,0,0,0,0,0,0,0
79590,rebound the,2009.0,0,0,0,0,0,1,0,0,0,0,0,0,0,0,0,1,0,0,0,0
79592,other guys the,2010.0,0,1,0,0,0,1,0,0,0,0,0,0,0,0,0,0,0,0,0,0
79677,two escobars the,2010.0,0,0,0,0,0,0,1,1,0,0,0,0,0,0,0,0,0,0,0,0
79684,paper man,2009.0,0,0,0,0,0,1,0,0,1,0,0,0,0,0,0,0,0,0,0,0
79695,expendables the,2010.0,0,1,1,0,0,0,0,0,0,0,0,0,0,0,0,0,0,1,0,0
79702,scott pilgrim vs the world,2010.0,0,1,0,0,0,1,0,0,0,1,0,0,0,1,0,1,0,0,0,0
79798,i killed my mother jai tué ma mère,2009.0,0,0,0,0,0,0,0,0,1,0,0,0,0,0,0,0,0,0,0,0
79868,heartless,2009.0,0,0,0,0,0,0,0,0,0,1,0,1,0,0,1,0,0,1,0,0
79879,piranha piranha 3d,2010.0,0,1,0,0,0,0,0,0,0,0,0,1,0,0,0,0,0,1,0,0
79895,extraordinary adventures of adèle blancsec the,2010.0,0,1,1,0,0,0,0,0,0,1,0,0,0,0,1,0,0,0,0,0
79897,get low,2009.0,0,0,0,0,0,1,0,0,1,0,0,0,0,0,1,0,0,0,0,0
79946,joneses the,2009.0,0,0,0,0,0,1,0,0,1,0,0,0,0,0,0,0,0,0,0,0
80083,dragon ball z dead zone doragon bôru z 1 ora no gohan wo kaese,1989.0,0,1,1,1,0,0,0,0,0,1,0,0,0,0,0,0,1,0,0,0
80094,last exorcism the,2010.0,0,0,0,0,0,0,0,0,0,0,0,1,0,0,0,0,0,1,0,0
80124,sisters syostry,2001.0,0,1,0,0,0,0,1,0,1,0,0,0,0,0,0,0,0,0,0,0
80126,american the,2010.0,0,0,0,0,0,0,0,0,1,0,0,0,0,0,0,0,0,1,0,0
80139,jackass 25,2007.0,0,0,0,0,0,1,0,1,0,0,0,0,0,0,0,0,0,0,0,0
80162,horde the la horde,2009.0,0,1,0,0,0,0,0,0,0,0,0,1,0,0,0,0,0,1,0,0
80166,switch the,2010.0,0,0,0,0,0,1,0,0,0,0,0,0,0,0,0,1,0,0,0,0
80219,machete,2010.0,0,1,1,0,0,1,1,0,0,0,0,0,0,0,0,0,0,1,0,0
80241,going the distance,2010.0,0,0,0,0,0,1,0,0,0,0,0,0,0,0,0,1,0,0,0,0
80363,resident evil afterlife,2010.0,0,1,0,0,0,0,0,0,0,0,0,1,1,0,0,0,1,1,0,0
80454,princess prinsessa,2010.0,0,0,0,0,0,0,0,0,1,0,0,0,0,0,0,0,0,0,0,0
80463,social network the,2010.0,0,0,0,0,0,0,0,0,1,0,0,0,0,0,0,0,0,0,0,0
80478,man vanishes a ningen johatsu,1967.0,0,0,0,0,0,0,0,1,1,0,0,0,0,0,1,0,0,0,0,0
80489,town the,2010.0,0,0,0,0,0,0,1,0,1,0,0,0,0,0,0,0,0,1,0,0
80549,easy a,2010.0,0,0,0,0,0,1,0,0,0,0,0,0,0,0,0,1,0,0,0,0
80551,eat pray love,2010.0,0,0,0,0,0,0,0,0,1,0,0,0,0,0,0,1,0,0,0,0
80553,howl,2010.0,0,0,0,0,0,0,0,0,1,0,0,0,0,0,0,0,0,0,0,0
80572,im still here,2010.0,0,0,0,0,0,1,0,0,1,0,0,0,0,0,0,0,0,0,0,0
80584,patrik age 15 patrik 15,2008.0,0,0,0,0,0,1,0,0,1,0,0,0,0,0,0,1,0,0,0,0
80586,flipped,2010.0,0,0,0,0,0,1,0,0,1,0,0,0,0,0,0,1,0,0,0,0
80590,wall street money never sleeps,2010.0,0,0,0,0,0,0,0,0,1,0,0,0,0,0,0,0,0,0,0,0
80615,legend of the guardians the owls of gahoole,2010.0,0,0,1,1,0,0,0,0,0,1,0,0,1,0,0,0,0,0,0,0
80693,its kind of a funny story,2010.0,0,0,0,0,0,1,0,0,1,0,0,0,0,0,0,0,0,0,0,0
80727,middle men,2009.0,0,0,0,0,0,1,1,0,1,0,0,0,0,0,0,0,0,0,0,0
80748,alice in wonderland,1933.0,0,0,1,0,1,0,0,0,0,1,0,0,0,0,0,0,0,0,0,0
80831,let me in,2010.0,0,0,0,0,0,0,0,0,1,0,0,1,0,0,1,0,0,0,0,0
80834,sintel,2010.0,0,0,0,1,0,0,0,0,0,1,0,0,0,0,0,0,0,0,0,0
80839,secretariat,2010.0,0,0,1,0,0,0,0,0,1,0,0,0,0,0,0,0,0,0,0,0
80846,devil,2010.0,0,0,0,0,0,0,0,0,0,0,0,1,0,0,1,0,0,1,0,0
80858,you again,2010.0,0,0,0,0,0,1,0,0,0,0,0,0,0,0,0,0,0,0,0,0
80860,life as we know it,2010.0,0,0,0,0,0,1,0,0,0,0,0,0,0,0,0,1,0,0,0,0
80862,catfish,2010.0,0,0,0,0,0,0,0,1,0,0,0,0,0,0,1,0,0,0,0,0
80864,you will meet a tall dark stranger,2010.0,0,0,0,0,0,1,0,0,0,0,0,0,0,0,0,1,0,0,0,0
80880,stone,2010.0,0,0,0,0,0,0,0,0,1,0,0,0,0,0,0,0,0,1,0,0
80906,inside job,2010.0,0,0,0,0,0,0,0,1,0,0,0,0,0,0,0,0,0,0,0,0
80917,monsters,2010.0,0,0,0,0,0,0,0,0,1,0,0,0,0,0,0,0,1,0,0,0
80969,never let me go,2010.0,0,0,0,0,0,0,0,0,1,0,0,0,0,0,0,1,1,0,0,0
81018,illusionist the lillusionniste,2010.0,0,0,0,1,0,0,0,0,0,0,0,0,0,0,0,0,0,0,0,0
81087,luck by chance,2009.0,0,0,0,0,0,0,0,0,1,0,0,0,0,0,0,0,0,0,0,0
81132,rubber,2010.0,0,1,1,0,0,1,1,0,1,0,1,1,0,0,1,0,0,1,0,1
81156,jackass 3d,2010.0,0,1,0,0,0,1,0,1,0,0,0,0,0,0,0,0,0,0,0,0
81158,restrepo,2010.0,0,0,0,0,0,0,0,1,0,0,0,0,0,0,0,0,0,0,1,0
81191,waiting for superman,2010.0,0,0,0,0,0,0,0,1,0,0,0,0,0,0,0,0,0,0,0,0
81229,red,2010.0,0,1,0,0,0,1,0,0,0,0,0,0,0,0,0,0,0,0,0,0
81257,in a better world hævnen,2010.0,0,0,0,0,0,0,0,0,1,0,0,0,0,0,0,0,0,0,0,0
81383,heartbreaker larnacoeur,2010.0,0,0,0,0,0,1,0,0,0,0,0,0,0,0,0,1,0,0,0,0
81417,paranormal activity 2,2010.0,0,0,0,0,0,0,0,0,0,0,0,1,1,0,0,0,0,0,0,0
81456,heartbeats les amours imaginaires,2010.0,0,0,0,0,0,0,0,0,1,0,0,0,0,0,0,1,0,0,0,0
81512,hereafter,2010.0,0,0,0,0,0,0,0,0,1,1,0,0,0,0,0,0,0,0,0,0
81520,undisputed iii redemption,2010.0,0,1,0,0,0,0,1,0,1,0,0,0,0,0,0,0,0,0,0,0
81535,saw vii 3d  the final chapter,2010.0,0,0,0,0,0,0,0,0,0,0,0,1,0,0,1,0,0,1,0,0
81537,due date,2010.0,0,0,0,0,0,1,0,0,0,0,0,0,0,0,0,0,0,0,0,0
81562,127 hours,2010.0,0,0,1,0,0,0,0,0,1,0,0,0,0,0,0,0,0,1,0,0
81564,megamind,2010.0,0,1,0,1,1,1,0,0,0,0,0,0,1,0,0,0,1,0,0,0
81591,black swan,2010.0,0,0,0,0,0,0,0,0,1,0,0,0,0,0,0,0,0,1,0,0
81681,i shot jesse james,1949.0,0,0,0,0,0,0,0,0,1,0,0,0,0,0,0,1,0,0,0,1
81782,unstoppable,2010.0,0,1,0,0,0,0,0,0,1,0,0,0,0,0,0,0,0,1,0,0
81784,morning glory,2010.0,0,0,0,0,0,1,0,0,1,0,0,0,0,0,0,1,0,0,0,0
81786,certified copy copie conforme,2010.0,0,0,0,0,0,0,0,0,1,0,0,0,0,0,0,0,0,0,0,0
81788,next three days the,2010.0,0,0,0,0,0,0,1,0,1,0,0,0,0,0,0,1,0,1,0,0
81791,somewhere,2010.0,0,0,0,0,0,0,0,0,1,0,0,0,0,0,0,0,0,0,0,0
81819,biutiful,2010.0,0,0,0,0,0,0,0,0,1,0,0,0,0,0,0,0,0,0,0,0
81831,first beautiful thing the la prima cosa bella,2010.0,0,0,0,0,0,1,0,0,1,0,0,0,0,0,0,0,0,0,0,0
81834,harry potter and the deathly hallows part 1,2010.0,0,1,1,0,0,0,0,0,0,1,0,0,1,0,0,0,0,0,0,0
81845,kings speech the,2010.0,0,0,0,0,0,0,0,0,1,0,0,0,0,0,0,0,0,0,0,0
81847,tangled,2010.0,0,0,0,1,1,1,0,0,0,1,0,0,1,1,0,1,0,0,0,0
81910,art of the steal the,2009.0,0,0,0,0,0,0,0,1,0,0,0,0,0,0,0,0,0,0,0,0
81932,fighter the,2010.0,0,0,0,0,0,0,0,0,1,0,0,0,0,0,0,0,0,0,0,0
81949,romantics the,2010.0,0,0,0,0,0,1,0,0,1,0,0,0,0,0,0,1,0,0,0,0
82041,loved ones the,2009.0,0,0,0,0,0,0,0,0,0,0,0,1,0,0,0,0,0,0,0,0
82053,casino jack,2010.0,0,0,0,0,0,1,1,0,0,0,0,0,0,0,0,0,0,0,0,0
82088,vincent wants to sea vincent will meer,2010.0,0,0,0,0,0,0,0,0,1,0,0,0,0,0,0,0,0,0,0,0
82093,london boulevard,2010.0,0,0,0,0,0,0,1,0,0,0,0,0,0,0,0,1,0,0,0,0
82095,skyline,2010.0,0,0,0,0,0,0,0,0,0,0,0,0,0,0,0,0,1,1,0,0
82152,beastly,2011.0,0,0,0,0,0,0,0,0,1,1,0,0,0,0,0,1,0,0,0,0
82167,love and other drugs,2010.0,0,0,0,0,0,1,0,0,1,0,0,0,0,0,0,1,0,0,0,0
82169,chronicles of narnia the voyage of the dawn treader the,2010.0,0,0,1,0,1,0,0,0,0,1,0,0,0,0,0,0,0,0,0,0
82202,tourist the,2010.0,0,0,0,0,0,0,0,0,1,0,0,0,0,0,0,0,0,1,0,0
82242,rare exports a christmas tale rare exports,2010.0,0,1,0,0,0,1,0,0,0,0,0,0,0,0,0,0,0,0,0,0
82366,hatchet ii,2010.0,0,0,0,0,0,1,0,0,0,0,0,1,0,0,0,0,0,1,0,0
82378,all good things,2010.0,0,0,0,0,0,0,0,0,1,0,0,0,0,0,1,0,0,1,0,0
82459,true grit,2010.0,0,0,0,0,0,0,0,0,0,0,0,0,0,0,0,0,0,0,0,1
82461,tron legacy,2010.0,0,1,1,0,0,0,0,0,0,0,0,0,1,0,0,0,1,0,0,0
82499,how do you know,2010.0,0,0,0,0,0,1,0,0,1,0,0,0,0,0,0,1,0,0,0,0
82527,barneys version,2010.0,0,0,0,0,0,0,0,0,1,0,0,0,0,0,0,0,0,0,0,0
82534,company men the,2010.0,0,0,0,0,0,0,0,0,1,0,0,0,0,0,0,0,0,0,0,0
82641,onearmed swordsman the dubei dao,1967.0,0,1,0,0,0,0,0,0,1,0,0,0,0,0,0,0,0,0,0,0
82667,i saw the devil akmareul boatda,2010.0,0,0,0,0,0,0,1,0,0,0,0,0,0,0,0,0,0,1,0,0
82684,trash humpers,2009.0,0,0,0,0,0,0,0,0,1,0,0,0,0,0,0,0,0,0,0,0
82744,faster,2010.0,0,1,0,0,0,0,1,0,1,0,0,0,0,0,0,0,0,0,0,0
82765,little big soldier da bing xiao jiang,2010.0,0,1,1,0,0,1,0,0,1,0,0,0,0,0,0,0,0,0,1,0
82767,rabbit hole,2010.0,0,0,0,0,0,0,0,0,1,0,0,0,0,0,0,0,0,0,0,0
82848,one week,1920.0,0,0,0,0,0,1,0,0,0,0,0,0,0,0,0,0,0,0,0,0
82852,little fockers,2010.0,0,0,0,0,0,1,0,0,0,0,0,0,0,0,0,0,0,0,0,0
82854,gullivers travels,2010.0,0,0,1,0,0,1,0,0,0,1,0,0,0,0,0,0,0,0,0,0
82857,sweetgrass,2009.0,0,0,1,0,0,0,0,1,0,0,0,0,0,0,0,0,0,0,0,1
83086,burlesque,2010.0,0,0,0,0,0,0,0,0,1,0,0,0,0,1,0,1,0,0,0,0
83132,secret world of arrietty the karigurashi no arietti,2010.0,0,0,0,1,1,0,0,0,0,1,0,0,0,0,0,0,0,0,0,0
83134,tucker  dale vs evil,2010.0,0,0,0,0,0,1,0,0,0,0,0,1,0,0,0,0,0,0,0,0
83177,yogi bear,2010.0,0,0,0,0,1,1,0,0,0,0,0,0,0,0,0,0,0,0,0,0
83270,made in dagenham,2010.0,0,0,0,0,0,1,0,0,1,0,0,0,0,0,0,0,0,0,0,0
83349,green hornet the,2011.0,0,1,0,0,0,1,1,0,0,1,0,0,1,0,0,0,0,1,0,0
83369,way back the,2010.0,0,0,0,0,0,0,0,0,1,0,0,0,0,0,0,0,0,0,0,0
83374,warriors way the,2010.0,0,1,0,0,0,0,0,0,0,1,0,0,0,0,0,0,0,0,0,1
83480,season of the witch,2011.0,0,0,1,0,0,0,0,0,1,1,0,0,0,0,0,0,0,0,0,0
83601,amer,2009.0,0,0,0,0,0,0,0,0,1,0,0,1,0,0,0,0,0,0,0,0
83613,cowboys  aliens,2011.0,0,1,0,0,0,0,0,0,0,0,0,0,1,0,0,0,1,1,0,1
83796,anything for her pour elle,2008.0,0,0,0,0,0,0,1,0,1,0,0,0,0,0,0,0,0,1,0,0
83803,day  night,2010.0,0,0,0,1,1,0,0,0,0,0,0,0,0,0,0,0,0,0,0,0
83827,marwencol,2010.0,0,0,0,0,0,0,0,1,0,0,0,0,0,0,0,0,0,0,0,0
83910,dilemma the,2011.0,0,0,0,0,0,1,0,0,1,0,0,0,0,0,0,0,0,0,0,0
83969,down argentine way,1940.0,0,0,0,0,0,1,0,0,1,0,0,0,0,0,0,1,0,0,0,0
83976,trip the,2010.0,0,0,0,0,0,1,0,0,1,0,0,0,0,0,0,0,0,0,0,0
84152,limitless,2011.0,0,0,0,0,0,0,0,0,0,0,0,0,0,0,0,0,1,1,0,0
84156,happy people a year in the taiga,2010.0,0,0,0,0,0,0,0,1,0,0,0,0,0,0,0,0,0,0,0,0
84187,evangelion 20 you can not advance evangerion shin gekijôban ha,2009.0,0,1,0,1,0,0,0,0,1,0,0,0,0,0,0,0,1,0,0,0
84189,i spit on your grave,2010.0,0,0,0,0,0,0,1,0,0,0,0,1,0,0,0,0,0,1,0,0
84240,even the rain también la lluvia,2010.0,0,0,0,0,0,0,0,0,1,0,0,0,0,0,0,0,0,0,0,0
84246,it happened on fifth avenue,1947.0,0,0,0,0,0,1,0,0,0,0,0,0,0,0,0,1,0,0,0,0
84273,zeitgeist moving forward,2011.0,0,0,0,0,0,0,0,1,0,0,0,0,0,0,0,0,0,0,0,0
84374,no strings attached,2011.0,0,0,0,0,0,1,0,0,0,0,0,0,0,0,0,1,0,0,0,0
84392,lincoln lawyer the,2011.0,0,0,0,0,0,0,1,0,1,0,0,0,0,0,0,0,0,1,0,0
84414,allstar superman,2011.0,0,1,1,1,0,0,0,0,0,0,0,0,0,0,0,0,1,0,0,0
84512,girls about town,1931.0,0,0,0,0,0,1,0,0,0,0,0,0,0,0,0,0,0,0,0,0
84523,kill kiru,1968.0,0,1,0,0,0,1,0,0,1,0,0,0,0,0,0,0,0,0,0,0
84553,pekka ja pätkä salapoliiseina,1957.0,0,0,0,0,0,1,0,0,0,0,0,0,0,0,0,0,0,0,0,0
84601,unknown,2011.0,0,0,0,0,0,0,0,0,1,0,0,0,0,0,1,0,0,1,0,0
84615,cedar rapids,2011.0,0,0,0,0,0,1,0,0,0,0,0,0,0,0,0,0,0,0,0,0
84637,gnomeo  juliet,2011.0,0,0,1,1,1,1,0,0,0,1,0,0,0,0,0,1,0,0,0,0
84696,burke and hare,2010.0,0,0,0,0,0,1,0,0,0,0,0,0,0,0,0,0,0,1,0,0
84716,castaway on the moon kimssi pyoryugi,2009.0,0,0,0,0,0,1,0,0,1,0,0,0,0,0,0,1,0,0,0,0
84772,paul,2011.0,0,0,1,0,0,1,0,0,0,0,0,0,0,0,0,0,1,0,0,0
84799,asphyx the,1973.0,0,0,0,0,0,0,0,0,0,0,0,1,0,0,0,0,1,0,0,0
84844,brother 2 brat 2,2000.0,0,0,0,0,0,0,1,0,1,0,0,0,0,0,0,0,0,0,0,0
84847,emma,2009.0,0,0,0,0,0,1,0,0,1,0,0,0,0,0,0,1,0,0,0,0
84942,drive angry,2011.0,0,1,0,0,0,0,0,0,0,1,0,0,0,0,0,0,0,1,0,0
84944,rango,2011.0,0,1,1,1,1,1,0,0,0,0,0,0,0,0,0,0,0,0,0,1
84950,take me home tonight,2011.0,0,0,0,0,0,1,0,0,1,0,0,0,0,0,0,0,0,0,0,0
84952,confessions kokuhaku,2010.0,0,0,0,0,0,0,0,0,1,0,0,1,0,0,0,0,0,0,0,0
84954,adjustment bureau the,2011.0,0,0,0,0,0,0,0,0,0,0,0,0,0,0,0,1,1,1,0,0
85020,mechanic the,2011.0,0,1,0,0,0,0,0,0,1,0,0,0,0,0,0,0,0,1,0,0
85022,hall pass,2011.0,0,0,0,0,0,1,0,0,0,0,0,0,0,0,0,0,0,0,0,0
85025,eagle the,2011.0,0,0,1,0,0,0,0,0,1,0,0,0,0,0,0,0,0,0,0,0
85056,i am number four,2011.0,0,1,0,0,0,0,0,0,0,0,0,0,1,0,0,0,1,1,0,0
85131,battle los angeles,2011.0,0,1,0,0,0,0,0,0,0,0,0,0,0,0,0,0,1,0,1,0
85179,summer wars samâ wôzu,2009.0,0,0,1,1,0,1,0,0,0,0,0,0,0,0,0,0,1,0,0,0
85213,sunset limited the,2011.0,0,0,0,0,0,0,0,0,1,0,0,0,0,0,0,0,0,0,0,0
85259,winnie the pooh and the honey tree,1966.0,0,0,0,1,1,0,0,0,0,0,0,0,0,0,0,0,0,0,0,0
85261,mars needs moms,2011.0,0,1,1,1,1,1,0,0,0,0,0,0,1,0,0,0,1,0,0,0
85295,scoobydoo curse of the lake monster,2010.0,0,0,1,0,1,1,0,0,0,0,0,0,0,0,1,0,0,0,0,0
85316,winnie the pooh and tigger too,1974.0,0,0,0,1,1,0,0,0,0,0,0,0,0,0,0,0,0,0,0,0
85334,hard ticket to hawaii,1987.0,0,1,0,0,0,1,0,0,0,0,0,0,0,0,0,0,0,0,0,0
85342,elite squad the enemy within tropa de elite 2  o inimigo agora é outro,2010.0,0,1,0,0,0,0,1,0,1,0,0,0,0,0,0,0,0,0,0,0
85354,mesrine public enemy 1 lennemi public n1,2008.0,0,1,0,0,0,0,1,0,0,0,0,0,0,0,0,0,0,0,0,0
85367,just go with it,2011.0,0,0,0,0,0,1,0,0,0,0,0,0,0,0,0,1,0,0,0,0
85394,cave of forgotten dreams,2010.0,0,0,0,0,0,0,0,1,0,0,0,0,0,0,0,0,0,0,0,0
85397,red riding hood,2011.0,0,0,0,0,0,0,0,0,0,1,0,1,0,0,1,0,0,1,0,0
85399,big mommas like father like son,2011.0,0,0,0,0,0,1,0,0,0,0,0,0,0,0,0,0,0,0,0,0
85401,super,2010.0,0,1,0,0,0,1,0,0,1,0,0,0,0,0,0,0,0,0,0,0
85412,troll hunter the trolljegeren,2010.0,0,0,0,0,0,0,0,0,0,1,0,1,0,0,0,0,0,0,0,0
85414,source code,2011.0,0,1,0,0,0,0,0,0,1,0,0,0,0,0,1,0,1,1,0,0
85438,jane eyre,2011.0,0,0,0,0,0,0,0,0,1,0,0,0,0,0,0,1,0,0,0,0
85510,sucker punch,2011.0,0,1,0,0,0,0,0,0,0,1,0,0,1,0,0,0,0,1,0,0
85565,chalet girl,2011.0,0,0,0,0,0,1,0,0,0,0,0,0,0,0,0,1,0,0,0,0
85736,burne,2008.0,0,0,1,1,1,0,0,0,0,0,0,0,0,0,0,0,1,0,0,0
85774,senna,2010.0,0,0,0,0,0,0,0,1,0,0,0,0,0,0,0,0,0,0,0,0
85780,family guy presents its a trap,2010.0,0,0,0,1,0,1,0,0,0,0,0,0,0,0,0,0,1,0,0,0
85788,insidious,2010.0,0,0,0,0,0,0,0,0,0,1,0,1,0,0,0,0,0,1,0,0
85796,hobo with a shotgun,2011.0,0,1,1,0,0,0,1,0,0,0,0,0,0,0,0,0,0,1,0,0
85881,win win,2011.0,0,0,0,0,0,1,0,0,1,0,0,0,0,0,0,0,0,0,0,0
85885,room in rome habitación en roma,2010.0,0,0,0,0,0,0,0,0,1,0,0,0,0,0,0,1,0,0,0,0
86000,boy,2010.0,0,0,0,0,0,1,0,0,1,0,0,0,0,0,0,0,0,0,0,0
86014,diary of a wimpy kid rodrick rules,2011.0,0,0,0,0,0,1,0,0,0,0,0,0,0,0,0,0,0,0,0,0
86028,henrys crime,2010.0,0,0,0,0,0,1,1,0,0,0,0,0,0,0,0,0,0,0,0,0
86059,hop,2011.0,0,0,0,1,1,1,0,0,0,0,0,0,0,0,0,0,0,0,0,0
86066,playing the victim izobrazhaya zhertvu,2006.0,0,0,0,0,0,1,0,0,0,0,0,0,0,0,0,0,0,0,0,0
86068,films to keep you awake the christmas tale películas para no dormir cuento de navidad,2005.0,0,0,0,0,0,0,0,0,0,0,0,1,0,0,0,0,0,1,0,0
86142,13 assassins jûsannin no shikaku,2010.0,0,1,0,0,0,0,0,0,0,0,0,0,0,0,0,0,0,0,0,0
86190,hanna,2011.0,0,1,1,0,0,0,0,0,0,0,0,0,0,0,1,0,0,1,0,0
86237,connections,1978.0,0,0,0,0,0,0,0,1,0,0,0,0,0,0,0,0,0,0,0,0
86279,into eternity,2010.0,0,0,0,0,0,0,0,1,0,0,0,0,0,0,0,0,0,0,0,0
86286,daffy ducks quackbusters,1988.0,0,0,0,1,1,1,0,0,0,0,0,1,0,0,0,0,0,0,0,0
86290,american the bill hicks story,2009.0,0,0,0,0,0,1,0,1,0,0,0,0,0,0,0,0,0,0,0,0
86293,arthur,2011.0,0,0,0,0,0,1,0,0,0,0,0,0,0,0,0,0,0,0,0,0
86295,scream 4,2011.0,0,0,0,0,0,1,0,0,0,0,0,1,0,0,1,0,0,1,0,0
86298,rio,2011.0,0,0,1,1,1,1,0,0,0,0,0,0,0,0,0,0,0,0,0,0
86320,melancholia,2011.0,0,0,0,0,0,0,0,0,1,0,0,0,0,0,0,0,1,0,0,0
86332,thor,2011.0,0,1,1,0,0,0,0,0,1,1,0,0,1,0,0,0,0,0,0,0
86345,louis ck hilarious,2010.0,0,0,0,0,0,1,0,0,0,0,0,0,0,0,0,0,0,0,0,0
86347,louis ck chewed up,2008.0,0,0,0,0,0,1,0,0,0,0,0,0,0,0,0,0,0,0,0,0
86355,atlas shrugged part 1,2011.0,0,0,0,0,0,0,0,0,1,0,0,0,0,0,1,0,1,0,0,0
86377,louis ck shameless,2007.0,0,0,0,0,0,1,0,0,0,0,0,0,0,0,0,0,0,0,0,0
86487,mildred pierce,2011.0,0,0,0,0,0,0,0,0,1,0,0,0,0,0,0,0,0,0,0,0
86504,voices from the list,2004.0,0,0,0,0,0,0,0,1,0,0,0,0,0,0,0,0,0,0,0,0
86548,water for elephants,2011.0,0,0,0,0,0,0,0,0,1,0,0,0,0,0,0,1,0,0,0,0
86593,african cats,2011.0,0,0,1,0,0,0,0,1,0,0,0,0,0,0,0,0,0,0,0,0
86628,kill the irishman,2011.0,0,1,0,0,0,0,1,0,0,0,0,0,0,0,0,0,0,0,0,0
86644,fast five fast and the furious 5 the,2011.0,0,1,0,0,0,0,1,0,1,0,0,0,1,0,0,0,0,1,0,0
86668,louis theroux law  disorder,2008.0,0,0,0,0,0,0,0,1,0,0,0,0,0,0,0,0,0,0,0,0
86721,idiots and angels,2008.0,0,0,0,1,0,0,0,0,1,1,0,0,0,0,0,0,0,0,0,0
86781,incendies,2010.0,0,0,0,0,0,0,0,0,1,0,0,0,0,0,1,0,0,0,1,0
86815,soul surfer,2011.0,0,1,0,0,0,0,0,0,1,0,0,0,0,0,0,0,0,0,0,0
86817,something borrowed,2011.0,0,0,0,0,0,1,0,0,1,0,0,0,0,0,0,1,0,0,0,0
86833,bridesmaids,2011.0,0,0,0,0,0,1,0,0,0,0,0,0,0,0,0,0,0,0,0,0
86835,priest,2011.0,0,1,0,0,0,0,0,0,0,0,0,1,0,0,0,0,1,1,0,0
86864,mothra mosura,1961.0,0,0,1,0,0,0,0,0,0,1,0,0,0,0,0,0,1,0,0,0
86880,pirates of the caribbean on stranger tides,2011.0,0,1,1,0,0,0,0,0,0,1,0,0,1,0,0,0,0,0,0,0
86882,midnight in paris,2011.0,0,0,0,0,0,1,0,0,0,1,0,0,0,0,0,1,0,0,0,0
86892,the man from nowhere,2010.0,0,1,0,0,0,0,1,0,0,0,0,0,0,0,0,0,0,1,0,0
86898,tree of life the,2011.0,0,0,0,0,0,0,0,0,1,0,0,0,0,0,0,0,0,0,0,0
86911,hangover part ii the,2011.0,0,0,0,0,0,1,0,0,0,0,0,0,0,0,0,0,0,0,0,0
86922,nothing to declare rien à déclarer,2010.0,0,0,0,0,0,1,0,0,0,0,0,0,0,0,0,0,0,0,0,0
86960,across the hall,2009.0,0,0,0,0,0,0,0,0,0,0,0,0,0,0,0,0,0,1,0,0
87028,roommate the,2011.0,0,0,0,0,0,0,0,0,1,0,0,0,0,0,0,0,0,1,0,0
87192,attack the block,2011.0,0,1,0,0,0,1,0,0,0,0,0,0,0,0,0,0,1,0,0,0
87194,the way,2010.0,0,0,1,0,0,1,0,0,1,0,0,0,0,0,0,0,0,0,0,0
87197,let the bullets fly,2010.0,0,1,0,0,0,1,0,0,0,0,0,0,0,0,0,0,0,0,0,0
87222,kung fu panda 2,2011.0,0,1,1,1,1,1,0,0,0,0,0,0,1,0,0,0,0,0,0,0
87232,xmen first class,2011.0,0,1,1,0,0,0,0,0,0,0,0,0,0,0,0,0,1,1,1,0
87234,submarine,2010.0,0,0,0,0,0,1,0,0,1,0,0,0,0,0,0,1,0,0,0,0
87287,american grindhouse,2010.0,0,0,0,0,0,0,0,1,0,0,0,0,0,0,0,0,0,0,0,0
87298,everything must go,2010.0,0,0,0,0,0,1,0,0,1,0,0,0,0,0,0,0,0,0,0,0
87304,beginners,2010.0,0,0,0,0,0,0,0,0,1,0,0,0,0,0,0,0,0,0,0,0
87306,super 8,2011.0,0,0,0,0,0,0,0,0,0,0,0,0,1,0,1,0,1,1,0,0
87413,bernie,1996.0,0,0,0,0,0,1,0,0,1,0,0,0,0,0,0,0,0,0,0,0
87430,green lantern,2011.0,0,1,1,0,0,0,0,0,0,0,0,0,0,0,0,0,1,0,0,0
87444,elektra luxx,2010.0,0,0,0,0,0,1,0,0,0,0,0,0,0,0,0,0,0,0,0,0
87483,mr poppers penguins,2011.0,0,0,0,0,0,1,0,0,0,0,0,0,0,0,0,0,0,0,0,0
87485,bad teacher,2011.0,0,0,0,0,0,1,0,0,0,0,0,0,0,0,0,0,0,0,0,0
87520,transformers dark of the moon,2011.0,0,1,1,0,0,0,0,0,0,0,0,0,1,0,0,0,1,0,1,0
87522,larry crowne,2011.0,0,0,0,0,0,1,0,0,1,0,0,0,0,0,0,1,0,0,0,0
87529,your highness,2011.0,0,1,1,0,0,1,0,0,0,1,0,0,0,0,0,0,0,0,0,0
87660,too big to fail,2011.0,0,0,0,0,0,0,0,0,1,0,0,0,0,0,0,0,0,0,0,0
87785,takers,2010.0,0,1,0,0,0,0,1,0,0,0,0,0,0,0,0,0,0,1,0,0
87834,my life as mcdull mak dau goo si,2001.0,0,0,0,1,0,1,0,0,1,0,0,0,0,0,0,0,0,0,0,0
87867,zookeeper,2011.0,0,0,0,0,0,1,0,0,0,0,0,0,0,0,0,0,0,0,0,0
87869,horrible bosses,2011.0,0,0,0,0,0,1,1,0,0,0,0,0,0,0,0,0,0,0,0,0
87876,cars 2,2011.0,0,0,1,1,1,1,0,0,0,0,0,0,1,0,0,0,0,0,0,0
87960,between the folds,2008.0,0,0,0,0,0,0,0,1,0,0,0,0,0,0,0,0,0,0,0,0
88069,delhi belly,2011.0,0,0,0,0,0,1,1,0,0,0,0,0,0,0,0,0,0,0,0,0
88094,upside down the creation records story,2010.0,0,0,0,0,0,0,0,1,0,0,0,0,0,0,0,0,0,0,0,0
88108,monte carlo,2011.0,0,0,1,0,0,1,0,0,0,0,0,0,0,0,0,1,0,0,0,0
88125,harry potter and the deathly hallows part 2,2011.0,0,1,1,0,0,0,0,0,1,1,0,0,1,0,1,0,0,0,0,0
88129,drive,2011.0,0,0,0,0,0,0,1,0,1,0,1,0,0,0,0,0,0,1,0,0
88140,captain america the first avenger,2011.0,0,1,1,0,0,0,0,0,0,0,0,0,0,0,0,0,1,1,1,0
88163,crazy stupid love,2011.0,0,0,0,0,0,1,0,0,1,0,0,0,0,0,0,1,0,0,0,0
88179,one day,2011.0,0,0,0,0,0,0,0,0,1,0,0,0,0,0,0,1,0,0,0,0
88235,guard the,2011.0,0,0,0,0,0,1,1,0,0,0,0,0,0,0,0,0,0,0,0,0
88267,winnie the pooh,2011.0,0,0,0,1,1,1,0,0,0,0,0,0,0,0,0,0,0,0,0,0
88272,woman the,2011.0,0,0,0,0,0,0,0,0,0,0,0,1,0,0,0,0,0,0,0,0
88327,new onearmed swordsman the xin du bi dao,1971.0,0,1,0,0,0,0,0,0,1,0,0,0,0,0,0,0,0,0,1,0
88345,mikes new car,2002.0,0,0,0,1,0,1,0,0,0,0,0,0,0,0,0,0,0,0,0,0
88356,smurfs the,2011.0,0,0,0,1,1,1,0,0,0,0,0,0,0,0,0,0,0,0,0,0
88405,friends with benefits,2011.0,0,0,0,0,0,1,0,0,0,0,0,0,0,0,0,1,0,0,0,0
88448,paper birds pájaros de papel,2010.0,0,0,0,0,0,1,0,0,1,0,0,0,0,0,0,0,0,0,0,0
88515,blitz,2011.0,0,1,0,0,0,0,1,0,0,0,0,0,0,0,0,0,0,1,0,0
88593,yellow sea the aka the murderer hwanghae,2010.0,0,0,0,0,0,0,1,0,1,0,0,0,0,0,0,0,0,1,0,0
88672,our idiot brother,2011.0,0,0,0,0,0,1,0,0,0,0,0,0,0,0,0,0,0,0,0,0
88697,subwaystories tales from the underground,1997.0,0,0,0,0,0,0,0,0,1,0,0,0,0,0,0,0,0,0,0,0
88699,death race 2,2010.0,0,1,0,0,0,0,0,0,0,0,0,0,0,0,0,0,1,1,0,0
88744,rise of the planet of the apes,2011.0,0,1,0,0,0,0,0,0,1,0,0,0,0,0,0,0,1,1,0,0
88746,terri,2011.0,0,0,0,0,0,1,0,0,0,0,0,0,0,0,0,0,0,0,0,0
88785,changeup the,2011.0,0,0,0,0,0,1,0,0,0,0,0,0,0,0,0,0,0,0,0,0
88810,help the,2011.0,0,0,0,0,0,0,0,0,1,0,0,0,0,0,0,0,0,0,0,0
88812,30 minutes or less,2011.0,0,1,0,0,0,1,1,0,0,0,0,0,0,0,0,0,0,0,0,0
88911,my afternoons with margueritte la tête en friche,2010.0,0,0,0,0,0,1,0,0,0,0,0,0,0,0,0,0,0,0,0,0
88932,final destination 5,2011.0,0,0,0,0,0,0,0,0,0,0,0,1,1,0,0,0,0,1,0,0
88954,very harold  kumar 3d christmas a,2011.0,0,0,0,0,0,1,0,0,0,0,0,0,0,0,0,0,0,0,0,0
89028,dont be afraid of the dark,2010.0,0,0,0,0,0,0,0,0,0,0,0,1,0,0,0,0,0,1,0,0
89030,fright night,2011.0,0,0,0,0,0,1,0,0,0,0,0,1,0,0,0,0,0,0,0,0
89039,another earth,2011.0,0,0,0,0,0,0,0,0,1,0,0,0,0,0,0,1,1,0,0,0
89047,hesher,2010.0,0,0,0,0,0,0,0,0,1,0,0,0,0,0,0,0,0,0,0,0
89072,stake land,2010.0,0,0,0,0,0,0,0,0,0,0,0,1,0,0,0,0,0,0,0,0
89085,debt the,2011.0,0,0,0,0,0,0,0,0,1,0,0,0,0,0,0,0,0,1,0,0
89087,colombiana,2011.0,0,1,1,0,0,0,0,0,1,0,0,0,0,0,0,0,0,1,0,0
89090,bill cunningham new york,2011.0,0,0,0,0,0,0,0,1,0,0,0,0,0,0,0,0,0,0,0,0
89118,skin i live in the la piel que habito,2011.0,0,0,0,0,0,0,0,0,1,0,0,0,0,0,0,0,0,0,0,0
89190,conan the barbarian,2011.0,0,1,1,0,0,0,0,0,0,1,0,0,0,0,0,0,0,0,0,0
89208,walled in,2009.0,0,0,0,0,0,0,0,0,0,0,0,1,0,0,0,0,0,1,0,0
89281,birdemic shock and terror,2010.0,0,0,0,0,0,0,0,0,0,0,0,0,0,0,0,1,0,1,0,0
89305,inbetweeners movie the,2011.0,0,0,1,0,0,1,0,0,0,0,0,0,0,0,0,0,0,0,0,0
89343,red state,2011.0,0,1,0,0,0,0,1,0,0,0,0,1,0,0,0,0,0,1,0,0
89386,pearl jam twenty,2011.0,0,0,0,0,0,0,0,1,0,0,0,0,0,1,0,0,0,0,0,0
89388,i dont know how she does it,2011.0,0,0,0,0,0,1,0,0,0,0,0,0,0,0,0,0,0,0,0,0
89427,shark night 3d,2011.0,0,0,0,0,0,0,0,0,0,0,0,1,0,0,0,0,0,1,0,0
89470,contagion,2011.0,0,0,0,0,0,0,0,0,0,0,0,0,1,0,0,0,1,1,0,0
89492,moneyball,2011.0,0,0,0,0,0,0,0,0,1,0,0,0,0,0,0,0,0,0,0,0
89580,neds,2010.0,0,0,0,0,0,0,0,0,1,0,0,0,0,0,0,0,0,0,0,0
89582,cold fish tsumetai nettaigyo,2010.0,0,0,0,0,0,0,0,0,1,0,0,0,0,0,0,0,0,1,0,0
89586,phineas and ferb the movie across the 2nd dimension,2011.0,0,0,1,1,1,0,0,0,0,0,0,0,0,0,0,0,0,0,0,0
89678,northanger abbey,2007.0,0,0,0,0,0,0,0,0,1,0,0,0,0,0,0,1,0,0,0,0
89745,avengers the,2012.0,0,1,1,0,0,0,0,0,0,0,0,0,1,0,0,0,1,0,0,0
89753,tinker tailor soldier spy,2011.0,0,0,0,0,0,0,0,0,1,0,1,0,0,0,0,0,0,1,0,0
89759,separation a jodaeiye nader az simin,2011.0,0,0,0,0,0,0,0,0,1,0,0,0,0,0,0,0,0,0,0,0
89761,dangerous method a,2011.0,0,0,0,0,0,0,0,0,1,0,0,0,0,0,0,0,0,1,0,0
89774,warrior,2011.0,0,0,0,0,0,0,0,0,1,0,0,0,0,0,0,0,0,0,0,0
89804,ides of march the,2011.0,0,0,0,0,0,0,0,0,1,0,0,0,0,0,0,0,0,0,0,0
89837,kill list,2011.0,0,0,0,0,0,0,0,0,0,0,0,1,0,0,1,0,0,1,0,0
89840,killer elite,2011.0,0,1,0,0,0,0,0,0,0,0,0,0,0,0,0,0,0,1,0,0
89862,bellflower,2011.0,0,1,0,0,0,0,0,0,1,0,0,0,0,0,0,1,0,0,0,0
89864,5050,2011.0,0,0,0,0,0,1,0,0,1,0,0,0,0,0,0,0,0,0,0,0
89898,generation p,2011.0,0,0,0,0,0,1,0,0,1,0,0,0,0,0,0,0,1,0,0,0
89904,the artist,2011.0,0,0,0,0,0,1,0,0,1,0,0,0,0,0,0,1,0,0,0,0
89939,gigi,1949.0,0,0,0,0,0,1,0,0,0,0,0,0,0,0,0,0,0,0,0,0
89945,blinkytm,2011.0,0,0,0,0,0,0,0,0,0,0,0,1,0,0,0,0,1,0,0,0
90057,take shelter,2011.0,0,0,0,0,0,0,0,0,1,0,0,0,0,0,0,0,0,0,0,0
90243,three outlaw samurai sanbiki no samurai,1964.0,0,1,0,0,0,0,0,0,1,0,0,0,0,0,0,0,0,0,0,0
90245,antonio gaudí,1985.0,0,0,0,0,0,0,0,1,0,0,0,0,0,0,0,0,0,0,0,0
90249,real steel,2011.0,0,1,0,0,0,0,0,0,1,0,0,0,1,0,0,0,1,0,0,0
90343,footloose,2011.0,0,0,0,0,0,1,0,0,1,0,0,0,0,1,0,0,0,0,0,0
90345,thing the,2011.0,0,0,0,0,0,0,0,0,0,0,0,1,0,0,1,0,1,1,0,0
90353,beautiful boy,2010.0,0,0,0,0,0,0,0,0,1,0,0,0,0,0,0,0,0,0,0,0
90357,tyrannosaur,2011.0,0,0,0,0,0,0,0,0,1,0,0,0,0,0,0,0,0,0,0,0
90374,martha marcy may marlene,2011.0,0,0,0,0,0,0,0,0,1,0,0,0,0,0,0,0,0,1,0,0
90376,we need to talk about kevin,2011.0,0,0,0,0,0,0,0,0,1,0,0,0,0,0,0,0,0,1,0,0
90384,behind enemy lines ii axis of evil,2006.0,0,1,0,0,0,0,0,0,0,0,0,0,0,0,0,0,0,1,1,0
90403,three musketeers the,2011.0,0,1,1,0,0,0,0,0,0,0,0,0,0,0,0,0,0,0,0,0
90405,in time,2011.0,0,0,0,0,0,0,1,0,0,0,0,0,0,0,0,0,1,1,0,0
90428,margaret,2011.0,0,0,0,0,0,0,0,0,1,0,0,0,0,0,0,0,0,0,0,0
90430,carnage,2011.0,0,0,0,0,0,1,0,0,1,0,0,0,0,0,0,0,0,0,0,0
90439,margin call,2011.0,0,0,0,0,0,0,0,0,1,0,0,0,0,0,0,0,0,1,0,0
90469,paranormal activity 3,2011.0,0,0,0,0,0,0,0,0,0,0,0,1,0,0,0,0,0,0,0,0
90471,puncture,2011.0,0,0,0,0,0,0,0,0,1,0,0,0,0,0,0,0,0,0,0,0
90522,johnny english reborn,2011.0,0,0,1,0,0,1,0,0,0,0,0,0,0,0,0,0,0,1,0,0
90524,abduction,2011.0,0,1,0,0,0,0,0,0,1,0,0,0,0,0,1,0,0,1,0,0
90528,this must be the place,2011.0,0,0,0,0,0,0,1,0,1,0,0,0,0,0,0,0,0,1,0,0
90531,shame,2011.0,0,0,0,0,0,0,0,0,1,0,0,0,0,0,0,0,0,0,0,0
90576,whats your number,2011.0,0,0,0,0,0,1,0,0,0,0,0,0,0,0,0,1,0,0,0,0
90600,headhunters hodejegerne,2011.0,0,1,0,0,0,0,1,0,0,0,0,0,0,0,0,0,0,1,0,0
90603,batman year one,2011.0,0,1,0,1,0,0,1,0,0,0,0,0,0,0,0,0,0,0,0,0
90630,miss representation,2011.0,0,0,0,0,0,0,0,1,0,0,0,0,0,0,0,0,0,0,0,0
90647,puss in boots,2011.0,0,0,1,1,0,1,0,0,0,1,0,0,1,0,0,0,0,0,0,0
90717,tower heist,2011.0,0,1,0,0,0,1,1,0,0,0,0,0,0,0,0,0,0,0,0,0
90719,j edgar,2011.0,0,0,0,0,0,0,0,0,1,0,0,0,0,0,0,0,0,0,0,0
90738,double the,2011.0,0,1,0,0,0,0,1,0,1,0,0,0,0,0,1,0,0,1,0,0
90746,adventures of tintin the,2011.0,0,1,0,1,0,0,0,0,0,0,0,0,1,0,1,0,0,0,0,0
90769,starsuckers,2009.0,0,0,0,0,0,0,0,1,0,0,0,0,0,0,0,0,0,0,0,0
90809,tomboy,2011.0,0,0,0,0,0,0,0,0,1,0,0,0,0,0,0,0,0,0,0,0
90863,george harrison living in the material world,2011.0,0,0,0,0,0,0,0,1,0,0,0,0,0,0,0,0,0,0,0,0
90866,hugo,2011.0,0,0,0,0,1,0,0,0,1,0,0,0,0,0,1,0,0,0,0,0
90888,immortals,2011.0,0,1,0,0,0,0,0,0,1,1,0,0,0,0,0,0,0,0,0,0
90890,jack and jill,2011.0,0,0,0,0,0,1,0,0,0,0,0,0,0,0,0,0,0,0,0,0
90943,into the abyss,2011.0,0,0,0,0,0,0,0,1,0,0,0,0,0,0,0,0,0,0,0,0
90945,sign of four the,1987.0,0,0,1,0,0,0,1,0,1,0,0,0,0,0,0,0,0,0,0,0
91077,descendants the,2011.0,0,0,0,0,0,1,0,0,1,0,0,0,0,0,0,0,0,0,0,0
91079,like crazy,2011.0,0,0,0,0,0,0,0,0,1,0,0,0,0,0,0,1,0,0,0,0
91094,muppets the,2011.0,0,0,0,0,1,1,0,0,0,0,0,0,0,1,0,0,0,0,0,0
91104,twilight saga breaking dawn  part 1 the,2011.0,0,0,1,0,0,0,0,0,1,1,0,0,0,0,0,1,0,0,0,0
91126,war horse,2011.0,0,0,0,0,0,0,0,0,1,0,0,0,0,0,0,0,0,0,1,0
91128,rum diary the,2011.0,0,0,0,0,0,1,0,0,1,0,0,0,0,0,0,0,0,1,0,0
91233,lifted,2006.0,0,0,0,1,0,1,0,0,0,0,0,0,0,0,0,0,1,0,0,0
91261,hipsters stilyagi,2008.0,0,0,0,0,0,0,0,0,1,0,0,0,0,1,0,1,0,0,0,0
91266,another cinderella story,2008.0,0,0,0,0,1,1,0,0,0,0,0,0,0,1,0,1,0,0,0,0
91273,bunraku,2010.0,0,1,0,0,0,0,0,0,1,1,0,0,0,0,0,0,0,0,0,0
91323,sitter the,2011.0,0,0,0,0,0,1,0,0,0,0,0,0,0,0,0,0,0,0,0,0
91325,extremely loud and incredibly close,2011.0,0,0,0,0,0,0,0,0,1,0,0,0,0,0,0,0,0,0,0,0
91337,play the game,2009.0,0,0,0,0,0,1,0,0,0,0,0,0,0,0,0,1,0,0,0,0
91353,asterix in america aka asterix conquers america astérix et les indiens,1994.0,0,0,1,1,1,1,0,0,0,0,0,0,0,0,0,0,0,0,0,0
91355,asterix and the vikings astérix et les vikings,2006.0,0,0,1,1,1,1,0,0,0,1,0,0,0,0,0,0,0,0,0,0
91386,happy feet two,2011.0,0,0,0,1,1,1,0,0,0,0,0,0,1,0,0,0,0,0,0,0
91414,arthur christmas,2011.0,0,0,0,1,1,1,0,0,1,0,0,0,0,0,0,0,0,0,0,0
91470,violet  daisy,2011.0,0,1,0,0,0,0,0,0,1,0,0,0,0,0,0,0,0,0,0,0
91483,bullet to the head,2012.0,0,1,0,0,0,0,1,0,0,0,1,0,0,0,0,0,0,0,0,0
91485,expendables 2 the,2012.0,0,1,1,0,0,0,0,0,0,0,0,0,0,0,0,0,0,0,0,0
91488,snowman the,1982.0,0,0,0,1,1,0,0,0,0,0,0,0,0,1,0,0,0,0,0,0
91500,the hunger games,2012.0,0,1,1,0,0,0,0,0,1,0,0,0,0,0,0,0,1,1,0,0
91529,dark knight rises the,2012.0,0,1,1,0,0,0,1,0,0,0,0,0,1,0,0,0,0,0,0,0
91535,bourne legacy the,2012.0,0,1,1,0,0,0,0,0,1,0,0,0,1,0,0,0,0,1,0,0
91542,sherlock holmes a game of shadows,2011.0,0,1,1,0,0,1,1,0,0,0,0,0,0,0,1,0,0,1,0,0
91571,coriolanus,2011.0,0,0,0,0,0,0,0,0,1,0,0,0,0,0,0,0,0,1,0,0
91622,young adult,2011.0,0,0,0,0,0,1,0,0,1,0,0,0,0,0,0,0,0,0,0,0
91628,new years eve,2011.0,0,0,0,0,0,1,0,0,0,0,0,0,0,0,0,1,0,0,0,0
91630,mission impossible  ghost protocol,2011.0,0,1,1,0,0,0,0,0,0,0,0,0,1,0,0,0,0,1,0,0
91653,we bought a zoo,2011.0,0,0,0,0,0,1,0,0,1,0,0,0,0,0,0,0,0,0,0,0
91658,girl with the dragon tattoo the,2011.0,0,0,0,0,0,0,0,0,1,0,0,0,0,0,0,0,0,1,0,0
91660,darkest hour the,2011.0,0,1,0,0,0,0,0,0,0,0,0,1,0,0,0,0,1,1,0,0
91666,last holiday,1950.0,0,0,0,0,0,1,0,0,1,0,0,0,0,0,0,1,0,0,0,0
91671,alvin and the chipmunks chipwrecked,2011.0,0,0,0,1,0,1,0,0,0,0,0,0,0,0,0,0,0,0,0,0
91688,salvation boulevard,2011.0,0,0,0,0,0,1,0,0,0,0,0,0,0,0,0,0,0,1,0,0
91690,friends with kids,2011.0,0,0,0,0,0,1,0,0,0,0,0,0,0,0,0,0,0,0,0,0
91784,girl walks into a bar,2011.0,0,0,0,0,0,1,0,0,1,1,0,0,0,0,0,0,0,0,0,0
91842,contraband,2012.0,0,1,0,0,0,0,1,0,1,0,0,0,0,0,0,0,0,1,0,0
91860,way south the de weg naar het zuiden,1981.0,0,0,0,0,0,0,0,1,0,0,0,0,0,0,0,0,0,0,0,0
91869,being elmo a puppeteers journey,2011.0,0,0,0,0,0,0,0,1,0,0,0,0,0,0,0,0,0,0,0,0
91873,joyful noise,2012.0,0,0,0,0,0,1,0,0,0,0,0,0,0,1,0,0,0,0,0,0
91890,iron lady the,2011.0,0,0,0,0,0,0,0,0,1,0,0,0,0,0,0,0,0,0,0,0
91935,albatross,2011.0,0,0,0,0,0,0,0,0,1,0,0,0,0,0,0,0,0,0,0,0
91947,revenant the,2009.0,0,0,0,0,0,1,0,0,0,0,0,1,0,0,0,0,0,0,0,0
91974,underworld awakening,2012.0,0,1,0,0,0,0,0,0,0,1,0,1,1,0,0,0,0,0,0,0
91976,grey the,2012.0,0,1,0,0,0,0,0,0,1,0,0,0,0,0,0,0,0,0,0,0
91978,man on a ledge,2012.0,0,0,0,0,0,0,1,0,0,0,0,0,0,0,0,0,0,1,0,0
91981,sacrifice zhao shi gu er,2010.0,0,0,0,0,0,0,0,0,1,0,0,0,0,0,0,0,0,0,0,0
92008,haywire,2011.0,0,1,0,0,0,0,0,0,0,0,0,0,0,0,0,0,0,1,0,0
92046,contact high,2009.0,0,0,0,0,0,1,0,0,0,0,0,0,0,0,0,0,0,0,0,0
92048,whistleblower the,2010.0,0,0,0,0,0,0,0,0,1,0,0,0,0,0,0,0,0,1,0,0
92094,einstein and eddington,2008.0,0,0,0,0,0,0,0,0,1,0,0,0,0,0,0,0,0,0,0,0
92192,apollo 18,2011.0,0,0,0,0,0,0,0,0,0,0,0,1,0,0,0,0,1,1,0,0
92198,seeking justice,2011.0,0,1,0,0,0,0,0,0,1,0,0,0,0,0,0,0,0,1,0,0
92234,red tails,2012.0,0,1,1,0,0,0,0,0,1,0,0,0,0,0,0,0,0,0,1,0
92243,flowers of war the jin líng shí san chai,2011.0,0,0,0,0,0,0,0,0,1,0,0,0,0,0,0,0,0,0,1,0
92259,intouchables,2011.0,0,0,0,0,0,1,0,0,1,0,0,0,0,0,0,0,0,0,0,0
92264,one for the money,2012.0,0,1,0,0,0,1,1,0,0,0,0,0,0,0,0,0,0,0,0,0
92309,innkeepers the,2011.0,0,0,0,0,0,0,0,0,0,0,0,1,0,0,0,0,0,1,0,0
92348,puss in boots nagagutsu o haita neko,1969.0,0,0,1,1,1,1,0,0,0,1,0,0,0,0,0,1,0,0,0,0
92391,grave encounters,2011.0,0,0,0,0,0,0,0,0,0,0,0,1,0,0,0,0,0,0,0,0
92420,chronicle,2012.0,0,1,0,0,0,0,0,0,0,0,0,0,0,0,0,0,1,1,0,0
92422,woman in black the,2012.0,0,0,0,0,0,0,0,0,1,0,0,1,0,0,0,0,0,1,0,0
92427,woman in love rubbeldiekatz,2011.0,0,0,0,0,0,1,0,0,0,0,0,0,0,0,0,0,0,0,0,0
92439,art of getting by the,2011.0,0,0,0,0,0,0,0,0,1,0,0,0,0,0,0,1,0,0,0,0
92475,all watched over by machines of loving grace,2011.0,0,0,0,0,0,0,0,1,0,0,0,0,0,0,0,0,0,0,0,0
92494,dylan moran monster,2004.0,0,0,0,0,0,1,0,1,0,0,0,0,0,0,0,0,0,0,0,0
92507,safe house,2012.0,0,1,0,0,0,0,1,0,0,0,0,0,0,0,1,0,0,1,0,0
92509,vow the,2012.0,0,0,0,0,0,0,0,0,1,0,0,0,0,0,0,1,0,0,0,0
92535,louis ck live at the beacon theater,2011.0,0,0,0,0,0,1,0,0,0,0,0,0,0,0,0,0,0,0,0,0
92637,pitfall otoshiana,1962.0,0,0,0,0,0,0,1,0,1,1,0,0,0,0,0,0,0,0,0,0
92643,monsieur lazhar,2011.0,0,0,0,0,1,1,0,0,1,0,0,0,0,0,0,0,0,0,0,0
92665,for a good time call,2012.0,0,0,0,0,0,1,0,0,1,0,0,0,0,0,0,1,0,0,0,0
92674,janie jones,2010.0,0,0,0,0,0,0,0,0,1,0,0,0,0,1,0,0,0,0,0,0
92681,journey 2 the mysterious island,2012.0,0,1,1,0,0,1,0,0,0,0,0,0,1,0,0,0,1,0,0,0
92694,perfect sense,2011.0,0,0,0,0,0,0,0,0,1,0,0,0,0,0,0,1,1,0,0,0
92730,rollo and the woods sprite rölli ja metsänhenki,2001.0,0,0,0,0,1,0,0,0,0,1,0,0,0,0,0,0,0,0,0,0
92760,atomic brain the,1963.0,0,0,0,0,0,0,0,0,0,0,0,1,0,0,0,0,1,0,0,0
92938,ghost rider spirit of vengeance,2012.0,0,1,0,0,0,0,0,0,0,1,0,0,0,0,0,0,0,1,0,0
92954,prayers for bobby,2009.0,0,0,0,0,0,0,0,0,1,0,0,0,0,0,0,0,0,0,0,0
93006,very potter musical a,2009.0,0,0,0,0,0,1,0,0,0,0,0,0,0,1,0,0,0,0,0,0
93008,very potter sequel a,2010.0,0,0,0,0,0,1,0,0,0,0,0,0,0,1,0,0,0,0,0,0
93022,miss nobody,2010.0,0,0,0,0,0,1,1,0,0,0,0,0,0,0,0,0,0,0,0,0
93040,civil war the,1990.0,0,0,0,0,0,0,0,1,0,0,0,0,0,0,0,0,0,0,1,0
93114,rogopag,1963.0,0,0,0,0,0,1,0,0,1,0,0,0,0,0,0,0,0,0,0,0
93134,women on the 6th floor the les femmes du 6ème étage,2010.0,0,0,0,0,0,1,0,0,0,0,0,0,0,0,0,0,0,0,0,0
93139,mega shark vs crocosaurus,2010.0,0,1,1,0,0,0,0,0,0,0,0,1,0,0,0,0,0,0,0,0
93193,red hill,2010.0,0,0,0,0,0,0,1,0,0,0,0,0,0,0,0,0,0,1,0,1
93208,mickeys the prince and the pauper,1990.0,0,0,0,1,1,0,0,0,0,0,0,0,0,0,0,0,0,0,0,0
93242,gone,2012.0,0,0,0,0,0,0,0,0,1,0,0,0,0,0,0,0,0,1,0,0
93270,project x,2012.0,0,0,0,0,0,1,0,0,0,0,0,0,0,0,0,0,0,0,0,0
93272,dr seuss the lorax,2012.0,0,0,0,1,0,0,0,0,0,1,0,0,1,1,0,0,0,0,0,0
93287,big year the,2011.0,0,0,0,0,0,1,0,0,0,0,0,0,0,0,0,0,0,0,0,0
93297,act of valor,2012.0,0,1,0,0,0,0,0,0,0,0,0,0,0,0,0,0,0,1,1,0
93320,trailer park boys,1999.0,0,0,0,0,0,1,1,0,0,0,0,0,0,0,0,0,0,0,0,0
93326,this means war,2012.0,0,1,0,0,0,1,0,0,0,0,0,0,0,0,0,1,0,0,0,0
93363,john carter,2012.0,0,1,1,0,0,0,0,0,0,0,0,0,1,0,0,0,1,0,0,0
93443,goon,2011.0,0,0,0,0,0,1,0,0,1,0,0,0,0,0,0,0,0,0,0,0
93502,ledge the,2011.0,0,0,0,0,0,0,0,0,1,0,0,0,0,0,0,0,0,1,0,0
93510,21 jump street,2012.0,0,1,0,0,0,1,1,0,0,0,0,0,0,0,0,0,0,0,0,0
93512,jeff who lives at home,2012.0,0,0,0,0,0,1,0,0,1,0,0,0,0,0,0,0,0,0,0,0
93563,lockout,2012.0,0,1,0,0,0,0,0,0,0,0,0,0,0,0,0,0,1,1,0,0
93598,snowtown snowtown murders the,2011.0,0,0,0,0,0,0,1,0,1,0,0,0,0,0,0,0,0,1,0,0
93610,space battleship yamato,2010.0,0,1,1,0,0,0,0,0,1,0,0,0,0,0,0,0,0,0,0,0
93721,jiro dreams of sushi,2011.0,0,0,0,0,0,0,0,1,0,0,0,0,0,0,0,0,0,0,0,0
93723,damsels in distress,2011.0,0,0,0,0,0,1,0,0,0,0,0,0,0,0,0,1,0,0,0,0
93740,salmon fishing in the yemen,2011.0,0,0,0,0,0,1,0,0,1,0,0,0,0,0,0,1,0,0,0,0
93766,wrath of the titans,2012.0,0,1,1,0,0,0,0,0,0,1,0,0,1,0,0,0,0,0,0,0
93790,detachment,2011.0,0,0,0,0,0,0,0,0,1,0,0,0,0,0,0,0,0,0,0,0
93805,iron sky,2012.0,0,1,0,0,0,1,0,0,0,0,0,0,0,0,0,0,1,0,0,0
93819,absentia,2011.0,0,0,0,0,0,0,0,0,0,0,0,1,0,0,0,0,0,0,0,0
93831,american reunion american pie 4,2012.0,0,0,0,0,0,1,0,0,0,0,0,0,0,0,0,0,0,0,0,0
93838,the raid redemption,2011.0,0,1,0,0,0,0,1,0,0,0,0,0,0,0,0,0,0,0,0,0
93840,cabin in the woods the,2012.0,0,0,0,0,0,1,0,0,0,0,0,1,0,0,0,0,1,1,0,0
93855,god bless america,2011.0,0,0,0,0,0,1,0,0,1,0,0,0,0,0,0,0,0,0,0,0
93980,three stooges the,2012.0,0,0,0,0,0,1,0,0,0,0,0,0,0,0,0,0,0,0,0,0
93982,raven the,2012.0,0,0,0,0,0,0,0,0,0,0,0,0,0,0,1,0,0,1,0,0
93988,north  south,2004.0,0,0,0,0,0,0,0,0,1,0,0,0,0,0,0,1,0,0,0,0
94011,big bang the,2011.0,0,1,0,0,0,0,0,0,0,0,0,0,0,0,0,0,0,1,0,0
94015,mirror mirror,2012.0,0,0,1,0,0,1,0,0,0,1,0,0,0,0,0,0,0,0,0,0
94018,battleship,2012.0,0,1,0,0,0,0,0,0,0,0,0,0,1,0,0,0,1,1,0,0
94070,best exotic marigold hotel the,2011.0,0,0,0,0,0,1,0,0,1,0,0,0,0,0,0,0,0,0,0,0
94122,comiccon episode iv a fans hope,2011.0,0,0,0,0,0,0,0,1,0,0,0,0,0,0,0,0,0,0,0,0
94130,bully,2011.0,0,0,0,0,0,0,0,1,0,0,0,0,0,0,0,0,0,0,0,0
94150,hysteria,2011.0,0,0,0,0,0,1,0,0,0,0,0,0,0,0,0,1,0,0,0,0
94160,dantes inferno an animated epic,2010.0,0,1,0,1,0,0,0,0,0,1,0,0,0,0,0,0,0,0,0,0
94262,atomic submarine the,1959.0,0,0,0,0,0,0,0,0,0,0,0,0,0,0,0,0,1,1,0,0
94266,fiveyear engagement the,2012.0,0,0,0,0,0,1,0,0,0,0,0,0,0,0,0,1,0,0,0,0
94323,think like a man,2012.0,0,0,0,0,0,1,0,0,0,0,0,0,0,0,0,0,0,0,0,0
94325,lucky one the,2012.0,0,0,0,0,0,0,0,0,1,0,0,0,0,0,0,0,0,0,0,0
94405,safe,2012.0,0,1,0,0,0,0,1,0,0,0,0,0,0,0,0,0,0,1,0,0
94478,dark shadows,2012.0,0,0,0,0,0,1,0,0,0,0,0,1,1,0,0,0,0,0,0,0
94494,96 minutes,2011.0,0,0,0,0,0,0,0,0,1,0,0,0,0,0,0,0,0,1,0,0
94503,decoy bride the,2011.0,0,0,0,0,0,1,0,0,0,0,0,0,0,0,0,1,0,0,0,0
94661,rocket singh salesman of the year,2009.0,0,0,0,0,0,1,0,0,1,0,0,0,0,0,0,0,0,0,0,0
94677,dictator the,2012.0,0,0,0,0,0,1,0,0,0,0,0,0,0,0,0,0,0,0,0,0
94735,walking with monsters,2005.0,0,0,0,0,0,0,0,1,0,0,0,0,0,0,0,0,0,0,0,0
94777,men in black iii miiib mib³,2012.0,0,1,0,0,0,1,0,0,0,0,0,0,1,0,0,0,1,0,0,0
94780,snow white and the huntsman,2012.0,0,1,1,0,0,0,0,0,1,0,0,0,0,0,0,0,0,0,0,0
94799,sound of my voice,2011.0,0,0,0,0,0,0,0,0,1,0,0,0,0,0,1,0,1,0,0,0
94810,eva,2011.0,0,0,0,0,0,0,0,0,1,1,0,0,0,0,0,0,1,0,0,0
94833,pirates band of misfits the,2012.0,0,0,1,1,1,1,0,0,0,0,0,0,0,0,0,0,0,0,0,0
94864,prometheus,2012.0,0,1,0,0,0,0,0,0,0,0,0,1,1,0,0,0,1,0,0,0
94867,pact the,2012.0,0,0,0,0,0,0,0,0,0,0,0,1,0,0,1,0,0,1,0,0
94896,bernie,2011.0,0,0,0,0,0,1,1,0,1,0,0,0,0,0,0,0,0,0,0,0
94919,inhale,2010.0,0,0,0,0,0,0,0,0,1,0,0,0,0,0,0,0,0,1,0,0
94931,take this waltz,2011.0,0,0,0,0,0,0,0,0,1,0,0,0,0,0,0,1,0,0,0,0
94953,wanderlust,2012.0,0,0,0,0,0,1,0,0,0,0,0,0,0,0,0,0,0,0,0,0
94959,moonrise kingdom,2012.0,0,0,0,0,0,1,0,0,1,0,0,0,0,0,0,1,0,0,0,0
94985,get the gringo,2012.0,0,1,0,0,0,0,1,0,1,0,0,0,0,0,0,0,0,1,0,0
95004,supermandoomsday,2007.0,0,1,0,1,0,0,0,0,0,0,0,0,0,0,0,0,0,0,0,0
95067,thousand words a,2012.0,0,0,0,0,0,1,0,0,1,0,0,0,0,0,0,0,0,0,0,0
95088,safety not guaranteed,2012.0,0,0,0,0,0,1,0,0,1,0,0,0,0,0,0,0,0,0,0,0
95105,madagascar 3 europes most wanted,2012.0,0,0,1,1,1,1,0,0,0,0,0,0,1,0,0,0,0,0,0,0
95135,your sisters sister,2011.0,0,0,0,0,0,1,0,0,1,0,0,0,0,0,0,0,0,0,0,0
95145,dragon ball the curse of the blood rubies doragon bôru shenron no densetsu,1986.0,0,1,1,1,1,0,0,0,0,0,0,0,0,0,0,0,0,0,0,0
95147,dragon ball sleeping princess in devils castle doragon bôru majinjô no nemuri hime,1987.0,0,1,1,1,1,0,0,0,0,0,0,0,0,0,0,0,0,0,0,0
95149,supermanbatman public enemies,2009.0,0,1,0,1,0,0,0,0,0,1,0,0,0,0,0,0,0,0,0,0
95163,dragon ball mystical adventure doragon bôru makafushigi dai bôken,1988.0,0,1,1,1,1,0,0,0,0,0,0,0,0,0,0,0,0,0,0,0
95165,dragon ball z the movie the worlds strongest aka dragon ball z the strongest guy in the world doragon bôru z kono yo de ichiban tsuyoi yatsu,1990.0,0,1,1,1,0,0,0,0,0,0,0,0,0,0,0,0,1,1,0,0
95167,brave,2012.0,0,1,1,1,1,0,0,0,0,0,0,0,0,0,0,0,0,0,0,0
95170,beauty and the beast the enchanted christmas,1997.0,0,0,0,1,1,0,0,0,0,1,0,0,0,1,0,0,0,0,0,0
95175,front of the class,2008.0,0,0,0,0,0,0,0,0,1,0,0,0,0,0,0,0,0,0,0,0
95182,dragon ball z the movie the tree of might doragon bôru z 3 chikyû marugoto chô kessen,1990.0,0,1,1,1,0,0,0,0,0,0,0,0,0,0,0,0,1,0,0,0
95193,pocahontas ii journey to a new world,1998.0,0,0,1,1,1,0,0,0,0,0,0,0,0,0,0,0,0,0,0,0
95199,what to expect when youre expecting,2012.0,0,0,0,0,0,1,0,0,1,0,0,0,0,0,0,1,0,0,0,0
95201,to rome with love,2012.0,0,0,0,0,0,1,0,0,0,0,0,0,0,0,0,0,0,0,0,0
95207,abraham lincoln vampire hunter,2012.0,0,1,0,0,0,0,0,0,0,1,0,1,0,0,0,0,0,1,0,0
95218,first position,2011.0,0,0,0,0,0,0,0,1,0,0,0,0,0,0,0,0,0,0,0,0
95307,rock of ages,2012.0,0,0,0,0,0,1,0,0,1,0,0,0,1,1,0,0,0,0,0,0
95309,seeking a friend for the end of the world,2012.0,0,0,0,0,0,1,0,0,1,0,0,0,0,0,0,1,0,0,0,0
95311,presto,2008.0,0,0,0,1,1,1,0,0,0,1,0,0,0,0,0,0,0,0,0,0
95313,jackjack attack,2005.0,0,0,1,1,1,1,0,0,0,0,0,0,0,0,0,0,0,0,0,0
95377,one man band,2005.0,0,0,0,1,0,1,0,0,0,0,0,0,0,1,0,0,0,0,0,0
95441,ted,2012.0,0,0,0,0,0,1,0,0,0,1,0,0,0,0,0,0,0,0,0,0
95449,magic mike,2012.0,0,0,0,0,0,0,0,0,1,0,0,0,0,0,0,1,0,0,0,0
95473,dragon ball z the return of cooler doragon bôru z 6 gekitotsu hyakuoku pawâ no senshi,1992.0,0,1,1,1,0,0,0,0,0,0,0,0,0,0,0,0,0,0,0,0
95475,dragon ball z coolers revenge doragon bôru z 5 tobikkiri no saikyô tai saikyô,1991.0,0,1,1,1,0,0,0,0,0,0,0,0,0,0,0,0,0,0,0,0
95497,dragon ball z super android 13 doragon bôru z 7 kyokugen batoru san dai sûpâ saiyajin,1992.0,0,1,1,1,0,0,0,0,0,0,0,0,0,0,0,0,0,0,0,0
95499,dragon ball z broly  the legendary super saiyan doragon bôru z 8 moetsukiro nessen retsusenchô gekisen,1993.0,0,1,1,1,0,0,0,0,0,0,0,0,0,0,0,0,0,0,0,0
95508,cleanskin,2012.0,0,0,0,0,0,0,1,0,1,0,0,0,0,0,0,0,0,1,0,0
95510,amazing spiderman the,2012.0,0,1,1,0,0,0,0,0,0,0,0,0,1,0,0,0,1,0,0,0
95519,dragon ball z bojack unbound doragon bôru z 9 ginga girigiri butchigiri no sugoi yatsu,1993.0,0,1,1,1,0,0,0,0,0,1,0,0,0,0,0,0,0,0,0,0
95543,ice age 4 continental drift,2012.0,0,0,1,1,0,1,0,0,0,0,0,0,0,0,0,0,0,0,0,0
95558,beasts of the southern wild,2012.0,0,0,0,0,0,0,0,0,1,1,0,0,0,0,0,0,0,0,0,0
95583,savages,2012.0,0,0,0,0,0,0,1,0,1,0,0,0,0,0,0,0,0,1,0,0
95624,firm the,2009.0,0,0,0,0,0,0,0,0,1,0,0,0,0,0,0,0,0,0,0,0
95633,spirit camp,2009.0,0,0,0,0,0,0,0,0,0,0,0,1,0,0,0,0,0,0,0,0
95654,geris game,1997.0,0,0,0,1,1,0,0,0,0,0,0,0,0,0,0,0,0,0,0,0
95690,some guy who kills people,2011.0,0,0,0,0,0,1,0,0,0,0,0,0,0,0,0,0,0,1,0,0
95717,treasure island,2012.0,0,0,1,0,0,0,0,0,0,0,0,0,0,0,0,0,0,0,0,0
95720,watch the,2012.0,0,0,0,0,0,1,0,0,0,0,0,0,0,0,0,0,1,0,0,0
95738,adventures of marykate and ashley the the case of the christmas caper,1995.0,0,0,0,0,1,0,0,0,0,0,0,0,0,1,1,0,0,0,0,0
95744,2 days in new york,2012.0,0,0,0,0,0,1,0,0,0,0,0,0,0,0,0,0,0,0,0,0
95761,killer joe,2011.0,0,0,0,0,0,0,1,0,0,0,0,0,0,0,0,0,0,1,0,0
95771,dragon ball z broly second coming doragon bôru z 10 kiken na futari sûpâ senshi wa nemurenai,1994.0,0,1,1,1,0,0,0,0,0,0,0,0,0,0,0,0,0,0,0,0
95780,dragon ball z biobroly doragon bôru z 11 sûpâ senshi gekiha katsu no wa ore da,1994.0,0,1,1,1,0,0,0,0,0,0,0,0,0,0,0,0,0,0,0,0
95796,anaconda the offspring,2008.0,0,1,0,0,0,0,0,0,0,0,0,1,0,0,0,0,1,1,0,0
95839,christmas carol a,1999.0,0,0,0,0,0,0,0,0,1,1,0,0,0,0,0,0,0,0,0,0
95843,goodbye charlie,1964.0,0,0,0,0,0,1,0,0,0,1,0,0,0,0,0,1,0,0,0,0
95858,for the birds,2000.0,0,0,0,1,1,1,0,0,0,0,0,0,0,0,0,0,0,0,0,0
95873,ruby sparks,2012.0,0,0,0,0,0,1,0,0,0,1,0,0,0,0,0,1,0,0,0,0
95875,total recall,2012.0,0,1,0,0,0,0,0,0,0,0,0,0,0,0,0,0,1,1,0,0
95939,angels share the,2012.0,0,0,0,0,0,1,0,0,1,0,0,0,0,0,0,0,0,0,0,0
95949,immature the immaturi,2011.0,0,0,0,0,0,1,0,0,0,0,0,0,0,0,0,0,0,0,0,0
95965,dragon ball z bardock  the father of goku doragon bôru z tatta hitori no saishuu kessen  furiiza ni itonda z senshi kakarotto no chichi,1990.0,0,1,1,1,0,0,0,0,0,0,0,0,0,0,0,0,0,0,0,0
96004,dragon ball z the history of trunks doragon bôru z zetsubô e no hankô nokosareta chô senshi  gohan to torankusu,1993.0,0,1,1,1,0,0,0,0,0,0,0,0,0,0,0,0,0,0,0,0
96007,dragon ball gt a heros legacy doragon bôru gt gokû gaiden yûki no akashi wa sûshinchû,1997.0,0,1,1,1,0,0,0,0,0,0,0,0,0,0,0,0,0,0,0,0
96020,sidewalls medianeras,2011.0,0,0,0,0,0,0,0,0,1,0,0,0,0,0,0,0,0,0,0,0
96079,skyfall,2012.0,0,1,1,0,0,0,0,0,0,0,0,0,1,0,0,0,0,1,0,0
96084,hands over the city le mani sulla città,1963.0,0,0,0,0,0,0,0,0,1,0,0,0,0,0,0,0,0,0,0,0
96110,campaign the,2012.0,0,0,0,0,0,1,0,0,0,0,0,0,0,0,0,0,0,0,0,0
96114,brake,2012.0,0,0,0,0,0,0,1,0,0,0,0,0,0,0,0,0,0,1,0,0
96121,hope springs,2012.0,0,0,0,0,0,1,0,0,1,0,0,0,0,0,0,0,0,0,0,0
96150,queen of versailles the,2012.0,0,0,0,0,0,0,0,1,0,0,0,0,0,0,0,0,0,0,0,0
96281,paranorman,2012.0,0,0,1,1,0,1,0,0,0,0,0,0,0,0,0,0,0,0,0,0
96283,diary of a wimpy kid dog days,2012.0,0,0,0,0,1,1,0,0,0,0,0,0,0,0,0,0,0,0,0,0
96373,broken,2012.0,0,0,0,0,0,0,0,0,1,0,0,0,0,0,0,0,0,0,0,0
96411,6 days to air the making of south park,2011.0,0,0,0,0,0,0,0,1,0,0,0,0,0,0,0,0,0,0,0,0
96417,premium rush,2012.0,0,1,0,0,0,0,0,0,0,0,0,0,0,0,0,0,0,1,0,0
96430,odd life of timothy green the,2012.0,0,0,0,0,0,1,0,0,1,1,0,0,0,0,0,0,0,0,0,0
96432,lawless,2012.0,0,0,0,0,0,0,1,0,1,0,0,0,0,0,0,0,0,0,0,0
96448,piranha 3dd aka piranha dd,2012.0,0,0,0,0,0,1,0,0,0,0,0,1,0,0,0,0,0,0,0,0
96471,prime suspect 3,1993.0,0,0,0,0,0,0,1,0,1,0,0,0,0,0,1,0,0,0,0,0
96488,searching for sugar man,2012.0,0,0,0,0,0,0,0,1,0,0,0,0,0,0,0,0,0,0,0,0
96518,prime suspect 6 the last witness,2003.0,0,0,0,0,0,0,0,0,1,0,0,0,0,0,0,0,0,1,0,0
96520,prime suspect the lost child,1995.0,0,0,0,0,0,0,0,0,1,0,0,0,0,0,1,0,0,0,0,0
96530,conception,2011.0,0,0,0,0,0,1,0,0,0,0,0,0,0,0,0,1,0,0,0,0
96563,paradise lost 3 purgatory,2011.0,0,0,0,0,0,0,0,1,0,0,0,0,0,0,0,0,0,0,0,0
96567,words the,2012.0,0,0,0,0,0,0,0,0,1,0,0,0,0,0,0,1,0,0,0,0
96588,pitch perfect,2012.0,0,0,0,0,0,1,0,0,0,0,0,0,0,1,0,0,0,0,0,0
96606,samsara,2011.0,0,0,0,0,0,0,0,1,0,0,0,0,0,0,0,0,0,0,0,0
96608,runaway brain,1995.0,0,0,0,1,0,1,0,0,0,0,0,0,0,0,0,0,1,0,0,0
96610,looper,2012.0,0,1,0,0,0,0,1,0,0,0,0,0,0,0,0,0,1,0,0,0
96616,thats my boy,2012.0,0,0,0,0,0,1,0,0,0,0,0,0,0,0,0,0,0,0,0,0
96655,robot  frank,2012.0,0,0,0,0,0,1,0,0,1,0,0,0,0,0,0,0,1,0,0,0
96691,resident evil retribution,2012.0,0,1,0,0,0,0,0,0,0,0,0,1,1,0,0,0,1,0,0,0
96726,lola versus,2012.0,0,0,0,0,0,1,0,0,0,0,0,0,0,0,0,1,0,0,0,0
96728,master the,2012.0,0,0,0,0,0,0,0,0,1,0,0,0,0,0,0,0,0,0,0,0
96737,dredd,2012.0,0,1,0,0,0,0,0,0,0,0,0,0,0,0,0,0,1,0,0,0
96811,end of watch,2012.0,0,0,0,0,0,0,1,0,1,0,0,0,0,0,0,0,0,1,0,0
96815,vhs,2012.0,0,0,0,0,0,0,0,0,0,0,0,1,0,0,0,0,0,1,0,0
96821,perks of being a wallflower the,2012.0,0,0,0,0,0,0,0,0,1,0,0,0,0,0,0,1,0,0,0,0
96829,hunt the jagten,2012.0,0,0,0,0,0,0,0,0,1,0,0,0,0,0,0,0,0,0,0,0
96832,holy motors,2012.0,0,0,0,0,0,0,0,0,1,1,0,0,0,1,1,0,1,0,0,0
96861,taken 2,2012.0,0,1,0,0,0,0,1,0,1,0,0,0,0,0,0,0,0,1,0,0
96917,house at the end of the street,2012.0,0,0,0,0,0,0,0,0,0,0,0,1,0,0,0,0,0,1,0,0
96935,my left eye sees ghosts ngo joh aan gin diy gwai,2002.0,0,0,0,0,0,1,0,0,0,1,0,0,0,0,0,1,0,0,0,0
96945,love lasts three years lamour dure trois ans,2011.0,0,0,0,0,0,1,0,0,1,0,0,0,0,0,0,1,0,0,0,0
96964,tall man the,2012.0,0,0,0,0,0,0,1,0,1,0,0,0,0,0,1,0,0,0,0,0
96975,lol,2012.0,0,0,0,0,0,1,0,0,1,0,0,0,0,0,0,1,0,0,0,0
97024,rust and bone de rouille et dos,2012.0,0,0,0,0,0,0,0,0,1,0,0,0,0,0,0,1,0,0,0,0
97168,marley,2012.0,0,0,0,0,0,0,0,1,0,0,0,0,0,0,0,0,0,0,0,0
97172,frankenweenie,2012.0,0,0,0,1,0,1,0,0,0,0,0,1,1,0,0,0,0,0,0,0
97188,sinister,2012.0,0,0,0,0,0,0,0,0,0,0,0,1,0,0,0,0,0,1,0,0
97194,thing terror takes shape the,1998.0,0,0,0,0,0,0,0,1,0,0,0,0,0,0,0,0,0,0,0,0
97225,hotel transylvania,2012.0,0,0,0,1,1,1,0,0,0,0,0,0,0,0,0,0,0,0,0,0
97230,side by side,2012.0,0,0,0,0,0,0,0,1,0,0,0,0,0,0,0,0,0,0,0,0
97285,take aim at the police van sono gosôsha wo nerae jûsangô taihisen yori,1960.0,0,1,0,0,0,0,1,0,0,0,0,0,0,0,1,0,0,0,0,0
97304,argo,2012.0,0,0,0,0,0,0,0,0,1,0,0,0,0,0,0,0,0,1,0,0
97306,seven psychopaths,2012.0,0,0,0,0,0,1,1,0,0,0,0,0,0,0,0,0,0,0,0,0
97328,liberal arts,2012.0,0,0,0,0,0,1,0,0,1,0,0,0,0,0,0,0,0,0,0,0
97470,catch 44,2011.0,0,1,0,0,0,0,0,0,1,0,0,0,0,0,0,0,0,1,0,0
97643,rec³ 3 génesis,2012.0,0,0,0,0,0,0,0,0,0,0,0,1,0,0,0,0,0,1,0,0
97665,asterix  obelix god save britannia astérix et obélix au service de sa majesté,2012.0,0,0,1,0,0,1,0,0,0,0,0,0,0,0,0,0,0,0,0,0
97701,paranormal activity 4,2012.0,0,0,0,0,0,0,0,0,0,0,0,1,1,0,0,0,0,0,0,0
97742,alex cross,2012.0,0,1,0,0,0,0,1,0,0,0,0,0,0,0,1,0,0,1,0,0
97752,cloud atlas,2012.0,0,0,0,0,0,0,0,0,1,0,0,0,1,0,0,0,1,0,0,0
97757,hellboy the seeds of creation,2004.0,0,1,1,0,0,1,0,1,0,1,0,0,0,0,0,0,0,0,0,0
97785,silent hill revelation 3d,2012.0,0,0,0,0,0,0,0,0,0,0,0,1,0,0,1,0,0,1,0,0
97836,here comes the boom,2012.0,0,1,0,0,0,1,0,0,0,0,0,0,0,0,0,0,0,0,0,0
97858,mental,2012.0,0,0,0,0,0,1,0,0,1,0,0,0,0,0,0,0,0,0,0,0
97860,killing them softly,2012.0,0,0,0,0,0,0,1,0,1,0,0,0,0,0,0,0,0,1,0,0
97866,imposter the,2012.0,0,0,0,0,0,0,0,1,0,0,0,0,0,0,0,0,0,0,0,0
97870,sessions the surrogate the,2012.0,0,0,0,0,0,0,0,0,1,0,0,0,0,0,0,0,0,0,0,0
97904,smashed,2012.0,0,0,0,0,0,1,0,0,1,0,0,0,0,0,0,0,0,0,0,0
97913,wreckit ralph,2012.0,0,0,0,1,0,1,0,0,0,0,0,0,0,0,0,0,0,0,0,0
97921,silver linings playbook,2012.0,0,0,0,0,0,1,0,0,1,0,0,0,0,0,0,0,0,0,0,0
97923,flight,2012.0,0,0,0,0,0,0,0,0,1,0,0,0,0,0,0,0,0,0,0,0
97936,anna karenina,2012.0,0,0,0,0,0,0,0,0,1,0,0,0,0,0,0,0,0,0,0,0
97938,life of pi,2012.0,0,0,1,0,0,0,0,0,1,0,0,0,1,0,0,0,0,0,0,0
97950,man with the iron fists the,2012.0,0,1,1,0,0,0,1,0,0,0,0,0,0,0,0,0,0,0,0,0
97988,bay the,2012.0,0,0,0,0,0,0,0,0,0,0,0,1,0,0,0,0,1,1,0,0
98061,himizu,2011.0,0,0,0,0,1,0,1,0,1,0,0,0,0,0,0,0,0,0,0,0
98083,jackass 35,2011.0,0,0,0,0,0,1,0,1,0,0,0,0,0,0,0,0,0,0,0,0
98122,indie game the movie,2012.0,0,0,0,0,0,0,0,1,0,0,0,0,0,0,0,0,0,0,0,0
98124,batman the dark knight returns part 1,2012.0,0,1,0,1,0,0,0,0,0,0,0,0,0,0,0,0,1,0,0,0
98154,lincoln,2012.0,0,0,0,0,0,0,0,0,1,0,0,0,0,0,0,0,0,0,1,0
98160,nature calls,2012.0,0,0,0,0,0,1,0,0,0,0,0,0,0,0,0,0,0,0,0,0
98175,vamps,2012.0,0,0,0,0,0,1,0,0,0,0,0,1,0,0,0,1,0,0,0,0
98203,twilight saga breaking dawn  part 2 the,2012.0,0,0,1,0,0,0,0,0,1,1,0,0,1,0,0,1,0,0,0,0
98230,10 years,2011.0,0,0,0,0,0,1,0,0,1,0,0,0,0,0,0,1,0,0,0,0
98239,red dawn,2012.0,0,1,0,0,0,0,0,0,0,0,0,0,0,0,0,0,0,0,1,0
98243,rise of the guardians,2012.0,0,0,1,1,1,0,0,0,0,1,0,0,1,0,0,0,0,0,0,0
98279,fantastic fear of everything a,2012.0,0,0,0,0,0,1,0,0,0,0,0,0,0,0,0,0,0,0,0,0
98296,deadfall,2012.0,0,0,0,0,0,0,1,0,1,0,0,0,0,0,0,0,0,1,0,0
98361,byzantium,2012.0,0,0,0,0,0,0,0,0,1,1,0,0,0,0,0,0,0,1,0,0
98491,paperman,2012.0,0,0,0,1,0,1,0,0,0,0,0,0,0,0,0,1,0,0,0,0
98499,fearless hyena the xiao quan guai zhao,1979.0,0,1,0,0,0,1,0,0,0,0,0,0,0,0,0,0,0,0,0,0
98503,half a loaf of kung fu dian zhi gong fu gan chian chan,1980.0,0,1,0,0,0,1,0,0,0,0,0,0,0,0,0,0,0,0,0,0
98585,hitchcock,2012.0,0,0,0,0,0,0,0,0,1,0,0,0,0,0,0,0,0,0,0,0
98604,from up on poppy hill kokurikozaka kara,2011.0,0,0,0,1,0,0,0,0,1,0,0,0,0,0,0,1,0,0,0,0
98607,redline,2009.0,0,1,0,1,0,0,0,0,0,0,0,0,0,0,0,0,1,0,0,0
98623,winners and sinners qi mou miao ji wu fu xing,1983.0,0,1,0,0,0,1,1,0,0,0,0,0,0,0,0,0,0,0,0,0
98633,my lucky stars fuk sing go jiu,1985.0,0,1,0,0,0,1,0,0,0,0,0,0,0,0,0,0,0,0,0,0
98697,money money money laventure cest laventure,1972.0,0,0,1,0,0,1,0,0,0,0,0,0,0,0,0,0,0,0,0,0
98799,liars autobiography the untrue story of monty pythons graham chapman a,2012.0,0,0,0,1,0,1,0,0,0,0,0,0,0,0,0,0,0,0,0,0
98809,hobbit an unexpected journey the,2012.0,0,0,1,0,0,0,0,0,0,1,0,0,1,0,0,0,0,0,0,0
98836,hyde park on hudson,2012.0,0,0,0,0,0,1,0,0,1,0,0,0,0,0,0,0,0,0,0,0
98908,how to make love to a woman,2010.0,0,0,0,0,0,1,0,0,0,0,0,0,0,0,0,1,0,0,0,0
98961,zero dark thirty,2012.0,0,1,0,0,0,0,0,0,1,0,0,0,0,0,0,0,0,1,0,0
99005,fire with fire,2012.0,0,1,0,0,0,0,1,0,1,0,0,0,0,0,0,0,0,0,0,0
99007,warm bodies,2013.0,0,0,0,0,0,1,0,0,0,0,0,1,0,0,0,1,0,0,0,0
99030,wrong,2012.0,0,0,0,0,0,1,0,0,1,0,0,0,0,0,0,0,0,0,0,0
99087,playing for keeps,2012.0,0,0,0,0,0,1,0,0,0,0,0,0,0,0,0,1,0,0,0,0
99106,guilt trip the,2012.0,0,0,0,0,0,1,0,0,0,0,0,0,0,0,0,0,0,0,0,0
99112,jack reacher,2012.0,0,1,0,0,0,0,1,0,0,0,0,0,0,0,0,0,0,1,0,0
99114,django unchained,2012.0,0,1,0,0,0,0,0,0,1,0,0,0,0,0,0,0,0,0,0,1
99117,this is 40,2012.0,0,0,0,0,0,0,0,0,1,0,0,0,0,0,0,0,0,0,0,0
99122,i bought a vampire motorcycle,1990.0,0,0,0,0,0,1,0,0,0,0,0,1,0,0,0,0,0,0,0,0
99130,ice cream man,1995.0,0,0,0,0,0,1,0,0,0,0,0,1,0,0,0,0,0,0,0,0
99145,impossible the imposible lo,2012.0,0,0,0,0,0,0,0,0,1,0,0,0,0,0,0,0,0,1,0,0
99149,misérables les,2012.0,0,0,0,0,0,0,0,0,1,0,0,0,1,1,0,1,0,0,0,0
99191,campfire tales,1997.0,0,0,0,0,0,0,0,0,0,0,0,1,0,0,0,0,0,0,0,0
99415,parental guidance,2012.0,0,0,0,0,0,1,0,0,0,0,0,0,0,0,0,0,0,0,0,0
99437,john dies at the end,2012.0,0,0,0,0,0,1,0,0,0,1,0,1,0,0,0,0,0,0,0,0
99532,misérables les,2000.0,0,0,0,0,0,0,0,0,1,0,0,0,0,0,0,1,0,0,0,0
99574,promised land,2012.0,0,0,0,0,0,0,0,0,1,0,0,0,0,0,0,0,0,0,0,0
99636,english vinglish,2012.0,0,0,0,0,0,1,0,0,1,0,0,0,0,0,0,0,0,0,0,0
99638,fish story fisshu sutôrî,2009.0,0,0,0,0,0,1,0,0,0,0,0,0,0,0,0,0,0,0,0,0
99721,texas chainsaw 3d,2013.0,0,0,0,0,0,0,0,0,0,0,0,1,0,0,1,0,0,1,0,0
99728,gangster squad,2013.0,0,1,0,0,0,0,1,0,1,0,0,0,0,0,0,0,0,0,0,0
99750,iceman the,2012.0,0,0,0,0,0,0,1,0,1,0,0,0,0,0,0,0,0,1,0,0
99764,its such a beautiful day,2012.0,0,0,0,1,0,1,0,0,1,1,0,0,0,0,0,0,1,0,0,0
99813,batman the dark knight returns part 2,2013.0,0,1,0,1,0,0,0,0,0,0,0,0,0,0,0,0,0,0,0,0
99846,everything or nothing the untold story of 007,2012.0,0,0,0,0,0,0,0,1,0,0,0,0,0,0,0,0,0,0,0,0
99853,codependent lesbian space alien seeks same,2011.0,0,0,0,0,0,1,0,0,0,0,0,0,0,0,0,1,1,0,0,0
99910,last stand the,2013.0,0,1,0,0,0,0,1,0,0,0,0,0,0,0,0,0,0,1,0,0
99917,upstream color,2013.0,0,0,0,0,0,0,0,0,0,0,0,0,0,0,0,1,1,1,0,0
99992,shadow dancer,2012.0,0,0,0,0,0,0,1,0,1,0,0,0,0,0,0,0,0,1,0,0
100044,human planet,2011.0,0,0,0,0,0,0,0,1,0,0,0,0,0,0,0,0,0,0,0,0
100068,comme un chef,2012.0,0,0,0,0,0,1,0,0,0,0,0,0,0,0,0,0,0,0,0,0
100083,movie 43,2013.0,0,0,0,0,0,1,0,0,0,0,0,0,0,0,0,0,0,0,0,0
100106,perverts guide to ideology the,2012.0,0,0,0,0,0,0,0,1,0,0,0,0,0,0,0,0,0,0,0,0
100159,sightseers,2012.0,0,0,0,0,0,1,0,0,0,0,0,0,0,0,0,0,0,0,0,0
100163,hansel  gretel witch hunters,2013.0,0,1,0,0,0,0,0,0,0,1,0,1,1,0,0,0,0,0,0,0
100194,jim jefferies fully functional epix,2012.0,0,0,0,0,0,1,0,0,0,0,0,0,0,0,0,0,0,0,0,0
100226,why stop now,2012.0,0,0,0,0,0,1,0,0,1,0,0,0,0,0,0,0,0,0,0,0
100277,tabu,2012.0,0,0,0,0,0,0,0,0,1,0,0,0,0,0,0,1,0,0,0,0
100302,upside down,2012.0,0,0,0,0,0,0,0,0,1,0,0,0,0,0,0,1,1,0,0,0
100304,liability the,2012.0,0,1,0,0,0,0,0,0,0,0,0,0,0,0,0,0,0,1,0,0
100306,angst,1983.0,0,0,0,0,0,0,0,0,1,0,0,1,0,0,0,0,0,0,0,0
100326,stand up guys,2012.0,0,0,0,0,0,1,1,0,0,0,0,0,0,0,0,0,0,0,0,0
100383,side effects,2013.0,0,0,0,0,0,0,1,0,1,0,0,0,0,0,1,0,0,1,0,0
100390,identity thief,2013.0,0,0,0,0,0,1,1,0,0,0,0,0,0,0,0,0,0,0,0,0
100397,abcs of death the,2012.0,0,0,0,0,0,0,0,0,0,0,0,1,0,0,0,0,0,0,0,0
100487,beautiful creatures,2013.0,0,0,0,0,0,0,0,0,1,1,0,0,0,0,0,1,0,0,0,0
100498,good day to die hard a,2013.0,0,1,0,0,0,0,1,0,0,0,0,0,1,0,0,0,0,1,0,0
100507,21 and over,2013.0,0,0,0,0,0,1,0,0,0,0,0,0,0,0,0,0,0,0,0,0
100527,safe haven,2013.0,0,0,0,0,0,0,0,0,1,0,0,0,0,0,1,1,0,0,0,0
100553,frozen planet,2011.0,0,0,0,0,0,0,0,1,0,0,0,0,0,0,0,0,0,0,0,0
100556,act of killing the,2012.0,0,0,0,0,0,0,0,1,0,0,0,0,0,0,0,0,0,0,0,0
100579,universal soldier day of reckoning,2012.0,0,1,0,0,0,0,0,0,0,0,0,0,0,0,0,0,1,1,0,0
100611,escape from planet earth,2013.0,0,0,1,1,0,1,0,0,0,0,0,0,0,0,0,0,1,0,0,0
100714,before midnight,2013.0,0,0,0,0,0,0,0,0,1,0,0,0,0,0,0,1,0,0,0,0
100737,snitch,2013.0,0,1,0,0,0,0,0,0,1,0,0,0,0,0,0,0,0,1,0,0
100810,dark skies,2013.0,0,0,0,0,0,0,0,0,0,0,0,1,0,0,0,0,1,1,0,0
100843,oh boy a coffee in berlin,2012.0,0,0,0,0,0,1,0,0,1,0,0,0,0,0,0,0,0,0,0,0
100882,journey to the west conquering the demons daai wa sai you chi chui mo chun kei,2013.0,0,0,1,0,0,1,0,0,0,1,0,0,1,0,0,1,0,0,0,0
100906,maniac cop 2,1990.0,0,1,0,0,0,0,0,0,0,0,0,1,0,0,0,0,0,1,0,0
101025,jack the giant slayer,2013.0,0,0,1,0,0,0,0,0,0,1,0,0,1,0,0,0,0,0,0,0
101070,wadjda,2012.0,0,0,0,0,0,0,0,0,1,0,0,0,0,0,0,0,0,0,0,0
101072,unintentional kidnapping of mrs elfriede ott the die unabsichtliche entführung der frau elfriede ott,2010.0,0,0,0,0,0,1,0,0,0,0,0,0,0,0,0,0,0,0,0,0
101074,legend of sleepy hollow the,1949.0,0,0,0,1,0,1,0,0,0,0,0,1,0,1,0,0,0,0,0,0
101076,gi joe retaliation,2013.0,0,1,1,0,0,0,0,0,0,0,0,0,1,0,0,0,1,1,0,0
101088,stoker,2013.0,0,0,0,0,0,0,0,0,1,0,0,0,0,0,1,0,0,1,0,0
101112,oz the great and powerful,2013.0,0,1,1,0,0,0,0,0,0,1,0,0,1,0,0,0,0,0,0,0
101142,croods the,2013.0,0,0,1,1,0,1,0,0,0,0,0,0,0,0,0,0,0,0,0,0
101283,incredible burt wonderstone the,2013.0,0,0,0,0,0,1,0,0,0,0,0,0,0,0,0,0,0,0,0,0
101360,call the,2013.0,0,0,0,0,0,0,0,0,1,0,0,0,0,0,0,0,0,1,0,0
101362,olympus has fallen,2013.0,0,1,0,0,0,0,0,0,0,0,0,0,0,0,0,0,0,1,0,0
101415,first time the,2012.0,0,0,0,0,0,1,0,0,1,0,0,0,0,0,0,1,0,0,0,0
101423,mezzo forte,1998.0,0,1,0,1,0,1,0,0,0,0,0,0,0,0,0,0,0,0,0,0
101525,place beyond the pines the,2012.0,0,0,0,0,0,0,1,0,1,0,0,0,0,0,0,0,0,0,0,0
101529,brass teapot the,2012.0,0,0,0,0,0,1,0,0,0,1,0,0,0,0,0,0,0,1,0,0
101531,phil spector,2013.0,0,0,0,0,0,0,0,0,1,0,0,0,0,0,0,0,0,0,0,0
101577,host the,2013.0,0,1,1,0,0,0,0,0,0,0,0,0,0,0,0,1,0,0,0,0
101612,admission,2013.0,0,0,0,0,0,1,0,0,0,0,0,0,0,0,0,1,0,0,0,0
101739,evil dead,2013.0,0,0,0,0,0,0,0,0,0,0,0,1,0,0,0,0,0,0,0,0
101741,trance,2013.0,0,0,0,0,0,0,1,0,0,0,0,0,0,0,0,0,0,1,0,0
101765,perfect plan a plan parfait un,2012.0,0,0,1,0,0,1,0,0,0,0,0,0,0,0,0,1,0,0,0,0
101864,oblivion,2013.0,0,1,1,0,0,0,0,0,0,0,0,0,1,0,0,0,1,0,0,0
101884,dark tide,2012.0,0,0,1,0,0,0,0,0,1,0,0,0,0,0,0,0,0,1,0,0
101895,42,2013.0,0,0,0,0,0,0,0,0,1,0,0,0,0,0,0,0,0,0,0,0
101962,wolf children okami kodomo no ame to yuki,2012.0,0,0,0,1,0,0,0,0,0,1,0,0,0,0,0,0,0,0,0,0
101973,disconnect,2012.0,0,0,0,0,0,0,0,0,1,0,0,0,0,0,0,0,0,1,0,0
102007,invincible iron man the,2007.0,0,0,0,1,0,0,0,0,0,0,0,0,0,0,0,0,0,0,0,0
102025,yongary monster from the deep,1967.0,0,0,0,0,1,0,0,0,0,0,0,1,0,0,0,0,1,0,0,0
102033,pain  gain,2013.0,0,1,0,0,0,1,1,0,0,0,0,0,0,0,0,0,0,0,0,0
102058,hulk vs,2009.0,0,0,0,1,0,0,0,0,0,0,0,0,0,0,0,0,0,0,0,0
102066,resolution,2012.0,0,0,0,0,0,0,0,0,0,0,0,1,0,0,0,0,0,1,0,0
102070,grabbers,2012.0,0,0,0,0,0,1,0,0,0,0,0,1,0,0,0,0,1,0,0,0
102084,justice league doom,2012.0,0,1,0,1,0,0,0,0,0,1,0,0,0,0,0,0,0,0,0,0
102088,grandmaster the yi dai zong shi,2013.0,0,1,0,0,0,0,0,0,1,0,0,0,1,0,0,0,0,0,0,0
102123,this is the end,2013.0,0,1,0,0,0,1,0,0,0,0,0,0,0,0,0,0,0,0,0,0
102125,iron man 3,2013.0,0,1,0,0,0,0,0,0,0,0,0,0,1,0,0,0,1,1,0,0
102165,english teacher the,2013.0,0,0,0,0,0,1,0,0,1,0,0,0,0,0,0,0,0,0,0,0
102194,mud,2012.0,0,0,1,0,0,0,1,0,1,0,0,0,0,0,0,0,0,0,0,0
102217,bill hicks revelations,1993.0,0,0,0,0,0,1,0,0,0,0,0,0,0,0,0,0,0,0,0,0
102278,pawn,2013.0,0,0,0,0,0,0,1,0,0,0,0,0,0,0,0,0,0,1,0,0
102338,shaolin temple shao lin si,1976.0,0,1,1,0,0,0,0,0,1,0,0,0,0,0,0,0,0,0,0,0
102378,syrup,2013.0,0,0,0,0,0,1,0,0,1,0,0,0,0,0,0,0,0,0,0,0
102407,great gatsby the,2013.0,0,0,0,0,0,0,0,0,1,0,0,0,0,0,0,0,0,0,0,0
102445,star trek into darkness,2013.0,0,1,1,0,0,0,0,0,0,0,0,0,1,0,0,0,1,0,0,0
102481,internship the,2013.0,0,0,0,0,0,1,0,0,0,0,0,0,0,0,0,0,0,0,0,0
102590,darkon,2006.0,0,0,0,0,0,0,0,1,0,1,0,0,0,0,0,0,0,0,0,0
102602,mimino,1977.0,0,0,0,0,0,1,0,0,0,0,0,0,0,0,0,0,0,0,0,0
102666,ivan vasilievich back to the future ivan vasilievich menyaet professiyu,1973.0,0,0,1,0,0,1,0,0,0,0,0,0,0,0,0,0,0,0,0,0
102684,only god forgives,2013.0,0,0,0,0,0,0,0,0,1,0,0,0,0,0,0,0,0,1,0,0
102686,hangover part iii the,2013.0,0,0,0,0,0,1,0,0,0,0,0,0,0,0,0,0,0,0,0,0
102716,fast  furious 6 fast and the furious 6 the,2013.0,0,1,0,0,0,0,1,0,0,0,0,0,1,0,0,0,0,1,0,0
102720,epic,2013.0,0,0,1,1,0,0,0,0,0,1,0,0,0,0,0,0,0,0,0,0
102735,captain america,1979.0,0,1,0,0,0,0,0,0,1,0,0,0,0,0,0,0,0,0,0,0
102742,tie xi qu west of the tracks tiexi qu,2003.0,0,0,0,0,0,0,0,1,0,0,0,0,0,0,0,0,0,0,0,0
102747,rink the,1916.0,0,0,0,0,0,1,0,0,0,0,0,0,0,0,0,0,0,0,0,0
102749,captain america ii death too soon,1979.0,0,1,0,0,0,0,1,0,0,0,0,0,0,0,0,0,0,0,0,0
102760,down terrace,2009.0,0,0,0,0,0,1,1,0,1,0,0,0,0,0,0,0,0,0,0,0
102800,frances ha,2012.0,0,0,0,0,0,1,0,0,1,0,0,0,0,0,0,0,0,0,0,0
102802,lords of salem the,2012.0,0,0,0,0,0,0,0,0,0,0,0,1,0,0,0,0,0,1,0,0
102819,behind the candelabra,2013.0,0,0,0,0,0,0,0,0,1,0,0,0,0,0,0,0,0,0,0,0
102823,as i was moving ahead occasionally i saw brief glimpses of beauty,2000.0,0,0,0,0,0,0,0,1,0,0,0,0,0,0,0,0,0,0,0,0
102852,with great power the stan lee story,2012.0,0,0,0,0,0,0,0,1,0,0,0,0,0,0,0,0,0,0,0,0
102880,after earth,2013.0,0,1,1,0,0,0,0,0,0,0,0,0,1,0,0,0,1,0,0,0
102903,now you see me,2013.0,0,0,0,0,0,0,1,0,0,0,0,0,0,0,1,0,0,1,0,0
102984,inhuman resources redd inc,2012.0,0,0,0,0,0,0,0,0,0,0,0,1,0,0,0,0,0,1,0,0
102993,way way back the,2013.0,0,0,0,0,0,1,0,0,1,0,0,0,0,0,0,0,0,0,0,0
103027,much ado about nothing,2012.0,0,0,0,0,0,1,0,0,1,0,0,0,0,0,0,1,0,0,0,0
103042,man of steel,2013.0,0,1,1,0,0,0,0,0,0,1,0,0,1,0,0,0,1,0,0,0
103048,kings of summer the,2013.0,0,0,0,0,0,1,0,0,0,0,0,0,0,0,0,0,0,0,0,0
103075,purge the,2013.0,0,0,0,0,0,0,1,0,0,0,0,1,0,0,0,0,0,1,0,0
103085,rapturepalooza,2013.0,0,0,0,0,0,1,0,0,0,1,0,0,0,0,0,0,0,0,0,0
103107,20 feet from stardom twenty feet from stardom,2013.0,0,0,0,0,0,0,0,1,0,0,0,0,0,0,0,0,0,0,0,0
103137,bling ring the,2013.0,0,0,0,0,0,0,1,0,1,0,0,0,0,0,0,0,0,0,0,0
103141,monsters university,2013.0,0,0,1,1,0,1,0,0,0,0,0,0,0,0,0,0,0,0,0,0
103171,schlussmacher,2013.0,0,0,0,0,0,1,0,0,0,0,0,0,0,0,0,0,0,0,0,0
103210,fullmetal alchemist the sacred star of milos,2011.0,0,1,1,1,0,0,0,0,0,0,0,0,0,0,0,0,0,0,0,0
103219,maniac,2012.0,0,0,0,0,0,0,0,0,0,0,0,1,0,0,0,0,0,1,0,0
103221,not suitable for children,2012.0,0,0,0,0,0,1,0,0,0,0,0,0,0,0,0,1,0,0,0,0
103228,pacific rim,2013.0,0,1,1,0,0,0,0,0,0,0,0,0,1,0,0,0,1,0,0,0
103233,lego batman the movie  dc heroes unite,2013.0,0,1,1,1,0,0,0,0,0,0,0,0,0,0,0,0,0,0,0,0
103235,best offer the migliore offerta la,2013.0,0,0,0,0,0,0,0,0,0,0,0,0,0,0,0,0,0,1,0,0
103245,adam and eve national lampoons adam  eve,2005.0,0,0,0,0,0,1,0,0,1,0,0,0,0,0,0,1,0,0,0,0
103249,world war z,2013.0,0,1,0,0,0,0,0,0,1,0,0,1,1,0,0,0,0,0,0,0
103253,elysium,2013.0,0,1,0,0,0,0,0,0,1,0,0,0,1,0,0,0,1,0,0,0
103335,despicable me 2,2013.0,0,0,0,1,1,1,0,0,0,0,0,0,1,0,0,0,0,0,0,0
103339,white house down,2013.0,0,1,0,0,0,0,0,0,1,0,0,0,1,0,0,0,0,1,0,0
103341,worlds end the,2013.0,0,1,0,0,0,1,0,0,0,0,0,0,0,0,0,0,1,0,0,0
103366,redemption hummingbird,2013.0,0,1,0,0,0,0,1,0,0,0,0,0,0,0,0,0,0,1,0,0
103372,heat the,2013.0,0,1,0,0,0,1,1,0,0,0,0,0,0,0,0,0,0,0,0,0
103384,lone ranger the,2013.0,0,1,1,0,0,0,0,0,0,0,0,0,1,0,0,0,0,0,0,1
103449,passion,2012.0,0,0,0,0,0,0,1,0,1,0,0,0,0,0,1,0,0,1,0,0
103483,vhs2,2013.0,0,0,0,0,0,0,0,0,0,0,0,1,0,0,0,0,0,1,0,0
103502,knot the,2012.0,0,0,0,0,0,1,0,0,0,0,0,0,0,0,0,1,0,0,0,0
103539,the spectacular now,2013.0,0,0,0,0,0,1,0,0,1,0,0,0,0,0,0,1,0,0,0,0
103543,lifeguard the,2013.0,0,0,0,0,0,1,0,0,1,0,0,0,0,0,0,0,0,0,0,0
103596,sharknado,2013.0,0,0,0,0,0,0,0,0,0,0,0,0,0,0,0,0,1,0,0,0
103602,craig ferguson im here to help,2013.0,0,0,0,0,0,1,0,1,0,0,0,0,0,0,0,0,0,0,0,0
103606,stuck in love,2012.0,0,0,0,0,0,1,0,0,1,0,0,0,0,0,0,1,0,0,0,0
103609,class act,1992.0,0,0,0,0,0,1,0,0,0,0,0,0,0,0,0,0,0,0,0,0
103624,fruitvale station,2013.0,0,0,0,0,0,0,0,0,1,0,0,0,0,0,0,0,0,0,0,0
103655,ripd,2013.0,0,1,0,0,0,1,0,0,0,1,0,0,0,0,0,0,0,0,0,0
103685,field in england a,2013.0,0,0,0,0,0,0,0,0,1,1,0,0,0,0,0,0,0,1,1,0
103688,conjuring the,2013.0,0,0,0,0,0,0,0,0,0,0,0,1,0,0,0,0,0,1,0,0
103755,turbo,2013.0,0,0,1,1,1,1,0,0,0,1,0,0,0,0,0,0,0,0,0,0
103772,wolverine the,2013.0,0,1,1,0,0,0,0,0,0,1,0,0,0,0,0,0,1,0,0,0
103801,drinking buddies,2013.0,0,0,0,0,0,1,0,0,1,0,0,0,0,0,0,1,0,0,0,0
103810,red 2,2013.0,0,1,0,0,0,1,1,0,0,0,0,0,0,0,0,0,0,1,0,0
103819,coffee town,2013.0,0,0,0,0,0,1,0,0,0,0,0,0,0,0,0,0,0,0,0,0
103865,revenge for jolly,2012.0,0,0,0,0,0,1,0,0,1,0,0,0,0,0,0,0,0,0,0,0
103883,2 guns,2013.0,0,1,0,0,0,1,1,0,0,0,0,0,0,0,0,0,0,0,0,0
103980,blue jasmine,2013.0,0,0,0,0,0,0,0,0,1,0,0,0,0,0,0,0,0,0,0,0
103984,great beauty the grande bellezza la,2013.0,0,0,0,0,0,1,0,0,1,0,0,0,0,0,0,0,0,0,0,0
104017,3 dev adam three giant men,1973.0,0,1,1,0,0,0,0,0,0,0,0,0,0,0,0,0,1,0,0,0
104069,louis ck oh my god,2013.0,0,0,0,0,0,1,0,0,0,0,0,0,0,0,0,0,0,0,0,0
104074,percy jackson sea of monsters,2013.0,0,0,1,0,1,0,0,0,0,1,0,0,0,0,0,0,0,0,0,0
104076,smurfs 2 the,2013.0,0,0,0,1,1,1,0,0,0,0,0,0,0,0,0,0,0,0,0,0
104078,alan partridge alpha papa,2013.0,0,0,0,0,0,1,0,0,0,0,0,0,0,0,0,0,0,0,0,0
104129,man of tai chi,2013.0,0,1,0,0,0,0,0,0,0,0,0,0,1,0,0,0,0,0,0,0
104141,batman mystery of the batwoman,2003.0,0,1,0,1,1,0,1,0,0,0,0,0,0,0,0,0,0,0,0,0
104211,were the millers,2013.0,0,0,0,0,0,1,1,0,0,0,0,0,0,0,0,0,0,0,0,0
104218,grown ups 2,2013.0,0,0,0,0,0,1,0,0,0,0,0,0,0,0,0,0,0,0,0,0
104241,kickass 2,2013.0,0,1,0,0,0,1,1,0,0,0,0,0,0,0,0,0,0,0,0,0
104243,riddick,2013.0,0,1,0,0,0,0,0,0,0,0,0,0,1,0,0,0,1,1,0,0
104245,planes,2013.0,0,0,1,1,0,1,0,0,0,0,0,0,0,0,0,0,0,0,0,0
104272,blackfish,2013.0,0,0,0,0,0,0,0,1,0,0,0,0,0,0,0,0,0,0,0,0
104283,wind rises the kaze tachinu,2013.0,0,0,0,1,0,0,0,0,1,0,0,0,0,0,0,1,0,0,0,0
104303,jobs,2013.0,0,0,0,0,0,0,0,0,1,0,0,0,0,0,0,0,0,0,0,0
104337,lee daniels the butler,2013.0,0,0,0,0,0,0,0,0,1,0,0,0,0,0,0,0,0,0,0,0
104339,in a world,2013.0,0,0,0,0,0,1,0,0,0,0,0,0,0,0,0,0,0,0,0,0
104374,about time,2013.0,0,0,0,0,0,0,0,0,1,1,0,0,0,0,0,1,0,0,0,0
104419,justice league crisis on two earths,2010.0,0,1,0,1,0,0,0,0,0,0,0,0,0,0,0,0,1,0,0,0
104457,youre next,2011.0,0,0,0,0,0,0,0,0,0,0,0,1,0,0,0,0,0,1,0,0
104644,maria bamford the special special special,2012.0,0,0,0,0,0,1,0,0,0,0,0,0,0,0,0,0,0,0,0,0
104760,getaway,2013.0,0,1,0,0,0,0,1,0,0,0,0,0,0,0,0,0,0,0,0,0
104780,mystery of the third planet the tayna tretey planety,1981.0,0,0,1,1,0,0,0,0,0,0,0,0,0,0,0,0,1,0,0,0
104837,rage of honor,1987.0,0,1,0,0,0,0,1,0,0,0,0,0,0,0,0,0,0,0,0,0
104841,gravity,2013.0,0,1,0,0,0,0,0,0,0,0,0,0,1,0,0,0,1,0,0,0
104863,what if,2013.0,0,0,0,0,0,1,0,0,1,0,0,0,0,0,0,1,0,0,0,0
104875,history of future folk the,2012.0,0,0,1,0,0,1,0,0,0,0,0,0,0,1,0,0,1,0,0,0
104879,prisoners,2013.0,0,0,0,0,0,0,0,0,1,0,0,0,0,0,1,0,0,1,0,0
104906,austenland,2013.0,0,0,0,0,0,1,0,0,0,0,0,0,0,0,0,1,0,0,0,0
104908,insidious chapter 2,2013.0,0,0,0,0,0,0,0,0,0,0,0,1,0,0,0,0,0,1,0,0
104913,rush,2013.0,0,1,0,0,0,0,0,0,1,0,0,0,0,0,0,0,0,0,0,0
104925,family the,2013.0,0,1,0,0,0,1,1,0,0,0,0,0,0,0,0,0,0,0,0,0
104944,short term 12,2013.0,0,0,0,0,0,0,0,0,1,0,0,0,0,0,0,0,0,0,0,0
105020,collision course,1989.0,0,1,0,0,0,1,0,0,0,0,0,0,0,0,0,0,0,1,0,0
105037,to do list the,2013.0,0,0,0,0,0,1,0,0,0,0,0,0,0,0,0,0,0,0,0,0
105121,inescapable,2012.0,0,1,0,0,0,0,0,0,1,0,0,0,0,0,0,0,0,0,1,0
105197,nebraska,2013.0,0,0,1,0,0,0,0,0,1,0,0,0,0,0,0,0,0,0,0,0
105211,enough said,2013.0,0,0,0,0,0,1,0,0,1,0,0,0,0,0,0,1,0,0,0,0
105213,don jon,2013.0,0,0,0,0,0,1,0,0,1,0,0,0,0,0,0,1,0,0,0,0
105246,mood indigo lécume des jours,2013.0,0,0,0,0,0,0,0,0,1,1,0,0,0,0,0,0,0,0,0,0
105250,century of the self the,2002.0,0,0,0,0,0,0,0,1,0,0,0,0,0,0,0,0,0,0,0,0
105254,crystal fairy  the magical cactus and 2012,2013.0,0,0,1,0,0,1,0,0,0,0,0,0,0,0,0,0,0,0,0,0
105325,bad milo bad milo,2013.0,0,0,0,0,0,1,0,0,0,0,0,1,0,0,0,0,0,0,0,0
105351,runner runner,2013.0,0,0,0,0,0,0,1,0,1,0,0,0,0,0,0,0,0,1,0,0
105355,blue is the warmest color la vie dadèle,2013.0,0,0,0,0,0,0,0,0,1,0,0,0,0,0,0,1,0,0,0,0
105468,cloudy with a chance of meatballs 2,2013.0,0,0,0,1,1,1,0,0,0,1,0,0,0,0,0,0,0,0,0,0
105504,captain phillips,2013.0,0,0,1,0,0,0,0,0,1,0,0,0,1,0,0,0,0,1,0,0
105540,all dogs christmas carol an,1998.0,0,0,0,1,1,1,0,0,0,0,0,0,0,1,0,0,0,0,0,0
105585,machete kills machete 2,2013.0,0,1,0,0,0,0,1,0,0,0,0,0,0,0,0,0,0,1,0,0
105593,filth,2013.0,0,0,0,0,0,1,1,0,1,0,0,0,0,0,0,0,0,0,0,0
105653,escape plan,2013.0,0,1,0,0,0,0,0,0,0,0,0,0,0,0,1,0,0,1,0,0
105720,thief of paris the le voleur,1967.0,0,0,0,0,0,1,1,0,1,0,0,0,0,0,0,0,0,0,0,0
105731,carrie,2013.0,0,0,0,0,0,0,0,0,1,0,0,1,0,0,0,0,0,0,0,0
105746,unhung hero,2013.0,0,0,0,0,0,0,0,1,0,0,0,0,0,0,0,0,0,0,0,0
105755,counselor the,2013.0,0,0,0,0,0,0,1,0,1,0,0,0,0,0,0,0,0,1,0,0
105801,escape from tomorrow,2013.0,0,0,0,0,0,0,0,0,1,1,0,1,0,0,0,0,0,0,0,0
105835,double the,2013.0,0,0,0,0,0,1,0,0,1,0,0,0,0,0,0,0,0,1,0,0
105844,12 years a slave,2013.0,0,0,0,0,0,0,0,0,1,0,0,0,0,0,0,0,0,0,0,0
105954,all is lost,2013.0,0,1,1,0,0,0,0,0,1,0,0,0,0,0,0,0,0,0,0,0
106002,enders game,2013.0,0,1,1,0,0,0,0,0,0,0,0,0,1,0,0,0,1,0,0,0
106062,jackass presents bad grandpa,2013.0,0,0,0,0,0,1,0,0,0,0,0,0,0,0,0,0,0,0,0,0
106072,thor the dark world,2013.0,0,1,1,0,0,0,0,0,0,1,0,0,1,0,0,0,0,0,0,0
106100,dallas buyers club,2013.0,0,0,0,0,0,0,0,0,1,0,0,0,0,0,0,0,0,0,0,0
106144,selfish giant the,2013.0,0,0,0,0,0,0,0,0,1,0,0,0,0,0,0,0,0,0,0,0
106330,last vegas,2013.0,0,0,0,0,0,1,0,0,1,0,0,0,0,0,0,1,0,0,0,0
106438,philomena,2013.0,0,0,0,0,0,1,0,0,1,0,0,0,0,0,0,0,0,0,0,0
106441,book thief the,2013.0,0,0,0,0,1,0,0,0,1,0,0,0,0,0,0,0,0,0,1,0
106487,the hunger games catching fire,2013.0,0,1,1,0,0,0,0,0,0,0,0,0,1,0,0,0,1,0,0,0
106489,hobbit the desolation of smaug the,2013.0,0,0,1,0,0,0,0,0,0,1,0,0,1,0,0,0,0,0,0,0
106491,47 ronin,2013.0,0,1,1,0,0,0,0,0,0,1,0,0,0,0,0,0,0,0,0,0
106540,delivery man,2013.0,0,0,0,0,0,1,0,0,0,0,0,0,0,0,0,0,0,0,0,0
106542,charlie countryman,2013.0,0,1,0,0,0,1,0,0,0,0,0,0,0,0,0,1,0,0,0,0
106594,red flag,2012.0,0,0,0,0,0,1,0,0,1,0,0,0,0,0,0,1,0,0,0,0
106642,day of the doctor the,2013.0,0,0,1,0,0,0,0,0,1,0,0,0,0,0,0,0,1,0,0,0
106648,guilty of romance koi no tsumi,2011.0,0,0,0,0,0,0,1,0,1,0,0,1,0,0,0,0,0,0,0,0
106696,frozen,2013.0,0,0,1,1,0,1,0,0,0,1,0,0,0,1,0,1,0,0,0,0
106766,inside llewyn davis,2013.0,0,0,0,0,0,0,0,0,1,0,0,0,0,0,0,0,0,0,0,0
106782,wolf of wall street the,2013.0,0,0,0,0,0,1,1,0,1,0,0,0,0,0,0,0,0,0,0,0
106785,homefront,2013.0,0,1,0,0,0,0,1,0,0,0,0,0,0,0,0,0,0,1,0,0
106839,mandela long walk to freedom,2013.0,0,0,0,0,0,0,0,0,1,0,0,0,0,0,0,0,0,0,0,0
106873,evangelion 30 you can not redo,2012.0,0,1,0,1,0,0,0,0,1,0,0,0,0,0,0,0,0,0,0,0
106883,all is bright,2013.0,0,0,0,0,0,1,0,0,1,0,0,0,0,0,0,0,0,0,0,0
106889,tims vermeer,2013.0,0,0,0,0,0,0,0,1,0,0,0,0,0,0,0,0,0,0,0,0
106916,american hustle,2013.0,0,0,0,0,0,0,1,0,1,0,0,0,0,0,0,0,0,0,0,0
106918,secret life of walter mitty the,2013.0,0,0,1,0,0,1,0,0,1,0,0,0,0,0,0,0,0,0,0,0
106920,her,2013.0,0,0,0,0,0,0,0,0,1,0,0,0,0,0,0,1,1,0,0,0
106927,robogeisha robogeisha,2009.0,0,1,0,0,0,1,0,0,0,0,0,0,0,0,0,0,1,0,0,0
107013,christmas carol a,1977.0,0,0,0,0,0,0,0,0,1,1,0,0,0,0,0,0,0,0,0,0
107069,lone survivor,2013.0,0,1,0,0,0,0,0,0,1,0,0,0,0,0,0,0,0,1,1,0
107141,saving mr banks,2013.0,0,0,0,0,0,1,0,0,1,0,0,0,0,0,0,0,0,0,0,0
107159,zatoichi and the chest of gold zatôichi senryôkubi zatôichi 6,1964.0,0,1,0,0,0,0,0,0,1,0,0,0,0,0,0,0,0,0,0,0
107314,oldboy,2013.0,0,1,0,0,0,0,0,0,1,0,0,0,0,0,1,0,0,0,0,0
107338,dampfnudelblues,2013.0,0,0,0,0,0,1,1,0,0,0,0,0,0,0,0,0,0,0,0,0
107348,anchorman 2 the legend continues,2013.0,0,0,0,0,0,1,0,0,0,0,0,0,0,0,0,0,0,0,0,0
107406,snowpiercer,2013.0,0,1,0,0,0,0,0,0,1,0,0,0,0,0,0,0,1,0,0,0
107408,only old men are going to battle v boy idut odni stariki,1973.0,0,0,0,0,0,1,0,0,1,0,0,0,0,0,0,0,0,0,1,0
107410,guest from the future gostya iz buduschego,1985.0,0,0,1,0,0,0,0,0,1,0,0,0,0,0,0,0,1,0,0,0
107412,kidnapping caucasian style kavkazskaya plennitsa,1967.0,0,0,0,0,0,1,0,0,0,0,0,0,0,0,0,1,0,0,0,0
107436,haunter,2013.0,0,0,0,0,0,0,0,0,0,0,0,1,0,0,1,0,0,1,0,0
107447,wrong cops,2013.0,0,0,0,0,0,1,1,0,0,0,0,0,0,0,0,0,0,0,0,0
107449,muppet christmas letters to santa a,2008.0,0,0,0,0,1,1,0,0,0,0,0,0,0,0,0,0,0,0,0,0
107462,ninja shadow of a tear,2013.0,0,1,0,0,0,0,1,0,0,0,0,0,0,0,0,0,0,1,0,0
107565,fuck you goethe fack ju göhte,2013.0,0,0,0,0,0,1,0,0,0,0,0,0,0,0,0,0,0,0,0,0
107630,high school,2010.0,0,0,0,0,0,1,0,0,0,0,0,0,0,0,0,0,0,0,0,0
107702,grudge match,2013.0,0,0,0,0,0,1,0,0,0,0,0,0,0,0,0,0,0,0,0,0
107723,highlander the search for vengeance,2007.0,0,1,1,0,0,0,0,0,0,1,0,0,0,0,0,0,0,0,0,0
107771,only lovers left alive,2013.0,0,0,0,0,0,0,0,0,1,0,0,1,0,0,0,1,0,0,0,0
107780,cats,1998.0,0,0,0,0,0,0,0,0,0,0,0,0,0,1,0,0,0,0,0,0
107846,macgyver trail to doomsday,1994.0,0,1,1,0,0,0,0,0,0,0,0,0,0,0,0,0,0,0,0,0
107945,bad karma,2012.0,0,0,0,0,0,0,0,0,0,0,0,0,0,0,0,0,0,1,0,0
107951,hunting elephants,2013.0,0,0,0,0,0,1,1,0,0,0,0,0,0,0,0,0,0,0,0,0
107953,dragon ball z battle of gods,2013.0,0,1,0,1,0,0,0,0,0,1,0,0,1,0,0,0,0,0,0,0
107962,freezer,2014.0,0,1,0,0,0,0,0,0,0,0,0,0,0,0,0,0,0,1,0,0
107997,we are what we are,2013.0,0,0,0,0,0,0,0,0,1,0,0,1,0,0,1,0,0,1,0,0
107999,dragon ball z 04 lord slug,1991.0,0,0,0,1,1,0,0,0,0,0,0,0,0,0,0,0,0,0,0,0
108078,chinese puzzle cassetête chinois,2013.0,0,0,0,0,0,1,0,0,0,0,0,0,0,0,0,1,0,0,0,0
108090,dragon ball the path to power doragon bôru saikyô e no michi,1996.0,0,1,1,1,1,0,0,0,0,0,0,0,0,0,0,0,0,0,0,0
108156,ride along,2014.0,0,1,0,0,0,1,0,0,0,0,0,0,0,0,0,0,0,0,0,0
108188,jack ryan shadow recruit,2014.0,0,1,0,0,0,0,0,0,1,0,0,0,1,0,0,0,0,1,0,0
108190,divergent,2014.0,0,0,1,0,0,0,0,0,0,0,0,0,1,0,0,1,1,0,0,0
108192,hotel chevalier part 1 of the darjeeling limited,2007.0,0,0,0,0,0,0,0,0,1,0,0,0,0,0,0,0,0,0,0,0
108540,ernest  célestine ernest et célestine,2012.0,0,0,1,1,1,1,0,0,1,0,0,0,0,0,0,1,0,0,0,0
108601,drift,2013.0,0,0,0,0,0,0,0,0,1,0,0,0,0,0,0,0,0,0,0,0
108689,i frankenstein,2014.0,0,1,0,0,0,0,0,0,0,1,0,0,1,0,0,0,1,0,0,0
108715,better living through chemistry,2014.0,0,0,0,0,0,1,0,0,1,0,0,0,0,0,0,0,0,0,0,0
108727,nymphomaniac volume i,2013.0,0,0,0,0,0,0,0,0,1,0,0,0,0,0,0,0,0,0,0,0
108729,enemy,2013.0,0,0,0,0,0,0,0,0,0,0,0,0,0,0,1,0,0,1,0,0
108795,wonder woman,2009.0,0,1,1,1,0,0,0,0,0,1,0,0,0,0,0,0,0,0,0,0
108928,monuments men the,2014.0,0,1,0,0,0,0,0,0,1,0,0,0,0,0,0,0,0,0,1,0
108932,the lego movie,2014.0,0,1,1,1,1,1,0,0,0,1,0,0,0,0,0,0,0,0,0,0
108945,robocop,2014.0,0,1,0,0,0,0,1,0,0,0,0,0,1,0,0,0,1,0,0,0
108949,art of the steal the,2013.0,0,0,0,0,0,0,1,0,0,0,0,0,0,0,0,0,0,0,0,0
108981,nymphomaniac volume ii,2013.0,0,0,0,0,0,0,0,0,1,0,0,0,0,0,1,0,0,0,0,0
109042,knights of badassdom,2013.0,0,0,1,0,0,1,0,0,0,1,0,0,0,0,0,0,0,0,0,0
109161,venus in fur la vénus à la fourrure,2013.0,0,0,0,0,0,0,0,0,1,0,0,0,0,0,0,0,0,0,0,0
109183,date and switch,2014.0,0,0,0,0,0,1,0,0,0,0,0,0,0,0,0,0,0,0,0,0
109187,zero theorem the,2013.0,0,0,0,0,0,0,0,0,1,1,0,0,0,0,0,0,1,0,0,0
109191,winters tale,2014.0,0,0,0,0,0,0,0,0,1,1,0,0,0,0,1,0,0,0,0,0
109241,on the other side of the tracks de lautre côté du périph,2012.0,0,1,0,0,0,1,1,0,0,0,0,0,0,0,0,0,0,0,0,0
109282,glow the story of the gorgeous ladies of wrestling,2012.0,0,0,0,0,0,0,0,1,0,0,0,0,0,0,0,0,0,0,0,0
109295,cold comes the night,2013.0,0,0,0,0,0,0,1,0,1,0,0,0,0,0,0,0,0,1,0,0
109313,chouchou,2003.0,0,0,0,0,0,1,0,0,0,0,0,0,0,0,0,0,0,0,0,0
109317,someone marry barry,2014.0,0,0,0,0,0,1,0,0,0,0,0,0,0,0,0,0,0,0,0,0
109372,about last night,2014.0,0,0,0,0,0,1,0,0,0,0,0,0,0,0,0,1,0,0,0,0
109374,grand budapest hotel the,2014.0,0,0,0,0,0,1,0,0,1,0,0,0,0,0,0,0,0,0,0,0
109383,oversimplification of her beauty an,2012.0,0,0,0,1,0,1,0,0,1,0,0,0,0,0,0,1,0,0,0,0
109416,bring it on fight to the finish,2009.0,0,0,0,0,0,1,0,0,0,0,0,0,0,0,0,0,0,0,0,0
109483,that awkward moment,2014.0,0,0,0,0,0,1,0,0,0,0,0,0,0,0,0,1,0,0,0,0
109487,interstellar,2014.0,0,0,0,0,0,0,0,0,0,0,0,0,1,0,0,0,1,0,0,0
109569,3 days to kill,2014.0,0,1,0,0,0,0,1,0,1,0,0,0,0,0,0,0,0,0,0,0
109576,welcome to the jungle,2013.0,0,0,0,0,0,1,0,0,0,0,0,0,0,0,0,0,0,0,0,0
109578,nonstop,2014.0,0,1,0,0,0,0,0,0,0,0,0,0,0,0,1,0,0,1,0,0
109596,wrinkles arrugas,2011.0,0,0,0,1,0,0,0,0,1,0,0,0,0,0,0,0,0,0,0,0
109633,garden of words the koto no ha no niwa,2013.0,0,0,0,1,0,0,0,0,0,0,0,0,0,0,0,1,0,0,0,0
109673,300 rise of an empire,2014.0,0,1,0,0,0,0,0,0,1,0,0,0,1,0,0,0,0,0,1,0
109687,particle fever,2013.0,0,0,0,0,0,0,0,1,0,0,0,0,0,0,0,0,0,0,0,0
109723,bag man the,2014.0,0,0,0,0,0,0,1,0,1,0,0,0,0,0,0,0,0,1,0,0
109846,mr peabody  sherman,2014.0,0,0,1,1,0,1,0,0,0,0,0,0,0,0,0,0,0,0,0,0
109848,under the skin,2013.0,0,0,0,0,0,0,0,0,0,0,0,1,0,0,0,0,1,1,0,0
109850,need for speed,2014.0,0,1,0,0,0,0,1,0,1,0,0,0,1,0,0,0,0,0,0,0
109853,barefoot,2014.0,0,0,0,0,0,1,0,0,1,0,0,0,0,0,0,1,0,0,0,0
109864,veronica mars,2014.0,0,0,0,0,0,1,1,0,1,0,0,0,0,0,0,0,0,0,0,0
109895,bad words,2013.0,0,0,0,0,0,1,0,0,0,0,0,0,0,0,0,0,0,0,0,0
109897,son of god,2014.0,0,0,0,0,0,0,0,0,1,0,0,0,0,0,0,0,0,0,0,0
109941,puss in boots the three diablos,2012.0,0,0,0,1,0,1,0,0,0,0,0,0,0,0,0,0,0,0,0,0
109968,why dont you play in hell jigoku de naze warui,2013.0,0,1,0,0,0,0,0,0,1,0,0,0,0,0,0,0,0,0,0,0
109971,ocho apellidos vascos,2014.0,0,0,0,0,0,1,0,0,0,0,0,0,0,0,0,0,0,0,0,0
110102,captain america the winter soldier,2014.0,0,1,1,0,0,0,0,0,0,0,0,0,1,0,0,0,1,0,0,0
110127,noah,2014.0,0,0,1,0,0,0,0,0,1,0,0,0,1,0,0,0,0,0,0,0
110130,nut job the,2014.0,0,0,1,1,1,1,0,0,0,0,0,0,0,0,0,0,0,0,0,0
110281,king of comedy hei kek ji wong,1999.0,0,0,0,0,0,1,0,0,1,0,0,0,0,0,0,1,0,0,0,0
110286,13 sins,2014.0,0,0,0,0,0,0,0,0,0,0,0,1,0,0,0,0,0,1,0,0
110297,muppets most wanted,2014.0,0,0,1,0,0,1,1,0,0,0,0,0,0,0,0,0,0,0,0,0
110330,me and you io e te,2012.0,0,0,0,0,0,0,0,0,1,0,0,0,0,0,0,0,0,0,0,0
110350,free to play,2014.0,0,0,0,0,0,0,0,1,0,0,0,0,0,0,0,0,0,0,0,0
110387,unknown known the,2013.0,0,0,0,0,0,0,0,1,0,0,0,0,0,0,0,0,0,0,0,0
110501,the raid 2 berandal,2014.0,0,1,0,0,0,0,1,0,0,0,0,0,0,0,0,0,0,1,0,0
110541,brain smasher a love story bouncer and the lady the,1993.0,0,1,0,0,0,1,0,0,0,0,0,0,0,0,0,0,0,0,0,0
110553,the amazing spiderman 2,2014.0,0,1,0,0,0,0,0,0,0,0,0,0,1,0,0,0,1,0,0,0
110586,calvary,2014.0,0,0,0,0,0,1,0,0,1,0,0,0,0,0,0,0,0,0,0,0
110591,oculus,2013.0,0,0,0,0,0,0,0,0,0,0,0,1,0,0,0,0,0,0,0,0
110603,gods not dead,2014.0,0,0,0,0,0,0,0,0,1,0,0,0,0,0,0,0,0,0,0,0
110611,cold in july,2014.0,0,0,0,0,0,0,0,0,1,0,0,0,0,0,0,0,0,1,0,0
110655,rio 2,2014.0,0,0,1,1,1,1,0,0,0,0,0,0,0,0,0,0,0,0,0,0
110669,honest liar an,2014.0,0,0,0,0,0,1,0,1,0,0,0,0,0,0,0,0,0,0,0,0
110718,fading gigolo,2013.0,0,0,0,0,0,1,0,0,0,0,0,0,0,0,0,0,0,0,0,0
110730,transcendence,2014.0,0,0,0,0,0,0,0,0,1,0,0,0,1,0,0,0,1,0,0,0
110746,hatchet iii,2013.0,0,0,0,0,0,1,0,0,0,0,0,1,0,0,0,0,0,0,0,0
110771,other woman the,2014.0,0,0,0,0,0,1,0,0,0,0,0,0,0,0,0,1,0,0,0,0
110773,haunted house 2 a,2014.0,0,0,0,0,0,1,0,0,0,0,0,1,0,0,0,0,0,0,0,0
110781,mulan ii,2004.0,0,1,0,1,1,1,0,0,0,0,0,0,0,1,0,0,0,0,0,0
110826,brick mansions,2014.0,0,1,0,0,0,0,1,0,1,0,0,0,0,0,0,0,0,0,0,0
110882,locke,2013.0,0,0,0,0,0,0,0,0,1,0,0,0,0,0,0,0,0,0,0,0
111113,neighbors,2014.0,0,0,0,0,0,1,0,0,0,0,0,0,0,0,0,0,0,0,0,0
111146,alpha and omega 3 the great wolf games,2014.0,0,1,1,1,1,1,0,0,0,0,0,0,0,0,0,0,0,0,0,0
111320,moms night out,2014.0,0,0,0,0,0,1,0,0,0,0,0,0,0,0,0,0,0,0,0,0
111360,lucy,2014.0,0,1,0,0,0,0,0,0,0,0,0,0,0,0,0,0,1,0,0,0
111362,xmen days of future past,2014.0,0,1,1,0,0,0,0,0,0,0,0,0,0,0,0,0,1,0,0,0
111364,godzilla,2014.0,0,1,1,0,0,0,0,0,0,0,0,0,1,0,0,0,1,0,0,0
111375,walk of shame,2014.0,0,0,0,0,0,1,0,0,0,0,0,0,0,0,0,0,0,0,0,0
111384,blue ruin,2013.0,0,0,0,0,0,0,0,0,0,0,0,0,0,0,0,0,0,1,0,0
111443,chef,2014.0,0,0,0,0,0,1,0,0,0,0,0,0,0,0,0,0,0,0,0,0
111551,afflicted,2013.0,0,0,0,0,0,0,0,0,0,0,0,1,0,0,0,0,1,1,0,0
111617,blended,2014.0,0,0,0,0,0,1,0,0,0,0,0,0,0,0,0,0,0,0,0,0
111622,begin again,2013.0,0,0,0,0,0,1,0,0,0,0,0,0,0,0,0,1,0,0,0,0
111659,maleficent,2014.0,0,1,1,0,1,0,0,0,0,0,0,0,1,0,0,0,0,0,0,0
111663,zombeavers,2014.0,0,1,0,0,0,1,0,0,0,0,0,1,0,0,0,0,0,0,0,0
111680,at middleton,2013.0,0,0,0,0,0,1,0,0,0,0,0,0,0,0,0,1,0,0,0,0
111732,dance of reality the danza de la realidad la,2013.0,0,0,0,0,0,0,0,0,1,1,0,0,0,0,0,0,0,0,0,0
111743,a million ways to die in the west,2014.0,0,0,0,0,0,1,0,0,0,0,0,0,0,0,0,0,0,0,0,1
111759,edge of tomorrow,2014.0,0,1,0,0,0,0,0,0,0,0,0,0,1,0,0,0,1,0,0,0
111781,mission impossible  rogue nation,2015.0,0,1,1,0,0,0,0,0,0,0,0,0,0,0,0,0,0,1,0,0
111785,midnight chronicles,2009.0,0,1,1,0,0,0,0,0,0,1,0,0,0,0,0,0,0,0,0,0
111795,million dollar arm,2014.0,0,0,0,0,0,1,0,0,1,0,0,0,0,0,0,0,0,0,0,0
111800,gbf,2013.0,0,0,0,0,0,1,0,0,0,0,0,0,0,0,0,0,0,0,0,0
111817,jimi all is by my side,2013.0,0,0,0,0,0,0,0,0,1,0,0,0,0,0,0,0,0,0,0,0
111844,bad asses bad ass 2,2014.0,0,1,0,0,0,0,0,0,1,0,0,0,0,0,0,0,0,0,0,0
111913,lilting,2014.0,0,0,0,0,0,0,0,0,1,0,0,0,0,0,0,0,0,0,0,0
111921,the fault in our stars,2014.0,0,0,0,0,0,0,0,0,1,0,0,0,0,0,0,1,0,0,0,0
112006,tangled ever after,2012.0,0,1,0,1,1,0,0,0,0,0,0,0,0,0,0,0,0,0,0,0
112070,maps to the stars,2014.0,0,0,0,0,0,0,0,0,1,0,0,0,0,0,0,0,0,0,0,0
112138,22 jump street,2014.0,0,1,0,0,0,1,1,0,0,0,0,0,0,0,0,0,0,0,0,0
112171,equalizer the,2014.0,0,1,0,0,0,0,1,0,0,0,0,0,0,0,0,0,0,1,0,0
112175,how to train your dragon 2,2014.0,0,1,1,1,0,0,0,0,0,0,0,0,0,0,0,0,0,0,0,0
112183,birdman or the unexpected virtue of ignorance,2014.0,0,0,0,0,0,1,0,0,1,0,0,0,0,0,0,0,0,0,0,0
112290,boyhood,2014.0,0,0,0,0,0,0,0,0,1,0,0,0,0,0,0,0,0,0,0,0
112303,think like a man too,2014.0,0,0,0,0,0,1,0,0,0,0,0,0,0,0,0,1,0,0,0,0
112316,jersey boys,2014.0,0,0,0,0,0,0,0,0,1,0,0,0,0,1,0,0,0,0,0,0
112326,nick fury agent of shield,1998.0,0,1,0,0,0,0,0,0,0,0,0,0,0,0,0,0,1,0,0,0
112334,internets own boy the story of aaron swartz the,2014.0,0,0,0,0,0,0,0,1,0,0,0,0,0,0,0,0,0,0,0,0
112370,transformers age of extinction,2014.0,0,1,1,0,0,0,0,0,0,0,0,0,0,0,0,0,1,0,0,0
112421,frank,2014.0,0,0,0,0,0,1,0,0,1,0,0,0,0,0,1,0,0,0,0,0
112450,they came together,2014.0,0,0,0,0,0,1,0,0,0,0,0,0,0,0,0,1,0,0,0,0
112454,honey miele,2013.0,0,0,0,0,0,0,0,0,1,0,0,0,0,0,0,0,0,0,0,0
112460,planes fire  rescue,2014.0,0,0,1,1,0,1,0,0,0,0,0,0,0,0,0,0,0,0,0,0
112497,tammy,2014.0,0,0,0,0,0,1,0,0,0,0,0,0,0,0,0,0,0,0,0,0
112512,colourful karafuru,2010.0,0,0,0,1,0,0,0,0,1,1,0,0,0,0,1,0,0,0,0,0
112515,babadook the,2014.0,0,0,0,0,0,0,0,0,1,0,0,1,0,0,0,0,0,1,0,0
112552,whiplash,2014.0,0,0,0,0,0,0,0,0,1,0,0,0,0,0,0,0,0,0,0,0
112556,gone girl,2014.0,0,0,0,0,0,0,0,0,1,0,0,0,0,0,0,0,0,1,0,0
112580,angriest man in brooklyn the,2014.0,0,0,0,0,0,1,0,0,1,0,0,0,0,0,0,0,0,0,0,0
112623,dawn of the planet of the apes,2014.0,0,0,0,0,0,0,0,0,0,0,0,0,0,0,0,0,1,0,0,0
112727,deliver us from evil,2014.0,0,0,0,0,0,0,1,0,0,0,0,1,0,0,0,0,0,1,0,0
112749,and so it goes,2014.0,0,0,0,0,0,1,0,0,1,0,0,0,0,0,0,1,0,0,0,0
112788,sex tape,2014.0,0,0,0,0,0,1,0,0,0,0,0,0,0,0,0,0,0,0,0,0
112804,i origins,2014.0,0,0,0,0,0,0,0,0,1,0,0,0,0,0,0,0,1,0,0,0
112818,purge anarchy the,2014.0,0,1,0,0,0,0,0,0,0,0,0,1,0,0,0,0,0,1,0,0
112852,guardians of the galaxy,2014.0,0,1,1,0,0,0,0,0,0,0,0,0,0,0,0,0,1,0,0,0
112868,signal the,2014.0,0,0,0,0,0,0,0,0,0,0,0,0,0,0,0,0,1,1,0,0
112897,the expendables 3,2014.0,0,1,1,0,0,0,0,0,0,0,0,0,0,0,0,0,0,0,0,0
112911,hercules,2014.0,0,1,1,0,0,0,0,0,0,0,0,0,0,0,0,0,0,0,0,0
112940,a most wanted man,2014.0,0,0,0,0,0,0,0,0,0,0,0,0,0,0,0,0,0,1,0,0
113159,life after beth,2014.0,0,0,0,0,0,1,0,0,0,0,0,1,0,0,0,1,0,0,0,0
113186,felony,2013.0,0,0,0,0,0,0,0,0,0,0,0,0,0,0,0,0,0,1,0,0
113207,get on up,2014.0,0,0,0,0,0,0,0,0,1,0,0,0,0,1,0,0,0,0,0,0
113225,magic in the moonlight,2014.0,0,0,0,0,0,1,0,0,1,0,0,0,0,0,0,1,0,0,0,0
113252,housebound,2014.0,0,0,0,0,0,1,0,0,0,0,0,1,0,0,0,0,0,1,0,0
113275,the hundredfoot journey,2014.0,0,0,0,0,0,1,0,0,1,0,0,0,0,0,0,0,0,0,0,0
113278,batman assault on arkham,2014.0,0,1,0,1,0,0,1,0,0,0,0,0,0,0,0,0,0,1,0,0
113280,white frog,2012.0,0,0,0,0,0,0,0,0,1,0,0,0,0,0,0,0,0,0,0,0
113313,den the,2013.0,0,0,0,0,0,0,0,0,0,0,0,1,0,0,0,0,0,1,0,0
113345,jupiter ascending,2015.0,0,1,1,0,0,0,0,0,0,0,0,0,0,0,0,0,1,0,0,0
113348,teenage mutant ninja turtles,2014.0,0,1,1,0,0,1,0,0,0,0,0,0,0,0,0,0,0,0,0,0
113350,ill follow you down,2013.0,0,0,0,0,0,0,0,0,1,0,0,0,0,0,1,0,1,0,0,0
113374,old lady and the pigeons the la vieille dame et les pigeons,1997.0,0,0,0,1,0,1,0,0,0,0,0,0,0,0,0,0,0,0,0,0
113378,giver the,2014.0,0,0,0,0,0,0,0,0,1,0,0,0,0,0,0,0,1,0,0,0
113394,pretty one the,2013.0,0,0,0,0,0,1,0,0,1,0,0,0,0,0,0,0,0,0,0,0
113416,revenge of the green dragons,2014.0,0,1,0,0,0,0,1,0,1,0,0,0,0,0,0,0,0,0,0,0
113453,lets be cops,2014.0,0,0,0,0,0,1,1,0,0,0,0,0,0,0,0,0,0,0,0,0
113532,inbetweeners 2 the,2014.0,0,0,0,0,0,1,0,0,0,0,0,0,0,0,0,0,0,0,0,0
113565,sacrament the,2013.0,0,0,0,0,0,0,0,0,0,0,0,1,0,0,0,0,0,1,0,0
113573,sin city a dame to kill for,2014.0,0,1,0,0,0,0,1,0,0,0,0,0,0,0,0,0,0,1,0,0
113604,if i stay,2014.0,0,0,0,0,0,0,0,0,1,0,0,0,0,0,0,0,0,0,0,0
113705,two days one night deux jours une nuit,2014.0,0,0,0,0,0,0,0,0,1,0,0,0,0,0,0,0,0,0,0,0
113741,coherence,2013.0,0,0,0,0,0,0,0,0,1,0,0,0,0,0,1,0,1,1,0,0
113780,as above so below,2014.0,0,0,0,0,0,0,0,0,0,0,0,1,0,0,0,0,0,1,0,0
113829,one i love the,2014.0,0,0,0,0,0,1,0,0,1,0,0,0,0,0,0,1,0,0,0,0
113849,headshot,2011.0,0,0,0,0,0,0,1,0,1,0,0,0,0,0,0,0,0,1,0,0
113862,guest the,2014.0,0,0,0,0,0,0,0,0,0,0,0,0,0,0,0,0,0,1,0,0
114028,pride,2014.0,0,0,0,0,0,1,0,0,1,0,0,0,0,0,0,0,0,0,0,0
114044,honeymoon,2014.0,0,0,0,0,0,0,0,0,0,0,0,1,0,0,0,0,0,0,0,0
114060,the drop,2014.0,0,0,0,0,0,0,1,0,1,0,0,0,0,0,0,0,0,1,0,0
114066,20000 days on earth,2014.0,0,0,0,0,0,0,0,1,1,0,0,0,0,1,0,0,0,0,0,0
114074,the skeleton twins,2014.0,0,0,0,0,0,0,0,0,1,0,0,0,0,0,0,0,0,0,0,0
114126,beautiful losers,2008.0,0,0,0,0,0,0,0,1,0,0,0,0,0,0,0,0,0,0,0,0
114180,maze runner the,2014.0,0,1,0,0,0,0,0,0,0,0,0,0,0,0,1,0,1,0,0,0
114184,camp xray,2014.0,0,0,0,0,0,0,0,0,1,0,0,0,0,0,0,0,0,0,0,0
114246,walk among the tombstones a,2014.0,0,1,0,0,0,0,1,0,0,0,0,0,0,0,1,0,0,1,0,0
114265,laggies,2014.0,0,0,0,0,0,1,0,0,0,0,0,0,0,0,0,1,0,0,0,0
114335,la cravate,1957.0,1,0,0,0,0,0,0,0,0,0,0,0,0,0,0,0,0,0,0,0
114396,cesar chavez,2014.0,0,0,0,0,0,0,0,0,1,0,0,0,0,0,0,0,0,0,0,0
114494,who am i kein system ist sicher,2014.0,0,0,0,0,0,0,0,0,0,0,0,0,0,0,0,0,0,1,0,0
114554,tale of princess kaguya the kaguyahime no monogatari,2013.0,0,0,0,1,0,0,0,0,1,1,0,0,0,0,0,0,0,0,0,0
114601,this is where i leave you,2014.0,0,0,0,0,0,1,0,0,1,0,0,0,0,0,0,0,0,0,0,0
114627,angels egg tenshi no tamago,1985.0,0,0,0,1,0,0,0,0,1,1,0,0,0,0,0,0,0,0,0,0
114662,american sniper,2014.0,0,1,0,0,0,0,0,0,0,0,0,0,0,0,0,0,0,0,1,0
114670,tusk,2014.0,0,0,0,0,0,1,0,0,1,0,0,1,0,0,0,0,0,0,0,0
114678,hector and the search for happiness,2014.0,0,0,1,0,0,1,0,0,1,0,0,0,0,0,0,0,0,0,0,0
114707,horns,2014.0,0,0,0,0,0,0,0,0,0,0,0,1,0,0,1,0,0,0,0,0
114713,annabelle,2014.0,0,0,0,0,0,0,0,0,0,0,0,1,0,0,0,0,0,0,0,0
114762,two night stand,2014.0,0,0,0,0,0,1,0,0,0,0,0,0,0,0,0,1,0,0,0,0
114795,dracula untold,2014.0,0,1,0,0,0,0,0,0,1,1,0,0,0,0,0,0,0,0,0,0
114818,stretch,2014.0,0,1,0,0,0,1,1,0,0,0,0,0,0,0,0,0,0,0,0,0
114847,autómata automata,2014.0,0,0,0,0,0,0,0,0,0,0,0,0,0,0,0,0,1,1,0,0
114925,captive the,2014.0,0,0,0,0,0,0,1,0,1,0,0,0,0,0,0,0,0,1,0,0
114935,predestination,2014.0,0,1,0,0,0,0,0,0,0,0,0,0,0,0,1,0,1,1,0,0
115065,justin and the knights of valour,2013.0,0,0,1,1,0,0,0,0,0,0,0,0,0,0,0,0,0,0,0,0
115111,ward 13,2003.0,0,1,0,1,0,1,0,0,0,0,0,1,0,0,0,0,0,0,0,0
115122,what we do in the shadows,2014.0,0,0,0,0,0,1,0,0,0,0,0,1,0,0,0,0,0,0,0,0
115149,john wick,2014.0,0,1,0,0,0,0,0,0,0,0,0,0,0,0,0,0,0,1,0,0
115151,plastic,2014.0,0,1,0,0,0,0,1,0,0,0,0,0,0,0,0,0,0,0,0,0
115170,judge the,2014.0,0,0,0,0,0,0,0,0,1,0,0,0,0,0,0,0,0,0,0,0
115203,culture high the,2014.0,0,0,0,0,0,0,0,1,0,0,0,0,0,0,0,0,0,0,0,0
115210,fury,2014.0,0,1,0,0,0,0,0,0,1,0,0,0,0,0,0,0,0,0,1,0
115216,salvation the,2014.0,0,0,0,0,0,0,0,0,1,0,0,0,0,0,0,0,0,0,0,1
115231,st vincent,2014.0,0,0,0,0,0,1,0,0,0,0,0,0,0,0,0,0,0,0,0,0
115502,rewrite the,2014.0,0,0,0,0,0,1,0,0,0,0,0,0,0,0,0,1,0,0,0,0
115569,nightcrawler,2014.0,0,0,0,0,0,0,1,0,1,0,0,0,0,0,0,0,0,1,0,0
115617,big hero 6,2014.0,0,1,0,1,0,1,0,0,0,0,0,0,0,0,0,0,0,0,0,0
115664,the book of life,2014.0,0,0,1,1,0,0,0,0,0,0,0,0,0,0,0,1,0,0,0,0
115667,love rosie,2014.0,0,0,0,0,0,1,0,0,0,0,0,0,0,0,0,1,0,0,0,0
115680,time lapse,2014.0,0,0,0,0,0,0,1,0,1,0,0,0,0,0,0,0,1,1,0,0
115713,ex machina,2015.0,0,0,0,0,0,0,0,0,1,0,0,0,0,0,0,0,1,1,0,0
115727,crippled avengers can que return of the 5 deadly venoms,1981.0,0,1,1,0,0,0,0,0,0,0,0,0,0,0,0,0,0,0,0,0
115819,mr hublot,2013.0,0,0,0,1,0,1,0,0,0,0,0,0,0,0,0,0,0,0,0,0
115828,copenhagen,2014.0,0,0,1,0,0,0,0,0,1,0,0,0,0,0,0,1,0,0,0,0
115877,simpsons the longest daycare the,2012.0,0,0,0,1,0,1,0,0,0,0,0,0,0,0,0,0,0,0,0,0
115969,generation war,2013.0,0,0,0,0,0,0,0,0,1,0,0,0,0,0,0,0,0,0,1,0
116044,christmas in connecticut,1992.0,0,0,0,0,0,1,0,0,0,0,0,0,0,0,0,1,0,0,0,0
116138,leviathan,2014.0,0,0,0,0,0,0,0,0,1,0,0,0,0,0,0,0,0,0,0,0
116169,reign of assassins,2010.0,0,1,0,0,0,0,0,0,0,0,0,0,0,0,0,0,0,0,0,0
116207,zulu,2013.0,0,0,0,0,0,0,1,0,1,0,0,0,0,0,0,0,0,1,0,0
116411,tangerines,2013.0,0,0,0,0,0,0,0,0,1,0,0,0,0,0,0,0,0,0,0,0
116413,life partners,2014.0,0,0,0,0,0,1,0,0,0,0,0,0,0,0,0,1,0,0,0,0
116419,drive hard,2014.0,0,1,0,0,0,1,1,0,0,0,0,0,0,0,0,0,0,0,0,0
116505,new kids nitro,2011.0,0,1,0,0,0,1,0,0,0,0,0,0,0,0,0,0,0,0,0,0
116529,stalingrad,2013.0,0,1,0,0,0,0,0,0,1,0,0,0,1,0,0,0,0,0,1,0
116668,dead snow 2 red vs dead,2014.0,0,1,0,0,0,1,0,0,0,0,0,1,0,0,0,0,0,0,0,0
116718,volga  volga,1938.0,0,0,0,0,0,1,0,0,0,0,0,0,0,1,0,0,0,0,0,0
116724,you are the apple of my eye,2011.0,0,0,0,0,0,1,0,0,1,0,0,0,0,0,0,1,0,0,0,0
116738,deadheads,2011.0,0,0,1,0,0,1,0,0,0,0,0,1,0,0,0,0,0,0,0,0
116797,the imitation game,2014.0,0,0,0,0,0,0,0,0,1,0,0,0,0,0,0,0,0,1,1,0
116799,inherent vice,2014.0,0,0,0,0,0,1,1,0,1,0,0,0,0,0,1,1,0,0,0,0
116817,rudderless,2014.0,0,0,0,0,0,1,0,0,1,0,0,0,0,0,0,0,0,0,0,0
116823,the hunger games mockingjay  part 1,2014.0,0,0,1,0,0,0,0,0,0,0,0,0,0,0,0,0,1,1,0,0
116849,sex ed,2014.0,0,0,0,0,0,1,0,0,0,0,0,0,0,0,0,1,0,0,0,0
116887,exodus gods and kings,2014.0,0,1,1,0,0,0,0,0,1,0,0,0,0,0,0,0,0,0,0,0
116897,wild tales,2014.0,0,0,0,0,0,1,0,0,1,0,0,0,0,0,0,0,0,1,0,0
116941,jetsons the movie,1990.0,0,0,0,1,1,1,0,0,0,0,0,0,0,1,0,0,1,0,0,0
116963,ski school,1991.0,0,0,0,0,0,1,0,0,0,0,0,0,0,0,0,0,0,0,0,0
116977,dumb and dumber to,2014.0,0,0,0,0,0,1,0,0,0,0,0,0,0,0,0,0,0,0,0,0
116985,the longest week,2014.0,0,0,0,0,0,1,0,0,1,0,0,0,0,0,0,0,0,0,0,0
117107,miss meadows,2014.0,0,0,0,0,0,0,0,0,1,0,0,0,0,0,0,0,0,0,0,0
117109,too many cooks,2014.0,0,0,0,0,0,1,0,0,0,0,0,0,0,0,0,0,0,0,0,0
117133,painted skin,2008.0,0,1,0,0,0,0,0,0,1,0,0,0,0,0,0,0,0,1,0,0
117176,the theory of everything,2014.0,0,0,0,0,0,0,0,0,1,0,0,0,0,0,0,1,0,0,0,0
117192,doctor who the time of the doctor,2013.0,0,0,1,0,0,0,0,0,1,0,0,0,0,0,0,0,0,0,0,0
117364,virunga,2014.0,0,0,0,0,0,0,0,1,0,0,0,0,0,0,0,0,0,0,1,0
117368,the madagascar penguins in a christmas caper,2005.0,0,0,0,1,0,1,0,0,0,0,0,0,0,0,0,0,0,0,0,0
117444,song of the sea,2014.0,0,0,0,1,1,0,0,0,0,1,0,0,0,0,0,0,0,0,0,0
117466,in the heart of the sea,2015.0,0,1,1,0,0,0,0,0,1,0,0,0,0,0,0,0,0,0,0,0
117511,hello ladies the movie,2014.0,0,0,0,0,0,1,0,0,0,0,0,0,0,0,0,0,0,0,0,0
117529,jurassic world,2015.0,0,1,1,0,0,0,0,0,1,0,0,0,0,0,0,0,1,1,0,0
117531,watermark,2014.0,0,0,0,0,0,0,0,1,0,0,0,0,0,0,0,0,0,0,0,0
117533,citizenfour,2014.0,0,0,0,0,0,0,0,1,0,0,0,0,0,0,0,0,0,0,0,0
117545,asterix the land of the gods astérix le domaine des dieux,2014.0,0,0,0,1,0,0,0,0,0,0,0,0,0,0,0,0,0,0,0,0
117572,hit by lightning,2014.0,0,0,0,0,0,1,1,0,0,0,0,0,0,0,0,1,0,0,0,0
117590,horrible bosses 2,2014.0,0,0,0,0,0,1,1,0,0,0,0,0,0,0,0,0,0,0,0,0
117630,double trouble,1992.0,0,1,0,0,0,1,1,0,0,0,0,0,0,0,0,1,0,0,0,0
117646,dragonheart 2 a new beginning,2000.0,0,1,1,0,0,1,0,0,1,1,0,0,0,0,0,0,0,1,0,0
117849,la belle verte,1996.0,0,0,0,0,0,1,0,0,0,0,0,0,0,0,0,0,0,0,0,0
117851,penguins of madagascar,2014.0,0,0,1,1,1,1,0,0,0,0,0,0,0,0,0,0,0,0,0,0
117867,71,2014.0,0,1,0,0,0,0,0,0,1,0,0,0,0,0,0,0,0,1,1,0
117877,the rabbis cat le chat du rabbin,2011.0,0,0,1,1,0,0,0,0,0,0,0,0,0,0,0,0,0,0,0,0
117881,still alice,2014.0,0,0,0,0,0,0,0,0,1,0,0,0,0,0,0,0,0,0,0,0
117887,paddington,2014.0,0,0,0,0,1,1,0,0,0,0,0,0,0,0,0,0,0,0,0,0
117895,maze runner scorch trials,2015.0,0,1,0,0,0,0,0,0,0,0,0,0,0,0,0,0,0,1,0,0
117922,ice age a mammoth christmas,2011.0,0,0,1,1,1,0,0,0,0,0,0,0,0,0,0,0,0,0,0,0
118082,the voices,2014.0,0,0,0,0,0,1,1,0,0,0,0,0,0,0,0,0,0,1,0,0
118166,courier,1987.0,0,0,0,0,0,1,0,0,1,0,0,0,0,0,0,1,0,0,0,0
118198,the green prince,2014.0,0,0,0,0,0,0,0,1,1,0,0,0,0,0,0,0,0,1,0,0
118248,dying of the light,2014.0,0,0,0,0,0,0,0,0,1,0,0,0,0,0,0,0,0,1,0,0
118270,hellbenders,2012.0,0,0,0,0,0,1,0,0,0,0,0,1,0,0,0,0,0,1,0,0
118290,omega doom,1996.0,0,0,0,0,0,0,0,0,0,0,0,0,0,0,0,0,1,0,0,0
118326,by the gun,2014.0,0,0,0,0,0,0,1,0,1,0,0,0,0,0,0,0,0,1,0,0
118354,kill the messenger,2014.0,0,0,0,0,0,0,1,0,1,0,0,0,0,0,1,0,0,1,0,0
118512,bring it on in it to win it,2007.0,0,0,0,0,0,1,0,0,0,0,0,0,0,0,0,0,0,0,0,0
118530,fans,1999.0,0,0,0,0,0,1,0,0,0,0,0,0,0,0,0,0,0,0,0,0
118572,the mule,2014.0,0,0,0,0,0,1,1,0,1,0,0,0,0,0,0,0,0,0,0,0
118696,the hobbit the battle of the five armies,2014.0,0,0,1,0,0,0,0,0,0,1,0,0,0,0,0,0,0,0,0,0
118700,selma,2014.0,0,0,0,0,0,0,0,0,1,0,0,0,0,0,0,0,0,0,0,0
118702,unbroken,2014.0,0,0,0,0,0,0,0,0,1,0,0,0,0,0,0,0,0,0,1,0
118706,black sea,2015.0,0,0,1,0,0,0,0,0,0,0,0,0,0,0,1,0,0,1,0,0
118784,good copy bad copy,2007.0,0,0,0,0,0,0,0,1,0,0,0,0,0,0,0,0,0,0,0,0
118814,playing it cool,2014.0,0,0,0,0,0,1,0,0,0,0,0,0,0,0,0,1,0,0,0,0
118834,national lampoons bag boy,2007.0,0,0,0,0,0,1,0,0,0,0,0,0,0,0,0,0,0,0,0,0
118862,closer to the moon,2013.0,0,0,0,0,0,1,0,0,1,0,0,0,0,0,0,0,0,0,0,0
118880,girl walks home alone at night a,2014.0,0,0,0,0,0,0,0,0,0,0,0,1,0,0,0,1,0,1,0,0
118888,dave chappelle for what its worth,2004.0,0,0,0,0,0,1,0,0,0,0,0,0,0,0,0,0,0,0,0,0
118894,scoobydoo abracadabradoo,2010.0,0,0,0,1,1,0,0,0,0,0,0,0,0,0,1,0,0,0,0,0
118896,mommy,2014.0,0,0,0,0,0,0,0,0,1,0,0,0,0,0,0,0,0,0,0,0
118900,wild,2014.0,0,0,0,0,0,0,0,0,1,0,0,0,0,0,0,0,0,0,0,0
118924,top five,2014.0,0,0,0,0,0,1,0,0,0,0,0,0,0,0,0,0,0,0,0,0
118930,bill burr im sorry you feel that way,2014.0,0,0,0,0,0,1,0,0,0,0,0,0,0,0,0,0,0,0,0,0
118985,big eyes,2014.0,0,0,0,0,0,0,0,0,1,0,0,0,0,0,0,0,0,0,0,0
118997,into the woods,2014.0,0,0,0,0,1,1,0,0,0,1,0,0,0,1,0,0,0,0,0,0
119068,men women  children,2014.0,0,0,0,0,0,1,0,0,1,0,0,0,0,0,0,0,0,0,0,0
119141,the interview,2014.0,0,1,0,0,0,1,0,0,0,0,0,0,0,0,0,0,0,0,0,0
119145,kingsman the secret service,2015.0,0,1,1,0,0,1,1,0,0,0,0,0,0,0,0,0,0,0,0,0
119153,bill burr you people are all the same,2012.0,0,0,0,0,0,1,0,0,0,0,0,0,0,0,0,0,0,0,0,0
119155,night at the museum secret of the tomb,2014.0,0,0,1,0,1,1,0,0,0,1,0,0,0,0,0,0,0,0,0,0
119167,paradox,2010.0,0,0,0,0,0,0,0,0,0,0,0,0,0,0,0,0,1,1,0,0
119218,the punisher dirty laundry,2012.0,0,1,0,0,0,0,1,0,1,0,0,0,0,0,0,0,0,0,0,0
119655,seventh son,2014.0,0,0,1,0,1,0,0,0,0,1,0,0,0,0,0,0,0,0,0,0
119714,corner gas the movie,2014.0,0,0,0,0,0,1,0,0,0,0,0,0,0,0,0,0,0,0,0,0
119828,a man called blade,1977.0,0,1,0,0,0,0,0,0,1,0,0,0,0,0,0,0,0,1,0,1
119964,a merry friggin christmas,2014.0,0,0,0,0,0,1,0,0,0,0,0,0,0,0,0,0,0,0,0,0
120130,into the forest of fireflies light,2011.0,0,0,0,1,0,0,0,0,1,1,0,0,0,0,0,0,0,0,0,0
120138,pk,2014.0,0,0,0,0,0,1,0,0,1,1,0,0,0,0,1,1,0,0,0,0
120466,chappie,2015.0,0,1,0,0,0,0,0,0,0,0,0,0,0,0,0,0,0,1,0,0
120478,the salt of the earth,2014.0,0,0,0,0,0,0,0,1,0,0,0,0,0,0,0,0,0,0,0,0
120625,the fool,2014.0,0,0,0,0,0,0,0,0,1,0,0,0,0,0,0,0,0,0,0,0
120635,taken 3,2015.0,0,1,0,0,0,0,1,0,0,0,0,0,0,0,0,0,0,1,0,0
120637,blackhat,2015.0,0,1,0,0,0,0,1,0,1,0,0,0,0,0,1,0,0,1,0,0
120761,by the law,1926.0,0,0,0,0,0,0,0,0,1,0,0,0,0,0,0,0,0,0,0,0
120783,son of a gun,2014.0,0,1,0,0,0,0,1,0,1,0,0,0,0,0,0,0,0,0,0,0
120799,terminator genisys,2015.0,0,1,1,0,0,0,0,0,0,0,0,0,0,0,0,0,1,1,0,0
120807,john mulaney new in town,2012.0,0,0,0,0,0,1,0,0,0,0,0,0,0,0,0,0,0,0,0,0
120813,patton oswalt my weakness is strong,2009.0,0,0,0,0,0,1,0,0,0,0,0,0,0,0,0,0,0,0,0,0
120827,the hound of the baskervilles,1988.0,0,0,0,0,0,0,1,0,1,0,0,1,0,0,1,0,0,0,0,0
120919,man on high heels,2014.0,0,1,0,0,0,1,0,0,0,0,0,0,0,0,0,0,0,0,0,0
121007,space buddies,2009.0,0,0,1,0,1,0,0,0,0,1,0,0,0,0,0,0,1,0,0,0
121035,houdini,2014.0,0,0,0,0,0,0,0,0,1,0,0,0,0,0,0,0,0,0,0,0
121097,to grandmothers house we go,1992.0,0,0,1,0,1,1,0,0,0,0,0,0,0,0,0,0,0,0,0,0
121099,101 dalmatians ii patchs london adventure,2003.0,0,0,0,1,1,0,0,0,0,0,0,0,0,0,0,0,0,0,0,0
121129,the hungover games,2014.0,0,0,0,0,0,1,0,0,0,0,0,0,0,0,0,0,0,0,0,0
121169,the duke of burgundy,2014.0,0,0,0,0,0,0,0,0,1,0,0,0,0,0,0,0,0,0,0,0
121171,red army,2014.0,0,0,0,0,0,0,0,1,0,0,0,0,0,0,0,0,0,0,0,0
121231,it follows,2014.0,0,0,0,0,0,0,0,0,0,0,0,1,0,0,0,0,0,0,0,0
121253,the town that dreaded sundown,2014.0,0,0,0,0,0,0,0,0,0,0,0,1,0,0,0,0,0,1,0,0
121338,carry on cabby,1963.0,0,0,1,0,0,1,0,0,0,0,0,0,0,0,0,1,0,0,0,0
121342,carry on cruising,1962.0,0,0,0,0,0,1,0,0,0,0,0,0,0,0,0,1,0,0,0,0
121372,bill burr let it go,2010.0,0,0,0,0,0,1,0,0,0,0,0,0,0,0,0,0,0,0,0,0
121374,bill burr why do i do this,2008.0,0,0,0,0,0,1,0,0,0,0,0,0,0,0,0,0,0,0,0,0
121469,killer movie,2008.0,0,0,0,0,0,1,0,0,0,0,0,1,0,0,1,0,0,1,0,0
121715,sebastian maniscalco whats wrong with people,2012.0,0,0,0,0,0,1,0,0,0,0,0,0,0,0,0,0,0,0,0,0
121781,stuart little 3 call of the wild,2005.0,0,0,0,1,1,1,0,0,0,1,0,0,0,0,0,0,0,0,0,0
122092,guy x,2005.0,0,0,0,0,0,1,0,0,0,0,0,0,0,0,0,0,0,0,1,0
122246,tooth fairy 2,2012.0,0,0,0,0,1,1,0,0,0,0,0,0,0,0,0,0,0,0,0,0
122260,the diary of anne frank,2009.0,0,0,0,0,0,0,0,0,1,0,0,0,0,0,0,0,0,0,1,0
122433,the deadly bees,1967.0,0,0,0,0,0,0,0,0,0,0,0,1,0,0,1,0,0,1,0,0
122490,wicked blood,2014.0,0,1,0,0,0,0,0,0,1,0,0,0,0,0,0,0,0,1,0,0
122627,oblivion 2 backlash,1996.0,0,0,0,0,0,0,0,0,0,0,0,0,0,0,0,0,1,0,0,0
122882,mad max fury road,2015.0,0,1,1,0,0,0,0,0,0,0,0,0,0,0,0,0,1,1,0,0
122884,insidious chapter 3,2015.0,0,0,0,0,0,0,0,0,0,1,0,1,0,0,0,0,0,1,0,0
122886,star wars episode vii  the force awakens,2015.0,0,1,1,0,0,0,0,0,0,1,0,0,1,0,0,0,1,0,0,0
122888,benhur,2016.0,1,0,0,0,0,0,0,0,0,0,0,0,0,0,0,0,0,0,0,0
122890,warcraft,2016.0,0,1,1,0,0,0,0,0,0,1,0,0,0,0,0,0,0,0,0,0
122892,avengers age of ultron,2015.0,0,1,1,0,0,0,0,0,0,0,0,0,0,0,0,0,1,0,0,0
122896,pirates of the caribbean dead men tell no tales,2017.0,1,0,0,0,0,0,0,0,0,0,0,0,0,0,0,0,0,0,0,0
122898,justice league,2017.0,0,1,1,0,0,0,0,0,0,0,0,0,0,0,0,0,1,0,0,0
122900,antman,2015.0,0,1,1,0,0,0,0,0,0,0,0,0,0,0,0,0,1,0,0,0
122902,fantastic four,2015.0,0,1,1,0,0,0,0,0,0,1,0,0,0,0,0,0,1,0,0,0
122904,deadpool,2016.0,0,1,1,0,0,1,0,0,0,0,0,0,0,0,0,0,1,0,0,0
122906,black panther,2017.0,0,1,1,0,0,0,0,0,0,0,0,0,0,0,0,0,1,0,0,0
122912,avengers infinity war  part i,2018.0,0,1,1,0,0,0,0,0,0,0,0,0,0,0,0,0,1,0,0,0
122916,thor ragnarok,2017.0,0,1,1,0,0,0,0,0,0,0,0,0,0,0,0,0,1,0,0,0
122918,guardians of the galaxy 2,2017.0,0,1,1,0,0,0,0,0,0,0,0,0,0,0,0,0,1,0,0,0
122920,captain america civil war,2016.0,0,1,0,0,0,0,0,0,0,0,0,0,0,0,0,0,1,1,0,0
122922,doctor strange,2016.0,0,1,1,0,0,0,0,0,0,0,0,0,0,0,0,0,1,0,0,0
122924,xmen apocalypse,2016.0,0,1,1,0,0,0,0,0,0,1,0,0,0,0,0,0,1,0,0,0
122926,untitled spiderman reboot,2017.0,0,1,1,0,0,0,0,0,0,1,0,0,0,0,0,0,0,0,0,0
122932,elsa  fred,2014.0,0,0,0,0,1,1,0,0,0,0,0,0,0,0,0,1,0,0,0,0
123200,jim jefferies i swear to god,2009.0,0,0,0,0,0,1,0,0,0,0,0,0,0,0,0,0,0,0,0,0
123310,tornado,1996.0,0,1,0,0,0,0,0,0,0,0,0,0,0,0,0,0,0,0,0,0
123545,the blue lagoon,1949.0,0,0,0,0,0,0,0,0,1,0,0,0,0,0,0,1,0,0,0,0
123553,in the name of the king iii,2014.0,0,1,1,0,0,0,0,0,1,1,0,0,0,0,0,0,0,0,0,0
123947,cake,2014.0,0,0,0,0,0,0,0,0,1,0,0,0,0,0,0,0,0,0,0,0
124273,kevin smith too fat for 40,2010.0,0,0,0,0,0,1,0,0,0,0,0,0,0,0,0,0,0,0,0,0
124404,snowflake the white gorilla,2011.0,0,0,1,1,1,1,0,0,0,0,0,0,0,0,0,0,0,0,0,0
124484,kenny  company,1976.0,0,0,0,0,0,1,0,0,1,0,0,0,0,0,0,0,0,0,0,0
124851,delirium,2014.0,0,0,1,0,0,0,0,0,0,0,0,0,0,0,0,1,1,0,0,0
124853,why man creates,1968.0,0,0,0,1,0,0,0,1,0,0,0,0,0,0,0,0,0,0,0,0
124859,the gambler,2014.0,0,0,0,0,0,0,1,0,1,0,0,0,0,0,0,0,0,1,0,0
125221,the beast of hollow mountain,1956.0,0,0,0,0,0,0,0,0,0,0,0,1,0,0,0,0,1,0,0,1
125914,mortdecai,2015.0,0,0,1,0,0,1,0,0,0,0,0,0,0,0,1,1,0,0,0,0
125916,fifty shades of grey,2015.0,0,0,0,0,0,0,0,0,1,0,0,0,0,0,0,1,0,0,0,0
125970,halloweentown,1998.0,0,0,1,0,1,1,0,0,0,1,0,0,0,0,0,0,0,0,0,0
125974,halloweentown high,2004.0,0,0,1,0,1,1,0,0,0,1,0,0,0,0,0,0,0,0,0,0
126088,a flintstones christmas carol,1994.0,0,0,0,1,1,1,0,0,0,0,0,0,0,0,0,0,0,0,0,0
126090,hedgehog in the fog,1975.0,0,0,0,1,0,0,0,0,0,0,0,0,0,0,0,0,0,0,0,0
126142,the cave of the golden rose,1991.0,0,0,1,0,1,0,0,0,0,1,0,0,0,0,0,0,0,0,0,0
126420,american heist,2015.0,0,1,0,0,0,0,0,0,0,0,0,0,0,0,0,0,0,0,0,0
126426,solyaris,1968.0,0,0,0,0,0,0,0,0,1,0,0,0,0,0,0,0,1,0,0,0
126430,the pacific,2010.0,0,1,1,0,0,0,0,0,1,0,0,0,0,0,0,0,0,0,1,0
126482,strange magic,2015.0,0,0,0,1,1,0,0,0,0,1,0,0,0,1,0,0,0,0,0,0
126548,the duff,2015.0,0,0,0,0,0,1,0,0,0,0,0,0,0,0,0,0,0,0,0,0
126577,daddy im a zombie,2012.0,0,0,0,1,0,1,0,0,0,1,0,0,0,0,0,0,0,0,0,0
126921,the fox and the hound 2,2006.0,0,0,1,1,1,1,0,0,0,0,0,0,0,0,0,0,0,0,0,0
127052,operation y  other shuriks adventures,1965.0,0,0,0,0,0,1,1,0,0,0,0,0,0,0,0,1,0,0,0,0
127096,project almanac,2015.0,0,0,0,0,0,0,0,0,0,0,0,0,0,0,0,0,1,1,0,0
127098,louis ck live at the comedy store,2015.0,0,0,0,0,0,1,0,0,0,0,0,0,0,0,0,0,0,0,0,0
127108,brooklyn,2015.0,0,0,0,0,0,0,0,0,1,0,0,0,0,0,0,1,0,0,0,0
127114,the end of the tour,2015.0,0,0,0,0,0,0,0,0,1,0,0,0,0,0,0,0,0,0,0,0
127116,experimenter,2015.0,0,0,0,0,0,0,0,0,1,0,0,0,0,0,0,0,0,0,0,0
127130,mistress america,2015.0,0,0,0,0,0,1,0,0,0,0,0,0,0,0,0,0,0,0,0,0
127132,zipper,2015.0,0,0,0,0,0,0,0,0,1,0,0,0,0,0,0,0,0,1,0,0
127134,a walk in the woods,2015.0,0,0,1,0,0,1,0,0,1,0,0,0,0,0,0,0,0,0,0,0
127136,true story,2015.0,0,0,0,0,0,0,0,0,1,0,0,0,0,0,1,0,0,1,0,0
127146,kurt cobain montage of heck,2015.0,0,0,0,0,0,0,0,1,0,0,0,0,0,0,0,0,0,0,0,0
127152,going clear scientology and the prison of belief,2015.0,0,0,0,0,0,0,0,1,0,0,0,0,0,0,0,0,0,0,0,0
127164,what happened miss simone,2015.0,0,0,0,0,0,0,0,1,0,0,0,0,0,0,0,0,0,0,0,0
127172,a story of children and film,2013.0,0,0,0,0,0,0,0,1,0,0,0,0,0,0,0,0,0,0,0,0
127180,story of film an odyssey the,2011.0,0,0,0,0,0,0,0,1,0,0,0,0,0,0,0,0,0,0,0,0
127184,eden,2014.0,0,0,0,0,0,0,0,0,1,0,0,0,0,0,0,0,0,0,0,0
127194,the d train,2015.0,0,0,0,0,0,1,0,0,0,0,0,0,0,0,0,0,0,0,0,0
127198,dope,2015.0,0,0,0,0,0,1,0,0,1,0,0,0,0,0,0,0,0,0,0,0
127202,me and earl and the dying girl,2015.0,0,0,0,0,0,0,0,0,1,0,0,0,0,0,0,0,0,0,0,0
127204,the overnight,2015.0,0,0,0,0,0,1,0,0,0,0,0,0,0,0,0,0,0,0,0,0
127212,the stanford prison experiment,2015.0,0,0,0,0,0,0,0,0,1,0,0,0,0,0,0,0,0,1,0,0
127298,a pigeon sat on a branch reflecting on existence,2014.0,0,0,0,0,0,1,0,0,1,0,0,0,0,0,0,0,0,0,0,0
127319,the loft,2014.0,0,0,0,0,0,0,0,0,0,0,0,0,0,0,0,0,0,1,0,0
127323,vice,2015.0,0,1,1,0,0,0,0,0,0,0,0,0,0,0,0,0,1,1,0,0
127390,family guy presents blue harvest,2007.0,0,0,0,1,0,1,0,0,0,0,0,0,0,0,0,0,0,0,0,0
128087,trinity and sartana are coming,1972.0,0,0,0,0,0,1,0,0,0,0,0,0,0,0,0,0,0,0,0,1
128089,kevin hart im a grown little man,2009.0,0,0,0,0,0,1,0,0,0,0,0,0,0,0,0,0,0,0,0,0
128097,jim norton american degenerate,2013.0,0,0,0,0,0,1,0,0,0,0,0,0,0,0,0,0,0,0,0,0
128099,jim jefferies bare,2014.0,0,0,0,0,0,1,0,0,0,0,0,0,0,0,0,0,0,0,0,0
128197,hard promises,1991.0,0,0,0,0,0,1,0,0,0,0,0,0,0,0,0,1,0,0,0,0
128360,the hateful eight,2015.0,0,0,0,0,0,0,0,0,0,0,0,0,0,0,0,0,0,0,0,1
128366,patton oswalt tragedy plus comedy equals time,2014.0,0,0,0,0,0,1,0,0,0,0,0,0,0,0,0,0,0,0,0,0
128488,wild card,2015.0,0,1,0,0,0,0,1,0,1,0,0,0,0,0,0,0,0,1,0,0
128512,paper towns,2015.0,0,0,0,0,0,0,0,0,1,0,0,0,0,0,1,1,0,0,0,0
128520,the wedding ringer,2015.0,0,0,0,0,0,1,0,0,0,0,0,0,0,0,0,0,0,0,0,0
128542,wyrmwood,2015.0,0,1,0,0,0,0,0,0,0,0,0,1,0,0,0,0,1,0,0,0
128592,the boy next door,2015.0,0,0,0,0,0,0,0,0,0,0,0,0,0,0,1,0,0,1,0,0
128594,boy meets girl,2015.0,0,0,0,0,0,1,0,0,1,0,0,0,0,0,0,1,0,0,0,0
128620,victoria,2015.0,0,0,0,0,0,0,1,0,1,0,0,0,0,0,0,1,0,0,0,0
128695,the dark valley,2014.0,0,0,0,0,0,0,0,0,0,0,0,0,0,0,0,0,0,0,0,1
128736,im here,2010.0,0,0,0,0,0,0,0,0,1,0,0,0,0,0,0,0,0,0,0,0
128832,the last five years,2014.0,0,0,0,0,0,1,0,0,1,0,0,0,0,1,0,1,0,0,0,0
128838,crimson peak,2015.0,0,0,0,0,0,0,0,0,0,0,0,1,0,0,0,0,0,0,0,0
128842,dragonheart 3 the sorcerers curse,2015.0,0,1,1,0,0,0,0,0,0,1,0,0,0,0,0,0,0,0,0,0
128852,chris rock bigger  blacker,1999.0,0,0,0,0,0,1,0,0,0,0,0,0,0,0,0,0,0,0,0,0
128900,the natural love,1996.0,0,0,0,0,0,0,0,1,0,0,0,0,0,0,0,0,0,0,0,0
128902,the forgotten space,2010.0,0,0,0,0,0,0,0,1,0,0,0,0,0,0,0,0,0,0,0,0
128908,cloudburst,2011.0,0,0,1,0,0,1,0,0,1,0,0,0,0,0,0,0,0,0,0,0
128914,tom segura completely normal,2014.0,0,0,0,0,0,1,0,0,0,0,0,0,0,0,0,0,0,0,0,0
128944,honey we shrunk ourselves,1997.0,0,1,1,0,1,1,0,0,0,0,0,0,0,0,0,0,1,0,0,0
128968,stitch the movie,2003.0,0,0,0,1,1,1,0,0,0,0,0,0,0,0,0,0,0,0,0,0
128975,hot tub time machine 2,2015.0,0,0,0,0,0,1,0,0,0,0,0,0,0,0,0,0,1,0,0,0
128991,johnny express,2014.0,0,0,0,1,0,1,0,0,0,0,0,0,0,0,0,0,1,0,0,0
129011,eddie izzard glorious,1997.0,0,0,0,0,0,1,0,0,0,0,0,0,0,0,0,0,0,0,0,0
129229,northmen  a viking saga,2014.0,0,1,1,0,0,0,0,0,0,0,0,0,0,0,0,0,0,0,0,0
129250,superfast,2015.0,1,0,0,0,0,0,0,0,0,0,0,0,0,0,0,0,0,0,0,0
129313,reality,2014.0,0,0,0,0,0,1,0,0,0,0,0,0,0,0,0,0,0,0,0,0
129333,julia,2014.0,0,0,0,0,0,0,0,0,0,0,0,1,0,0,0,0,0,1,0,0
129354,focus,2015.0,0,0,0,0,0,1,1,0,1,0,0,0,0,0,0,1,0,0,0,0
129397,marvel oneshot item 47,2012.0,0,1,0,0,0,0,0,0,0,1,0,0,0,0,0,0,1,0,0,0
129428,the second best exotic marigold hotel,2015.0,0,0,0,0,0,1,0,0,1,0,0,0,0,0,0,0,0,0,0,0
129514,george carlin its bad for ya,2008.0,0,0,0,0,0,1,0,0,0,0,0,0,0,0,0,0,0,0,0,0
129657,tracers,2015.0,0,1,0,0,0,0,0,0,0,0,0,0,0,0,0,0,0,0,0,0
129659,mcfarland usa,2015.0,0,0,0,0,0,0,0,0,1,0,0,0,0,0,0,0,0,0,0,0
129737,unfinished business,2015.0,0,0,0,0,0,1,0,0,0,0,0,0,0,0,0,0,0,0,0,0
129779,ghost in the shell arise  border 1 ghost pain,2013.0,0,1,0,1,0,0,0,0,0,0,0,0,0,0,0,0,1,0,0,0
129937,run all night,2015.0,0,1,0,0,0,0,1,0,1,0,0,0,0,0,0,0,0,1,0,0
130050,digging up the marrow,2014.0,0,0,0,0,0,0,0,0,1,1,0,1,0,0,1,0,0,1,0,0
130052,clown,2014.0,0,0,0,0,0,0,0,0,1,0,0,1,0,0,0,0,0,0,0,0
130073,cinderella,2015.0,0,0,0,0,1,0,0,0,1,1,0,0,0,0,0,1,0,0,0,0
130083,kidnapping mr heineken,2015.0,0,1,0,0,0,0,1,0,1,0,0,0,0,0,0,0,0,1,0,0
130087,the cobbler,2015.0,0,0,0,0,0,1,0,0,1,1,0,0,0,0,0,0,0,0,0,0
130444,ruby red,2013.0,0,0,1,0,1,0,0,0,0,1,0,0,0,0,0,0,1,0,0,0
130450,pan,2015.0,0,0,1,0,1,0,0,0,0,1,0,0,0,0,0,0,0,0,0,0
130452,while were young,2014.0,0,0,0,0,0,1,0,0,1,0,0,0,0,0,0,0,0,0,0,0
130482,too late for tears,1949.0,0,0,0,0,0,0,1,0,1,0,1,0,0,0,1,0,0,1,0,0
130490,insurgent,2015.0,0,1,0,0,0,0,0,0,0,0,0,0,0,0,0,0,1,1,0,0
130498,la vérité si je mens ,1997.0,0,0,0,0,0,1,0,0,0,0,0,0,0,0,0,0,0,0,0,0
130518,the amazing screwon head,2006.0,0,1,1,1,0,1,0,0,0,0,0,0,0,0,0,0,1,0,0,0
130520,home,2015.0,0,0,1,1,1,1,0,0,0,1,0,0,0,0,0,0,1,0,0,0
130576,midnight special,2015.0,0,0,0,0,0,0,0,0,1,0,0,0,0,0,0,0,1,0,0,0
130578,gunman the,2015.0,0,1,0,0,0,0,0,0,0,0,0,0,0,0,0,0,0,1,0,0
130634,furious 7,2015.0,0,1,0,0,0,0,1,0,0,0,0,0,0,0,0,0,0,1,0,0
130686,the final girls,2015.0,0,0,0,0,0,1,0,0,0,0,0,1,0,0,0,0,0,0,0,0
130840,spring,2015.0,0,0,0,0,0,0,0,0,0,0,0,1,0,0,0,1,1,0,0,0
130842,powerrangers,2015.0,0,1,1,0,0,0,0,0,0,0,0,0,0,0,0,0,1,0,0,0
130970,george carlin life is worth losing,2005.0,0,0,0,0,0,1,0,0,0,0,0,0,0,0,0,0,0,0,0,0
130976,legend no 17,2013.0,0,0,0,0,0,0,0,0,1,0,0,0,0,0,0,0,0,0,0,0
130978,love and pigeons,1985.0,0,0,0,0,0,1,0,0,0,0,0,0,0,0,0,1,0,0,0,0
131013,get hard,2015.0,0,0,0,0,0,1,1,0,0,0,0,0,0,0,0,0,0,0,0,0
131023,that sugar film,2014.0,0,0,0,0,0,0,0,1,0,0,0,0,0,0,0,0,0,0,0,0
131098,saving santa,2013.0,0,0,0,1,1,1,0,0,0,0,0,0,0,0,0,0,0,0,0,0
131104,the brain,1969.0,0,0,0,0,0,1,1,0,0,0,0,0,0,0,0,0,0,0,0,0
131130,tom and jerry a nutcracker tale,2007.0,0,0,0,1,0,1,0,0,0,0,0,0,0,0,0,0,0,0,0,0
131237,what men talk about,2010.0,0,0,0,0,0,1,0,0,0,0,0,0,0,0,0,0,0,0,0,0
131439,kill me three times,2014.0,0,0,0,0,0,0,0,0,0,0,0,0,0,0,0,0,0,1,0,0
131480,poker night,2014.0,0,1,0,0,0,0,1,0,0,0,0,0,0,0,0,0,0,1,0,0
131578,reckless kelly,1994.0,0,0,0,0,0,1,0,0,0,0,0,0,0,0,0,0,0,0,0,0
131610,willymilly,1986.0,0,0,0,0,0,1,0,0,0,1,0,0,0,0,0,0,0,0,0,0
131656,shaun the sheep movie,2015.0,0,0,1,1,1,1,0,0,0,0,0,0,0,0,0,0,0,0,0,0
131714,last knights,2015.0,0,1,1,0,0,0,0,0,0,0,0,0,0,0,0,0,0,0,0,0
131724,the jinx the life and deaths of robert durst,2015.0,0,0,0,0,0,0,0,1,0,0,0,0,0,0,0,0,0,0,0,0
131739,batman vs robin,2015.0,0,1,1,1,0,0,0,0,0,0,0,0,0,0,0,0,0,0,0,0
131749,libre et assoupi,2014.0,0,0,0,0,0,1,0,0,0,0,0,0,0,0,0,0,0,0,0,0
131796,woman in gold,2015.0,0,0,0,0,0,0,0,0,1,0,0,0,0,0,0,0,0,0,0,0
131826,iliza shlesinger freezing hot,2015.0,0,0,0,0,0,1,0,0,0,0,0,0,0,0,0,0,0,0,0,0
131920,the road within,2014.0,0,0,0,0,0,1,0,0,1,0,0,0,0,0,0,0,0,0,0,0
131934,the malibu bikini shop,1986.0,0,0,0,0,0,1,0,0,0,0,0,0,0,0,0,0,0,0,0,0
132046,tomorrowland,2015.0,0,1,1,0,1,0,0,0,0,0,0,0,0,0,1,0,1,0,0,0
132084,let it be me,1995.0,1,0,0,0,0,0,0,0,0,0,0,0,0,0,0,0,0,0,0,0
132153,buzzard,2015.0,0,0,0,0,0,1,0,0,1,0,0,1,0,0,0,0,0,0,0,0
132157,paul blart mall cop 2,2015.0,0,1,0,0,0,1,1,0,0,0,0,0,0,0,0,0,0,0,0,0
132333,seve,2014.0,0,0,0,0,0,0,0,1,1,0,0,0,0,0,0,0,0,0,0,0
132335,breathe,2014.0,0,0,0,0,0,0,0,0,1,0,0,0,0,0,0,0,0,0,0,0
132362,patlabor 2 the movie,1993.0,0,1,0,1,0,0,0,0,0,0,0,0,0,0,0,0,1,0,0,0
132422,da sweet blood of jesus,2014.0,0,0,0,0,0,1,0,0,0,0,0,0,0,0,0,1,0,1,0,0
132424,the longest ride,2015.0,0,0,0,0,0,0,0,0,1,0,0,0,0,0,0,1,0,0,0,0
132454,girltrash all night long,2014.0,0,0,0,0,0,1,1,0,1,0,0,0,0,0,0,0,0,0,0,0
132462,sword of vengeance,2014.0,0,1,1,0,0,0,0,0,1,0,0,0,0,0,0,0,0,0,0,0
132488,lovesick,2014.0,0,0,0,0,0,1,0,0,0,0,0,0,0,0,0,1,0,0,0,0
132496,danny collins,2015.0,0,0,0,0,0,1,0,0,1,0,0,0,0,0,0,0,0,0,0,0
132584,the even stevens movie,2003.0,0,0,0,0,1,1,0,0,0,0,0,0,0,0,0,0,0,0,0,0
132618,kite,2014.0,0,1,0,0,0,0,1,0,1,0,0,0,0,0,1,0,0,1,0,0
132660,man up,2015.0,0,0,0,0,0,1,0,0,0,0,0,0,0,0,0,1,0,0,0,0
132796,san andreas,2015.0,0,1,0,0,0,0,0,0,1,0,0,0,0,0,0,0,0,1,0,0
132800,welcome to me,2014.0,0,0,0,0,0,1,0,0,1,0,0,0,0,0,0,0,0,0,0,0
132888,comedy central roast of james franco,2013.0,0,0,0,0,0,1,0,0,0,0,0,0,0,0,0,0,0,0,0,0
133115,we could be king,2014.0,0,0,0,0,0,0,0,1,0,0,0,0,0,0,0,0,0,0,0,0
133195,hitman agent 47,2015.0,0,1,0,0,0,0,1,0,0,0,0,0,0,0,0,0,0,1,0,0
133217,bw,2015.0,0,0,0,0,0,1,1,0,0,0,0,0,0,0,0,0,1,0,0,0
133281,ricki and the flash,2015.0,0,0,0,0,0,1,0,0,1,0,0,0,0,0,0,0,0,0,0,0
133365,partisan,2015.0,0,0,0,0,0,0,0,0,1,0,0,0,0,0,0,0,0,1,0,0
133377,infini,2015.0,0,0,0,0,0,0,0,0,0,0,0,1,0,0,0,0,1,1,0,0
133419,pitch perfect 2,2015.0,0,0,0,0,0,1,0,0,0,0,0,0,0,0,0,0,0,0,0,0
133545,just before i go,2014.0,0,0,0,0,0,1,0,0,1,0,0,0,0,0,0,0,0,0,0,0
133645,carol,2015.0,0,0,0,0,0,0,0,0,1,0,0,0,0,0,0,1,0,0,0,0
133712,office romance,1977.0,0,0,0,0,0,1,0,0,0,0,0,0,0,0,0,1,0,0,0,0
133716,bootleggers,1961.0,0,0,0,0,0,1,1,0,0,0,0,0,0,0,0,0,0,0,0,0
133771,the lobster,2015.0,0,0,0,0,0,1,0,0,0,0,0,0,0,0,0,1,1,0,0,0
133780,güeros,2014.0,0,0,0,0,0,1,0,0,1,0,0,0,0,0,0,0,0,0,0,0
133782,maggie,2015.0,0,0,0,0,0,0,0,0,1,0,0,1,0,0,0,0,0,1,0,0
133798,hot pursuit,2015.0,0,1,0,0,0,1,0,0,0,0,0,0,0,0,0,0,0,0,0,0
133802,slow west,2015.0,0,1,0,0,0,0,0,0,0,0,0,0,0,0,0,0,0,1,0,1
133832,the green inferno,2014.0,0,0,0,0,0,0,0,0,0,0,0,1,0,0,0,0,0,1,0,0
133867,barely lethal,2015.0,0,1,1,0,0,1,0,0,0,0,0,0,0,0,0,0,0,0,0,0
133879,carry on dont lose your head,1966.0,0,0,0,0,0,1,0,0,0,0,0,0,0,0,0,0,0,0,0,0
134004,what love is,2007.0,0,0,0,0,0,1,0,0,0,0,0,0,0,0,0,1,0,0,0,0
134019,the monkey king,1964.0,0,0,0,1,0,0,0,0,0,0,0,0,0,0,0,0,0,0,0,0
134021,5 to 7,2014.0,0,0,0,0,0,1,0,0,1,0,0,0,0,0,0,1,0,0,0,0
134041,afonya,1975.0,0,0,0,0,0,1,0,0,1,0,0,0,0,0,0,1,0,0,0,0
134095,my love,2006.0,0,0,0,1,0,0,0,0,1,0,0,0,0,0,0,0,0,0,0,0
134109,radio day,2008.0,0,0,0,0,0,1,0,0,0,0,0,0,0,0,0,0,0,0,0,0
134130,the martian,2015.0,0,0,1,0,0,0,0,0,1,0,0,0,0,0,0,0,1,0,0,0
134158,return to sender,2015.0,0,0,0,0,0,0,0,0,0,0,0,0,0,0,0,0,0,1,0,0
134170,kung fury,2015.0,0,1,0,0,0,1,0,0,0,1,0,0,0,0,0,0,1,0,0,0
134184,elections day,2007.0,0,0,0,0,0,1,0,0,0,0,0,0,0,0,0,0,0,0,0,0
134214,youth,2015.0,0,0,0,0,0,0,0,0,1,0,0,0,0,0,0,0,0,0,0,0
134246,survivor,2015.0,0,1,0,0,0,0,0,0,0,0,0,0,0,0,0,0,0,1,0,0
134248,hot girls wanted,2015.0,0,0,0,0,0,0,0,1,0,0,0,0,0,0,0,0,0,0,0,0
134252,that munchhausen,1979.0,0,0,0,0,0,1,0,0,1,1,0,0,0,0,0,0,0,0,0,0
134326,the taming of the scoundrel,1980.0,0,0,0,0,0,1,0,0,0,0,0,0,0,0,0,0,0,0,0,0
134334,phir hera pheri,2006.0,0,0,0,0,0,1,0,0,0,0,0,0,0,0,0,0,0,0,0,0
134368,spy,2015.0,0,1,0,0,0,1,1,0,0,0,0,0,0,0,0,0,0,0,0,0
134393,trainwreck,2015.0,0,0,0,0,0,1,0,0,0,0,0,0,0,0,0,1,0,0,0,0
134515,bmx bandits,1983.0,0,0,1,0,0,0,1,0,1,0,0,0,0,0,0,0,0,0,0,0
134524,turtle power the definitive history of the teenage mutant ninja turtles,2014.0,0,0,0,0,0,0,0,1,0,0,0,0,0,0,0,0,0,0,0,0
134528,aloha,2015.0,0,0,0,0,0,1,0,0,1,0,0,0,0,0,0,1,0,0,0,0
134775,dragon blade,2015.0,0,1,1,0,0,0,0,0,1,0,0,0,0,0,0,0,0,0,0,0
134783,entourage,2015.0,0,0,0,0,0,1,0,0,0,0,0,0,0,0,0,0,0,0,0,0
134796,bitter lake,2015.0,0,0,0,0,0,0,0,1,0,0,0,0,0,0,0,0,0,0,0,0
134808,no way jose,2015.0,0,0,0,0,0,1,0,0,0,0,0,0,0,0,0,0,0,0,0,0
134847,ghost graduation,2012.0,0,0,0,0,0,1,0,0,0,0,0,0,0,0,0,0,0,0,0,0
134849,duck amuck,1953.0,0,0,0,1,1,1,0,0,0,0,0,0,0,0,0,0,0,0,0,0
134853,inside out,2015.0,0,0,1,1,1,1,0,0,1,1,0,0,0,0,0,0,0,0,0,0
134859,the wolfpack,2015.0,0,0,0,0,0,0,0,1,0,0,0,0,0,0,0,0,0,0,0,0
134861,trevor noah african american,2013.0,1,0,0,0,0,0,0,0,0,0,0,0,0,0,0,0,0,0,0,0
134881,love  mercy,2014.0,0,0,0,0,0,0,0,0,1,0,0,0,0,0,0,0,0,0,0,0
135133,the hunger games mockingjay  part 2,2015.0,0,0,1,0,0,0,0,0,0,0,0,0,0,0,0,0,1,0,0,0
135137,pixels,2015.0,0,1,0,0,0,1,0,0,0,0,0,0,0,0,0,0,1,0,0,0
135143,fantastic beasts and where to find them,2016.0,0,0,0,0,0,0,0,0,0,1,0,0,0,0,0,0,0,0,0,0
135198,the hairdresser,2010.0,0,0,0,0,0,1,0,0,1,0,0,0,0,0,0,0,0,0,0,0
135216,the star wars holiday special,1978.0,0,0,1,0,1,1,0,0,0,0,0,0,0,0,0,0,1,0,0,0
135288,mr holmes,2015.0,0,0,0,0,0,0,0,0,1,0,0,0,0,0,1,0,0,0,0,0
135436,the secret life of pets,2016.0,0,0,0,1,0,1,0,0,0,0,0,0,0,0,0,0,0,0,0,0
135456,ghost in the shell stand alone complex  the laughing man,2005.0,0,1,0,1,0,0,1,0,0,0,0,0,0,0,0,0,1,0,0,0
135518,selfless,2015.0,0,1,0,0,0,0,0,0,0,0,0,0,0,0,1,0,1,1,0,0
135532,the last witch hunter,2015.0,0,1,1,0,0,0,0,0,0,1,0,0,0,0,0,0,0,0,0,0
135534,krampus,2015.0,0,0,0,0,0,1,0,0,0,1,0,1,0,0,0,0,0,0,0,0
135536,suicide squad,2016.0,0,1,0,0,0,0,1,0,0,0,0,0,0,0,0,0,1,0,0,0
135567,independence day resurgence,2016.0,0,1,1,0,0,0,0,0,0,0,0,0,0,0,0,0,1,0,0,0
135569,star trek beyond,2016.0,0,1,1,0,0,0,0,0,0,0,0,0,0,0,0,0,1,0,0,0
135777,golmaal,2006.0,0,0,0,0,1,1,0,0,0,0,0,0,0,0,0,0,0,0,0,0
135787,bruce lee a warriors journey,2000.0,0,0,0,0,0,0,0,1,0,0,0,0,0,0,0,0,0,0,0,0
135803,five element ninjas,1982.0,0,1,0,0,0,0,0,0,0,0,0,0,0,0,0,0,0,0,0,0
135815,the magnificent ruffians,1979.0,0,1,0,0,0,0,0,0,1,0,0,0,0,0,0,0,0,0,0,0
135861,ted 2,2015.0,0,0,0,0,0,1,0,0,0,0,0,0,0,0,0,0,0,0,0,0
135885,absolutely anything,2015.0,0,0,0,0,0,1,0,0,0,0,0,0,0,0,0,0,1,0,0,0
135887,minions,2015.0,0,0,1,1,1,1,0,0,0,0,0,0,0,0,0,0,0,0,0,0
135937,the silence of the hams,1994.0,0,0,0,0,0,1,0,0,0,0,0,0,0,0,0,0,0,1,0,0
136012,bloodsport iii,1996.0,0,1,0,0,0,0,0,0,0,0,0,0,0,0,0,0,0,1,0,0
136016,the good dinosaur,2015.0,0,0,1,1,1,1,0,0,0,1,0,0,0,0,0,0,0,0,0,0
136018,black mass,2015.0,0,0,0,0,0,0,1,0,1,0,0,0,0,0,0,0,0,0,0,0
136020,spectre,2015.0,0,1,1,0,0,0,1,0,0,0,0,0,0,0,0,0,0,0,0,0
136024,the professional golgo 13,1983.0,0,1,0,1,0,0,1,0,0,0,0,0,0,0,0,0,0,0,0,0
136297,mortal kombat the journey begins,1995.0,0,1,0,1,0,0,0,0,0,0,0,0,0,0,0,0,0,0,0,0
136305,sharknado 3 oh hell no,2015.0,0,0,0,0,0,0,0,0,0,0,0,1,0,0,0,0,1,0,0,0
136341,scoobydoo and the samurai sword,2009.0,0,0,0,1,1,1,0,0,0,0,0,0,0,0,0,0,0,0,0,0
136353,scoobydoo and the loch ness monster,2004.0,0,0,0,1,1,1,0,0,0,0,0,0,0,0,0,0,0,0,0,0
136355,big top scoobydoo,2012.0,0,0,0,1,1,1,0,0,0,0,0,0,0,0,0,0,0,0,0,0
136359,scoobydoo goes hollywood,1979.0,0,0,0,1,1,1,0,0,0,0,0,0,0,0,0,0,0,0,0,0
136443,gabriel iglesias hot and fluffy,2007.0,0,0,0,0,0,1,0,0,0,0,0,0,0,0,0,0,0,0,0,0
136445,george carlin back in town,1996.0,0,0,0,0,0,1,0,0,0,0,0,0,0,0,0,0,0,0,0,0
136447,george carlin you are all diseased,1999.0,0,0,0,0,0,1,0,0,0,0,0,0,0,0,0,0,0,0,0,0
136449,ghost in the shell 20,2008.0,0,1,0,1,0,0,0,0,0,0,0,0,0,0,0,0,1,0,0,0
136469,larry david curb your enthusiasm,1999.0,0,0,0,0,0,1,0,0,0,0,0,0,0,0,0,0,0,0,0,0
136471,kevin hart laugh at my pain,2011.0,0,0,0,0,0,1,0,1,0,0,0,0,0,0,0,0,0,0,0,0
136503,tom and jerry shiver me whiskers,2006.0,0,0,0,1,1,1,0,0,0,0,0,0,0,0,0,0,0,0,0,0
136511,jeff dunham all over the map,2014.0,0,0,0,0,0,1,0,0,0,0,0,0,0,0,0,0,0,0,0,0
136540,the fp,2012.0,0,0,0,0,0,1,0,0,0,0,0,0,0,0,0,0,0,0,0,0
136556,kung fu panda secrets of the masters,2011.0,0,0,0,1,1,0,0,0,0,0,0,0,0,0,0,0,0,0,0,0
136562,steve jobs,2015.0,0,0,0,0,0,0,0,0,1,0,0,0,0,0,0,0,0,0,0,0
136564,macbeth,2015.0,0,0,0,0,0,0,0,0,1,0,0,0,0,0,0,0,0,0,0,0
136598,vacation,2015.0,0,0,1,0,0,1,0,0,0,0,0,0,0,0,0,0,0,0,0,0
136602,creep,2014.0,0,0,0,0,0,0,0,0,0,0,0,1,0,0,0,0,0,1,0,0
136654,the face of an angel,2015.0,0,0,0,0,0,0,0,0,1,0,0,0,0,0,0,0,0,0,0,0
136664,wild horses,2015.0,0,0,0,0,0,0,1,0,1,0,0,0,0,0,0,0,0,0,0,0
136666,search party,2014.0,0,0,0,0,0,1,0,0,0,0,0,0,0,0,0,0,0,0,0,0
136778,the squeeze,2015.0,0,0,0,0,0,1,0,0,1,0,0,0,0,0,0,0,0,0,0,0
136786,careful what you wish for,2015.0,0,0,0,0,0,0,0,0,0,0,0,0,0,0,0,0,0,1,0,0
136800,robot overlords,2014.0,0,1,1,0,0,0,0,0,0,0,0,0,0,0,0,0,1,0,0,0
136816,bad asses on the bayou,2015.0,0,1,0,0,0,1,0,0,0,0,0,0,0,0,0,0,0,0,0,0
136834,the eye infinity,2005.0,0,0,0,0,0,0,0,0,0,0,0,1,0,0,0,0,0,0,0,0
136838,kiss me kismet,2006.0,0,0,0,0,0,1,0,0,0,0,0,0,0,0,0,1,0,0,0,0
136840,da geht noch was,2013.0,0,0,0,0,0,1,0,0,1,0,0,0,0,0,0,1,0,0,0,0
136850,villain,1971.0,0,0,0,0,0,0,1,0,1,0,0,0,0,0,0,0,0,1,0,0
136859,the lovers,2015.0,0,1,1,0,0,0,0,0,0,0,0,0,0,0,0,1,1,0,0,0
136864,batman v superman dawn of justice,2016.0,0,1,1,0,0,0,0,0,0,1,0,0,0,0,0,0,1,0,0,0
136912,god loves caviar,2012.0,0,0,1,0,0,0,0,0,0,0,0,0,0,0,0,0,0,0,0,0
136958,mortuary,1983.0,0,0,0,0,0,0,0,0,0,0,0,1,0,0,0,0,0,0,0,0
137218,april morning,1988.0,0,0,0,0,0,0,0,0,1,0,0,0,0,0,0,0,0,0,0,0
137337,amy,2015.0,0,0,0,0,0,0,0,1,0,0,0,0,0,0,0,0,0,0,0,0
137345,that demon within,2014.0,0,0,0,0,0,0,1,0,0,0,0,0,0,0,0,0,0,1,0,0
137517,carnival magic,1981.0,0,0,0,0,0,0,0,0,1,1,0,0,0,0,0,0,0,0,0,0
137595,magic mike xxl,2015.0,0,0,0,0,0,1,0,0,1,0,0,0,0,0,0,0,0,0,0,0
137857,the jungle book,2016.0,0,0,1,0,0,0,0,0,1,1,0,0,0,0,0,0,0,0,0,0
137859,dragon ball z gaiden the plot to destroy the saiyans,1993.0,0,1,1,1,0,0,0,0,0,0,0,0,0,0,0,0,0,0,0,0
137863,dragon ball z resurrection of f,2015.0,0,1,1,1,0,0,0,0,0,1,0,0,0,0,0,0,0,0,0,0
138036,the man from uncle,2015.0,0,1,1,0,0,1,0,0,0,0,0,0,0,0,0,0,0,0,0,0
138186,sorrow,2015.0,0,0,0,0,0,0,1,0,1,0,0,1,0,0,0,0,0,0,0,0
138204,7 days in hell,2015.0,0,0,0,0,0,1,0,0,0,0,0,0,0,0,0,0,0,0,0,0
138208,the walk,2015.0,0,0,1,0,0,0,0,0,1,0,0,0,0,0,0,0,0,1,0,0
138210,13 hours,2016.0,0,0,0,0,0,0,0,0,1,0,0,0,0,0,0,0,0,0,0,0
138396,there will come a day,2013.0,0,0,0,0,0,1,0,0,1,0,0,0,0,0,0,0,0,0,0,0
138546,the opposite sex,2014.0,0,0,0,0,0,1,0,0,0,0,0,0,0,0,0,0,0,0,0,0
138610,the gallows,2015.0,0,0,0,0,0,0,0,0,0,0,0,1,0,0,0,0,0,1,0,0
138632,tokyo tribe,2014.0,0,1,0,0,0,0,1,0,1,0,0,0,0,0,0,0,1,0,0,0
138702,feast,2014.0,0,0,0,1,1,1,0,0,1,0,0,0,0,0,0,1,0,0,0,0
138798,joe dirt 2 beautiful loser,2015.0,0,0,0,0,0,1,0,0,0,0,0,0,0,0,0,0,0,0,0,0
138835,return to treasure island,1988.0,0,0,1,1,0,1,0,0,0,0,0,0,0,0,0,0,0,0,0,0
138966,nasu summer in andalusia,2003.0,0,0,0,1,0,0,0,0,0,0,0,0,0,0,0,0,0,0,0,0
139052,dark places,2015.0,0,0,0,0,0,0,0,0,1,0,0,0,0,0,1,0,0,1,0,0
139130,afro samurai,2007.0,0,1,1,1,0,0,0,0,1,1,0,0,0,0,0,0,0,0,0,0
139157,massu engira maasilamani,2015.0,0,0,0,0,0,1,0,0,0,0,0,1,0,0,0,0,0,1,0,0
139385,the revenant,2015.0,0,0,1,0,0,0,0,0,1,0,0,0,0,0,0,0,0,0,0,0
139415,irrational man,2015.0,0,0,0,0,0,0,1,0,1,0,0,0,0,0,0,0,0,0,0,0
139511,exte hair extensions,2007.0,0,0,0,0,0,0,0,0,0,0,0,1,0,0,0,0,0,0,0,0
139640,ooops noah is gone,2015.0,0,0,0,1,0,0,0,0,0,0,0,0,0,0,0,0,0,0,0,0
139642,southpaw,2015.0,0,1,0,0,0,0,0,0,1,0,0,0,0,0,0,0,0,0,0,0
139644,sicario,2015.0,0,0,0,0,0,0,1,0,1,0,0,0,0,0,1,0,0,0,0,0
139655,goodnight mommy ich seh ich seh,2014.0,0,0,0,0,0,0,0,0,1,1,0,1,0,0,0,0,0,1,0,0
139717,10 cent pistol,2015.0,0,0,0,0,0,0,1,0,0,0,0,0,0,0,0,0,0,1,0,0
139747,before we go,2014.0,0,0,0,0,0,0,0,0,0,0,0,0,0,0,0,1,0,0,0,0
139855,anomalisa,2015.0,0,0,0,1,0,1,0,0,0,1,0,0,0,0,0,0,0,0,0,0
139857,colonia,2016.0,0,0,0,0,0,0,0,0,0,0,0,0,0,0,0,0,0,1,0,0
139859,ghost in the shell arise  border 2 ghost whispers,2013.0,0,1,0,1,0,0,0,0,0,0,0,0,0,0,0,0,1,1,0,0
139915,how to make love like an englishman,2014.0,0,0,0,0,0,1,0,0,0,0,0,0,0,0,0,1,0,0,0,0
139994,fracchia contro dracula,1985.0,0,0,0,0,0,1,0,0,0,0,0,1,0,0,0,0,0,0,0,0
140016,always watching a marble hornets story,2015.0,0,0,0,0,0,0,0,0,0,0,0,1,0,0,0,0,0,0,0,0
140038,madly in love,1981.0,0,0,0,0,0,1,0,0,0,0,0,0,0,0,0,0,0,0,0,0
140110,the intern,2015.0,0,0,0,0,0,1,0,0,0,0,0,0,0,0,0,0,0,0,0,0
140133,hollywood chainsaw hookers,1988.0,0,0,0,0,0,1,0,0,0,0,0,1,0,0,0,0,0,0,0,0
140162,love,2015.0,0,0,0,0,0,0,0,0,1,0,0,0,0,0,0,1,0,0,0,0
140174,room,2015.0,0,0,0,0,0,0,0,0,1,0,0,0,0,0,0,0,0,0,0,0
140237,the runner,2015.0,0,0,0,0,0,0,0,0,1,0,0,0,0,0,0,0,0,0,0,0
140247,the gift,2015.0,0,0,0,0,0,0,0,0,1,0,0,1,0,0,0,0,0,0,0,0
140265,george carlin jammin in new york,1992.0,0,0,0,0,0,1,0,0,0,0,0,0,0,0,0,0,0,0,0,0
140267,the witch,2015.0,0,0,0,0,0,0,0,0,0,0,0,1,0,0,0,0,0,0,0,0
140289,men  chicken,2015.0,0,0,0,0,0,1,0,0,1,0,0,0,0,0,0,0,0,0,0,0
140301,the escort,2015.0,0,0,0,0,0,1,0,0,0,0,0,0,0,0,0,1,0,0,0,0
140359,doctor who the waters of mars,2009.0,0,0,1,0,1,0,0,0,0,0,0,0,0,0,0,0,1,0,0,0
140481,family guy presents something something something dark side,2009.0,0,0,0,1,0,1,0,0,0,0,0,0,0,0,0,0,1,0,0,0
140523,visit the,2015.0,0,0,0,0,0,1,0,0,0,0,0,1,0,0,0,0,0,0,0,0
140525,secret in their eyes,2015.0,0,0,0,0,0,0,1,0,1,0,0,0,0,0,1,0,0,0,0,0
140541,the electric hotel,1908.0,0,0,0,1,0,1,0,0,0,0,0,0,0,0,0,0,1,0,0,0
140561,jeff ross roasts criminals live at brazos county jail,2015.0,0,0,0,0,0,1,0,1,0,0,0,0,0,0,0,0,0,0,0,0
140627,battle for sevastopol,2015.0,0,0,0,0,0,0,0,0,1,0,0,0,0,0,0,1,0,0,1,0
140711,american ultra,2015.0,0,1,0,0,0,1,0,0,0,0,0,0,0,0,0,0,1,1,0,0
140715,straight outta compton,2015.0,0,0,0,0,0,0,0,0,1,0,0,0,0,0,0,0,0,0,0,0
140725,cop car,2015.0,0,0,0,0,0,0,1,0,0,0,0,0,0,0,0,0,0,1,0,0
140737,the lost room,2006.0,0,1,0,0,0,0,0,0,0,1,0,0,0,0,1,0,0,0,0,0
140816,tangerine,2015.0,0,0,0,0,0,1,0,0,1,0,0,0,0,0,0,0,0,0,0,0
140850,every secret thing,2014.0,0,0,0,0,0,0,1,0,1,0,0,0,0,0,1,0,0,1,0,0
140852,964 pinocchio,1991.0,0,0,0,0,0,0,0,0,0,0,0,1,0,0,0,0,1,0,0,0
140928,joy,2015.0,0,0,0,0,0,1,0,0,1,0,0,0,0,0,0,0,0,0,0,0
140956,ready player one,,0,1,0,0,0,0,0,0,0,0,0,0,0,0,0,0,1,1,0,0
141004,victor frankenstein,2015.0,0,0,0,0,0,0,0,0,1,0,0,1,0,0,0,0,1,0,0,0
141131,guardians,2016.0,1,0,0,0,0,0,0,0,0,0,0,0,0,0,0,0,0,0,0,0
141400,invincible shaolin,1978.0,0,1,0,0,0,0,0,0,0,0,0,0,0,0,0,0,0,0,0,0
141408,scouts guide to the zombie apocalypse,2015.0,0,1,0,0,0,1,0,0,0,0,0,1,0,0,0,0,0,0,0,0
141422,suffragette,2015.0,0,0,0,0,0,0,0,0,1,0,0,0,0,0,0,0,0,0,0,0
141513,fort tilden,2014.0,0,0,0,0,0,1,0,0,0,0,0,0,0,0,0,0,0,0,0,0
141544,turbo kid,2015.0,0,1,1,0,0,0,0,0,0,0,0,0,0,0,0,0,1,0,0,0
141646,the unauthorized saved by the bell story,2014.0,0,0,0,0,0,1,0,0,1,0,0,0,0,0,0,0,0,0,0,0
141668,war room,2015.0,0,0,0,0,0,0,0,0,1,0,0,0,0,0,0,0,0,0,0,0
141688,legend,2015.0,0,0,0,0,0,0,1,0,0,0,0,0,0,0,0,0,0,1,0,0
141718,deathgasm,2015.0,0,0,0,0,0,1,0,0,0,0,0,1,0,0,0,0,0,0,0,0
141749,the danish girl,2015.0,0,0,0,0,0,0,0,0,1,0,0,0,0,0,0,0,0,0,0,0
141799,cooties,2015.0,0,0,0,0,0,1,0,0,0,0,0,1,0,0,0,0,0,0,0,0
141810,autumn marathon,1979.0,0,0,0,0,0,1,0,0,1,0,0,0,0,0,0,0,0,0,0,0
141816,12 chairs,1976.0,0,0,1,0,0,1,0,0,0,0,0,0,0,0,0,0,0,0,0,0
141818,ordinary miracle,1978.0,0,0,0,0,0,1,0,0,1,1,0,0,0,0,0,1,0,0,0,0
141820,old men robbers,1971.0,0,0,0,0,0,1,0,0,0,0,0,0,0,0,0,0,0,0,0,0
141830,unbelievable adventures of italians in russia,1974.0,0,0,1,0,0,1,0,0,0,0,0,0,0,0,0,0,0,0,0,0
141836,it cant be,1975.0,0,0,0,0,0,1,0,0,0,0,0,0,0,0,0,0,0,0,0,0
141844,12 chairs,1971.0,0,0,1,0,0,1,0,0,0,0,0,0,0,0,0,0,0,0,0,0
141846,steve jobs the man in the machine,2015.0,0,0,0,0,0,0,0,1,0,0,0,0,0,0,0,0,0,0,0,0
141866,green room,2015.0,1,0,0,0,0,0,0,0,0,0,0,0,0,0,0,0,0,0,0,0
141890,beasts of no nation,2015.0,0,0,0,0,0,0,0,0,1,0,0,0,0,0,0,0,0,0,1,0
141928,bloodsucking bastards,2015.0,0,0,0,0,0,1,0,0,0,0,0,1,0,0,0,0,0,0,0,0
141994,saving christmas,2014.0,0,0,0,0,1,1,0,0,0,0,0,0,0,0,0,0,0,0,0,0
142020,oscar,1967.0,0,0,0,0,0,1,0,0,0,0,0,0,0,0,0,0,0,0,0,0
142056,iron man  hulk heroes united,2013.0,0,1,1,1,0,0,0,0,0,0,0,0,0,0,0,0,0,0,0,0
142074,knock knock,2015.0,0,0,0,0,0,0,1,0,0,0,0,1,0,0,0,0,0,1,0,0
142115,the blue planet,2001.0,0,0,0,0,0,0,0,1,0,0,0,0,0,0,0,0,0,0,0,0
142196,cornered,2009.0,0,0,0,0,0,1,0,0,0,0,0,1,0,0,0,0,0,0,0,0
142222,demolition,2016.0,0,0,0,0,0,0,0,0,1,0,0,0,0,0,0,0,0,0,0,0
142366,cigarette burns,2005.0,0,0,0,0,0,0,0,0,0,0,0,1,0,0,0,0,0,1,0,0
142372,our brand is crisis,2015.0,0,0,0,0,0,1,0,0,1,0,0,0,0,0,0,0,0,0,0,0
142420,high rise,2015.0,0,1,0,0,0,0,0,0,1,0,0,0,0,0,0,0,1,0,0,0
142422,the night before,2015.0,0,0,0,0,0,1,0,0,0,0,0,0,0,0,0,0,0,0,0,0
142424,into the forest,2015.0,0,0,0,0,0,0,0,0,1,0,0,0,0,0,0,0,1,0,0,0
142444,the editor,2015.0,0,0,0,0,0,1,0,0,0,0,0,1,0,0,1,0,0,0,0,0
142448,everest,2015.0,0,0,1,0,0,0,0,0,1,0,0,0,0,0,0,0,0,1,0,0
142456,the brand new testament,2015.0,1,0,0,0,0,0,0,0,0,0,0,0,0,0,0,0,0,0,0,0
142488,spotlight,2015.0,0,0,0,0,0,0,0,0,0,0,0,0,0,0,0,0,0,1,0,0
142507,pawn sacrifice,2015.0,0,0,0,0,0,0,0,0,1,0,0,0,0,0,0,0,0,0,0,0
142509,hardcore henry,2015.0,0,1,1,0,0,0,0,0,0,0,0,0,0,0,0,0,1,0,0,0
142536,burnt,2015.0,0,0,0,0,0,0,0,0,1,0,0,0,0,0,0,0,0,0,0,0
142550,ryuzo and the seven henchmen,2015.0,0,1,0,0,0,1,0,0,0,0,0,0,0,0,0,0,0,0,0,0
142558,if i were a rich man,2002.0,0,0,0,0,0,1,0,0,0,0,0,0,0,0,0,0,0,0,0,0
142598,last shift,2014.0,0,0,0,0,0,0,0,0,0,0,0,1,0,0,0,0,0,0,0,0
142602,fck you goethe 2,2015.0,0,0,0,0,0,1,0,0,0,0,0,0,0,0,0,0,0,0,0,0
142831,garam masala,2005.0,0,0,0,0,0,1,0,0,0,0,0,0,0,0,0,0,0,0,0,0
142961,life eternal,2015.0,0,0,0,0,0,1,1,0,0,0,0,0,0,0,0,0,0,1,0,0
142997,hotel transylvania 2,2015.0,0,0,0,1,0,1,0,0,0,0,0,0,0,0,0,0,0,0,0,0
143001,antisocial,2015.0,0,0,0,0,0,0,1,0,0,0,0,0,0,0,0,0,0,0,0,0
143031,jump in,2007.0,0,0,0,0,0,1,0,0,1,0,0,0,0,0,0,1,0,0,0,0
143245,the little prince,2015.0,0,0,0,1,0,0,0,0,0,1,0,0,0,0,0,0,0,0,0,0
143255,narcopolis,2014.0,0,0,0,0,0,0,0,0,0,0,0,0,0,0,1,0,1,1,0,0
143257,ashby,2015.0,0,0,0,0,0,1,0,0,1,0,0,0,0,0,0,0,0,0,0,0
143355,wonder woman,2017.0,0,1,1,0,0,0,0,0,0,1,0,0,0,0,0,0,0,0,0,0
143365,the circle,2016.0,0,0,0,0,0,0,0,0,1,0,0,0,0,0,0,0,1,1,0,0
143367,silence,2016.0,0,0,0,0,0,0,0,0,1,0,0,0,0,0,0,0,0,1,0,0
143385,bridge of spies,2015.0,0,0,0,0,0,0,0,0,1,0,0,0,0,0,0,0,0,1,0,0
143410,hyena road,,1,0,0,0,0,0,0,0,0,0,0,0,0,0,0,0,0,0,0,0
143458,the great hypnotist,2014.0,0,0,0,0,0,0,0,0,1,0,0,0,0,0,1,0,0,1,0,0
143472,into the grizzly maze,2015.0,0,1,0,0,0,0,0,0,0,0,0,1,0,0,0,0,0,1,0,0
143511,human,2015.0,0,0,0,0,0,0,0,1,0,0,0,0,0,0,0,0,0,0,0,0
143525,chasukes journey,2015.0,0,0,0,0,0,1,0,0,1,0,0,0,0,0,0,0,0,0,0,0
143559,la slasher,2015.0,0,0,0,0,0,1,1,0,0,1,0,0,0,0,0,0,0,0,0,0
143859,hail caesar,2016.0,0,0,0,0,0,1,0,0,0,0,0,0,0,0,0,0,0,0,0,0
143896,how to change the world,2015.0,0,0,0,0,0,0,0,1,0,0,0,0,0,0,0,0,0,0,0,0
143969,er ist wieder da,2015.0,0,0,0,0,0,1,0,0,0,0,0,0,0,0,0,0,0,0,0,0
144210,just eat it a food waste story,2014.0,0,0,0,0,0,0,0,1,0,0,0,0,0,0,0,0,0,0,0,0
144222,bros before hos,2013.0,0,0,0,0,0,1,0,0,0,0,0,0,0,0,0,0,0,0,0,0
144262,slow learners,2015.0,0,0,0,0,0,1,0,0,0,0,0,0,0,0,0,1,0,0,0,0
144352,unforgiven,2013.0,0,1,0,0,0,0,1,0,1,0,0,0,0,0,0,0,0,0,0,0
144478,sex drugs  taxation,2013.0,0,0,0,0,0,1,0,0,1,0,0,0,0,0,0,0,0,0,0,0
144522,sky high,2003.0,0,1,0,0,0,0,0,0,0,0,0,1,0,0,0,0,0,1,0,0
144606,confessions of a dangerous mind,2002.0,0,0,0,0,0,1,1,0,1,0,0,0,0,0,0,1,0,1,0,0
144620,goosebumps,2015.0,0,0,1,0,0,1,0,0,0,0,0,1,0,0,0,0,0,0,0,0
144714,the perfect guy,2015.0,0,0,0,0,0,0,0,0,1,0,0,0,0,0,0,0,0,1,0,0
144716,rock the kasbah,2015.0,0,0,0,0,0,1,0,0,0,0,0,0,0,0,0,0,0,0,0,0
144734,freaks of nature,2015.0,0,0,0,0,0,1,0,0,0,0,0,1,0,0,0,0,1,0,0,0
144976,bone tomahawk,2015.0,0,0,0,0,0,0,0,0,0,0,0,1,0,0,0,0,0,0,0,1
145080,extraordinary tales,2015.0,0,0,0,1,0,0,0,0,0,0,0,1,0,0,1,0,0,0,0,0
145150,the dressmaker,2015.0,0,0,0,0,0,1,0,0,1,0,0,0,0,0,0,0,0,1,0,0
145283,nowitzki the perfect shot,2014.0,0,0,0,0,0,0,0,1,0,0,0,0,0,0,0,0,0,0,0,0
145418,trumbo,2015.0,0,0,0,0,0,0,0,0,1,0,0,0,0,0,0,0,0,0,0,0
145491,our lips are sealed,2000.0,0,0,0,0,1,1,0,0,1,0,0,0,0,0,0,0,0,0,0,0
145724,idaho transfer,1973.0,0,0,0,0,0,0,0,0,0,0,0,0,0,0,0,0,1,0,0,0
145745,witch hunt,1999.0,0,0,0,0,0,0,1,0,1,0,0,0,0,0,0,0,0,0,0,0
145839,concussion,2015.0,0,0,0,0,0,0,0,0,1,0,0,0,0,0,0,0,0,0,0,0
145935,peanuts movie the,2015.0,0,0,1,1,1,1,0,0,0,0,0,0,0,0,0,0,0,0,0,0
145951,bloodsport the dark kumite,1999.0,0,1,0,0,0,0,0,0,0,0,0,0,0,0,0,0,0,1,0,0
145994,formula of love,1984.0,0,0,0,0,0,1,0,0,0,0,0,0,0,0,0,0,0,0,0,0
146024,a man from boulevard des capucines,1987.0,0,0,0,0,0,1,0,0,0,0,0,0,0,0,0,1,0,0,0,1
146028,the adventures of sherlock holmes and dr watson the hound of the baskervilles,1981.0,0,0,0,0,0,0,1,0,0,0,0,0,0,0,1,0,0,0,0,0
146210,blue mountain state the rise of thadland,2015.0,0,0,0,0,0,1,0,0,0,0,0,0,0,0,0,0,0,0,0,0
146244,dil to pagal hai,1997.0,0,0,0,0,0,1,0,0,1,0,0,0,0,0,0,1,0,0,0,0
146309,the boy and the beast,2015.0,0,1,1,1,0,0,0,0,0,0,0,0,0,0,0,0,0,0,0,0
146656,creed,2015.0,0,0,0,0,0,0,0,0,1,0,0,0,0,0,0,0,0,0,0,0
146662,dragons gift of the night fury,2011.0,0,0,1,1,0,1,0,0,0,0,0,0,0,0,0,0,0,0,0,0
146682,twinsters,2015.0,0,0,0,0,0,0,0,1,0,0,0,0,0,0,0,0,0,0,0,0
146684,cosmic scrattastrophe,2015.0,0,0,0,1,1,1,0,0,0,0,0,0,0,0,0,0,0,0,0,0
146688,solace,2015.0,0,0,0,0,0,0,0,0,0,1,0,0,0,0,1,0,0,1,0,0
146730,lost in the sun,2015.0,0,1,0,0,0,0,0,0,1,0,0,0,0,0,0,0,0,1,0,0
146986,le maître décole,1981.0,0,0,0,0,0,1,0,0,0,0,0,0,0,0,0,0,0,0,0,0
147002,eros,2004.0,0,0,0,0,0,0,0,0,1,0,0,0,0,0,0,1,0,0,0,0
147142,those happy days,2006.0,0,0,0,0,1,1,0,0,0,0,0,0,0,0,0,0,0,0,0,0
147196,the girls,1961.0,0,0,0,0,0,1,0,0,0,0,0,0,0,0,0,1,0,0,0,0
147250,the adventures of sherlock holmes and doctor watson,,1,0,0,0,0,0,0,0,0,0,0,0,0,0,0,0,0,0,0,0
147282,what men still talk about,2011.0,0,0,0,0,0,1,0,0,0,0,0,0,0,0,0,0,0,0,0,0
147286,the adventures of sherlock holmes and doctor watson the treasures of agra,1983.0,0,0,0,0,0,0,1,0,0,0,0,0,0,0,1,0,0,0,0,0
147300,adventures of sherlock holmes and dr watson the twentieth century approaches,1986.0,0,0,0,0,0,0,1,0,0,0,0,0,0,0,1,0,0,0,0,0
147326,the adventures of sherlock holmes and doctor watson king of blackmailers,1980.0,0,0,0,0,0,0,1,0,0,0,0,0,0,0,1,0,0,0,0,0
147328,the adventures of sherlock holmes and dr watson bloody signature,1979.0,0,0,0,0,0,0,1,0,0,0,0,0,0,0,0,0,0,0,0,0
147330,sherlock holmes and dr watson acquaintance,1979.0,0,0,0,0,0,0,1,0,0,0,0,0,0,0,0,0,0,0,0,0
147372,doctor who last christmas,2014.0,0,0,1,0,0,0,0,0,1,1,0,0,0,0,0,0,1,0,0,0
147374,doctor who the doctor the widow and the wardrobe,2011.0,0,0,1,0,0,0,0,0,1,0,0,0,0,0,0,0,0,0,0,0
147376,doctor who a christmas carol,2010.0,0,0,0,0,0,0,0,0,0,0,0,0,0,0,0,0,1,0,0,0
147378,doctor who planet of the dead,2009.0,0,0,1,0,1,0,0,0,1,0,0,0,0,0,0,0,1,0,0,0
147380,doctor who the next doctor,2008.0,0,0,1,0,1,0,0,0,1,0,0,0,0,0,0,0,1,0,0,0
147382,doctor who voyage of the damned,2007.0,0,1,0,0,0,0,0,0,0,0,0,0,0,0,0,0,1,0,0,0
147384,doctor who the runaway bride,2007.0,0,0,0,0,0,0,0,0,0,0,0,0,0,0,0,0,1,0,0,0
147410,a perfect day,2015.0,0,0,0,0,0,1,0,0,1,0,0,0,0,0,0,0,0,0,0,0
147657,masked avengers,1981.0,0,1,0,0,0,0,0,0,0,0,0,0,0,0,0,0,0,0,0,0
147662,return of the onearmed swordsman,1969.0,0,1,1,0,0,0,0,0,0,0,0,0,0,0,0,0,0,0,0,0
147936,the lords lantern in budapest,1999.0,0,0,0,0,0,1,0,0,1,0,0,0,0,0,0,0,0,0,0,0
148166,hitchcocktruffaut,2015.0,0,0,0,0,0,0,0,1,0,0,0,0,0,0,0,0,0,0,0,0
148172,the 5th wave,2016.0,0,0,1,0,0,0,0,0,0,0,0,0,0,0,0,0,1,1,0,0
148238,a very murray christmas,2015.0,0,0,0,0,0,1,0,0,0,0,0,0,0,0,0,0,0,0,0,0
148424,chiraq,2015.0,0,0,0,0,0,1,0,0,1,0,0,0,0,0,0,0,0,0,0,0
148482,truth,2015.0,0,0,0,0,0,0,0,0,1,0,0,0,0,0,0,0,0,0,0,0
148592,just jim,2015.0,0,0,0,0,0,1,0,0,0,0,0,0,0,0,0,0,0,0,0,0
148626,big short the,2015.0,0,0,0,0,0,0,0,0,1,0,0,0,0,0,0,0,0,0,0,0
148632,applesauce,2015.0,0,0,0,0,0,1,0,0,0,0,0,0,0,0,0,0,0,0,0,0
148652,the ridiculous 6,2015.0,0,0,0,0,0,1,0,0,0,0,0,0,0,0,0,0,0,0,0,1
148667,john mulaney the comeback kid,2015.0,0,0,0,0,0,1,0,0,0,0,0,0,0,0,0,0,0,0,0,0
148671,saw,2003.0,0,0,0,0,0,0,1,0,0,0,0,1,0,0,0,0,0,0,0,0
148675,north pole open for christmas,2015.0,0,0,0,0,1,0,0,0,0,1,0,0,0,0,0,0,0,0,0,0
148709,mojave,2015.0,0,0,0,0,0,0,0,0,0,0,0,0,0,0,0,0,0,1,0,0
148775,wizards of waverly place the movie,2009.0,0,0,1,0,1,1,0,0,1,1,0,0,0,0,0,0,1,0,0,0
148881,world of tomorrow,2015.0,0,0,0,1,0,1,0,0,0,0,0,0,0,0,0,0,0,0,0,0
148888,zoolander 2,2016.0,0,0,0,0,0,1,0,0,0,0,0,0,0,0,0,0,0,0,0,0
148956,how to be single,2016.0,0,0,0,0,0,1,0,0,0,0,0,0,0,0,0,1,0,0,0,0
148978,blue exorcist the movie,2012.0,0,0,0,1,0,0,0,0,0,1,0,1,0,0,1,0,0,0,0,0
148982,devil dog the hound of hell,1978.0,0,0,0,0,0,0,0,0,0,0,0,1,0,0,0,0,0,0,0,0
149011,he never died,2015.0,0,0,0,0,0,1,0,0,1,0,0,1,0,0,0,0,0,0,0,0
149144,parasyte part 1,2014.0,0,0,0,0,0,0,0,0,0,0,0,1,0,0,0,0,1,0,0,0
149146,parasyte part 2,2015.0,0,0,0,0,0,0,0,0,0,0,0,1,0,0,0,0,1,0,0,0
149330,a cosmic christmas,1977.0,1,0,0,0,0,0,0,0,0,0,0,0,0,0,0,0,0,0,0,0
149334,nocturnal animals,,0,0,0,0,0,0,0,0,1,0,0,0,0,0,0,0,0,1,0,0
149350,lumberjack man,2015.0,0,0,0,0,0,1,0,0,0,0,0,1,0,0,0,0,0,0,0,0
149352,daddys home,2015.0,0,0,0,0,0,1,0,0,0,0,0,0,0,0,0,0,0,0,0,0
149354,sisters,2015.0,0,0,0,0,1,1,0,0,0,0,0,0,0,0,0,0,0,0,0,0
149380,tis the season for love,2015.0,0,0,0,0,0,0,0,0,0,0,0,0,0,0,0,1,0,0,0,0
149406,kung fu panda 3,2016.0,0,1,1,1,0,0,0,0,0,0,0,0,0,0,0,0,0,0,0,0
149508,spellbound,2011.0,0,0,0,0,0,1,0,0,0,0,0,0,0,0,0,1,0,0,0,0
149566,unicorn city,2012.0,0,0,0,0,0,1,0,0,0,0,0,0,0,0,0,1,0,0,0,0
149590,standoff,2016.0,0,0,0,0,0,0,0,0,0,0,0,0,0,0,0,0,0,1,0,0
149612,swelter,2014.0,0,1,0,0,0,0,0,0,1,0,0,0,0,0,0,0,0,1,0,0
149830,pride and prejudice and zombies,2016.0,0,0,0,0,0,1,0,0,0,0,0,1,0,0,0,1,0,1,0,0
149902,garm wars the last druid,2014.0,0,1,0,0,0,0,0,0,0,0,0,0,0,0,0,0,1,1,0,0
150254,the devils candy,2015.0,0,0,0,0,0,0,0,0,0,0,0,1,0,0,0,0,0,0,0,0
150401,close range,2015.0,0,1,0,0,0,0,1,0,0,0,0,0,0,0,0,0,0,0,0,0
150548,sherlock the abominable bride,2016.0,0,1,0,0,0,0,1,0,1,0,0,0,0,0,1,0,0,1,0,0
150554,the love bug,1997.0,0,0,1,0,1,1,0,0,0,1,0,0,0,0,0,0,0,0,0,0
150596,doctor who the husbands of river song,2015.0,0,0,0,0,0,1,0,0,1,0,0,0,0,0,0,0,1,0,0,0
150604,moonwalkers,2015.0,0,0,0,0,0,1,0,0,0,0,0,0,0,0,0,0,0,0,0,0
150696,tomorrow,2015.0,0,0,0,0,0,0,0,1,0,0,0,0,0,0,0,0,0,0,0,0
150993,anacleto agente secreto,2015.0,0,1,0,0,0,1,0,0,0,0,0,0,0,0,0,0,0,0,0,0
151311,wienerdog,2016.0,0,0,0,0,0,1,0,0,0,0,0,0,0,0,0,0,0,0,0,0
151315,ride along 2,2016.0,0,1,0,0,0,1,0,0,0,0,0,0,0,0,0,0,0,0,0,0
151317,maggies plan,2015.0,0,0,0,0,0,1,0,0,0,0,0,0,0,0,0,0,0,0,0,0
151455,eddie the eagle,2016.0,0,0,0,0,0,1,0,0,0,0,0,0,0,0,0,0,0,0,0,0
151479,the flash 2  revenge of the trickster,1991.0,0,1,0,0,0,0,0,0,0,1,0,0,0,0,0,0,1,0,0,0
151501,exposed,2016.0,0,0,0,0,0,0,0,0,1,0,0,0,0,0,0,0,0,0,0,0
151557,stonewall,2015.0,0,0,0,0,0,0,0,0,1,0,0,0,0,0,0,0,0,0,0,0
151559,frankenstein,2015.0,0,0,0,0,0,0,0,0,0,0,0,1,0,0,0,0,0,1,0,0
151653,welcome to happiness,2015.0,0,0,0,0,0,1,0,0,1,1,0,0,0,0,0,0,0,0,0,0
151687,risen,2016.0,0,0,0,0,1,0,0,0,1,0,0,0,0,0,0,0,0,0,0,0
151695,the survivalist,2015.0,0,0,0,0,0,0,0,0,1,0,0,0,0,0,0,0,1,1,0,0
151739,dirty grandpa,2016.0,0,0,0,0,0,1,0,0,0,0,0,0,0,0,0,0,0,0,0,0
151745,reptilicus,1961.0,0,0,0,0,0,0,0,0,0,0,0,1,0,0,0,0,1,0,0,0
151759,requiem for the american dream,2015.0,0,0,0,0,0,0,0,1,0,0,0,0,0,0,0,0,0,0,0,0
151763,death note rewrite genshisuru kami,2007.0,0,0,0,0,0,0,0,0,0,0,0,0,0,0,1,0,0,0,0,0
151769,three from prostokvashino,1978.0,0,0,0,1,0,0,0,0,0,0,0,0,0,0,0,0,0,0,0,0
151777,the finest hours,2016.0,0,0,0,0,0,0,0,0,1,0,0,0,0,0,0,0,0,1,0,0
151781,ghost in the shell solid state society,2006.0,0,1,0,1,0,0,1,0,0,0,0,0,0,0,0,0,1,1,0,0
152037,grease live,2016.0,1,0,0,0,0,0,0,0,0,0,0,0,0,0,0,0,0,0,0,0
152063,gods of egypt,2016.0,0,0,1,0,0,0,0,0,0,1,0,0,0,0,0,0,0,0,0,0
152065,embrace of the serpent,2016.0,0,0,1,0,0,0,0,0,1,0,0,0,0,0,0,0,0,0,0,0
152071,race,2016.0,0,0,0,0,0,0,0,0,1,0,0,0,0,0,0,0,0,0,0,0
152077,10 cloverfield lane,2016.0,0,0,0,0,0,0,0,0,0,0,0,0,0,0,0,0,0,1,0,0
152079,london has fallen,2016.0,0,1,0,0,0,0,1,0,0,0,0,0,0,0,0,0,0,1,0,0
152081,zootopia,2016.0,0,1,1,1,1,1,0,0,0,0,0,0,0,0,0,0,0,0,0,0
152083,whiskey tango foxtrot,2016.0,0,0,0,0,0,1,0,0,0,0,0,0,0,0,0,0,0,0,1,0
152085,desierto,2016.0,0,0,0,0,0,0,0,0,1,0,0,0,0,0,0,0,0,0,0,0
152091,the brothers grimsby,2016.0,0,0,0,0,0,1,0,0,0,0,0,0,0,0,0,0,0,0,0,0
152105,dads army,1971.0,0,0,0,0,0,1,0,0,0,0,0,0,0,0,0,0,0,0,0,0
152173,michael jacksons thriller,1983.0,0,0,0,0,0,0,0,0,0,0,0,1,0,0,0,0,0,0,0,0
152270,the wait,2015.0,0,0,0,0,0,0,0,0,1,0,0,0,0,0,0,0,0,0,0,0
152284,war and peace,2016.0,0,0,0,0,0,0,0,0,1,0,0,0,0,0,0,1,0,0,0,0
152372,southbound,2016.0,0,0,0,0,0,0,0,0,0,0,0,1,0,0,0,0,0,0,0,0
152591,ip man 3,2015.0,0,1,0,0,0,0,0,0,0,0,0,0,0,0,0,0,0,0,0,0
152658,santas little helper,2015.0,0,0,0,0,1,0,0,0,0,0,0,0,0,0,0,0,0,0,0,0
152711,who killed chea vichea,2010.0,0,0,0,0,0,0,0,1,0,0,0,0,0,0,0,0,0,0,0,0
152970,hunt for the wilderpeople,2016.0,0,0,1,0,0,1,0,0,0,0,0,0,0,0,0,0,0,0,0,0
153070,rabbits,2002.0,0,0,0,0,0,1,0,0,1,1,0,0,0,0,0,0,0,0,0,0
153236,genius party,2007.0,0,0,0,1,0,0,0,0,0,0,0,0,0,0,0,0,0,0,0,0
153386,long live ghosts,1977.0,0,0,0,0,1,1,0,0,0,1,0,0,0,0,0,0,0,0,0,0
153408,tears for sale,2008.0,0,0,0,0,0,1,0,0,1,1,0,0,0,0,0,0,0,0,0,0
154065,dads army,2016.0,0,0,0,0,0,1,0,0,0,0,0,0,0,0,0,0,0,0,0,0
154358,the barkley marathons the race that eats its young,2015.0,0,0,0,0,0,0,0,1,0,0,0,0,0,0,0,0,0,0,0,0
154975,merci patron ,2016.0,0,0,0,0,0,1,0,1,0,0,0,0,0,0,0,0,0,0,0,0
155064,the neon demon,2016.0,0,0,0,0,0,0,0,0,1,0,0,1,0,0,1,0,0,0,0,0
155168,fraktus,2012.0,0,0,0,0,0,1,0,0,0,0,0,0,0,0,0,0,0,0,0,0
155288,eye in the sky,2016.0,0,0,0,0,0,0,0,0,1,0,0,0,0,0,0,0,0,1,1,0
155358,camino,2016.0,0,1,1,0,0,0,0,0,0,0,0,0,0,0,0,0,0,1,0,0
155509,mr right,2016.0,0,1,0,0,0,1,0,0,0,0,0,0,0,0,0,1,0,0,0,0
155589,noin 7 veljestä,1968.0,1,0,0,0,0,0,0,0,0,0,0,0,0,0,0,0,0,0,0,0
155659,florence foster jenkins,2016.0,0,0,0,0,0,1,0,0,1,0,0,0,0,0,0,0,0,0,0,0
155743,my big fat greek wedding 2,2016.0,0,0,0,0,0,1,0,0,0,0,0,0,0,0,0,0,0,0,0,0
155774,neon bull,2015.0,0,0,1,0,0,0,0,0,0,0,0,0,0,0,0,0,0,0,0,0
155812,get a job,2016.0,0,0,0,0,0,1,0,0,0,0,0,0,0,0,0,0,0,0,0,0
155820,keanu,2016.0,0,0,0,0,0,1,0,0,0,0,0,0,0,0,0,0,0,0,0,0
155892,me him her,2015.0,0,0,0,0,0,1,0,0,0,0,0,0,0,0,0,0,0,0,0,0
156025,ice age the great eggscapade,2016.0,0,0,1,1,1,1,0,0,0,0,0,0,0,0,0,0,0,0,0,0
156371,everybody wants some,2016.0,0,0,0,0,0,1,0,0,0,0,0,0,0,0,0,0,0,0,0,0
156387,sing street,2016.0,0,0,0,0,0,0,0,0,1,0,0,0,0,0,0,0,0,0,0,0
156553,zoom,2015.0,0,0,0,1,0,1,0,0,1,0,0,0,0,0,0,0,0,0,0,0
156605,paterson,,1,0,0,0,0,0,0,0,0,0,0,0,0,0,0,0,0,0,0,0
156607,the huntsman winters war,2016.0,0,1,1,0,0,0,0,0,1,1,0,0,0,0,0,0,0,0,0,0
156609,neighbors 2 sorority rising,2016.0,0,0,0,0,0,1,0,0,0,0,0,0,0,0,0,0,0,0,0,0
156675,project x,1968.0,0,0,0,0,0,0,0,0,0,0,0,0,0,0,1,0,1,0,0,0
156706,the trust,2016.0,0,0,0,0,0,0,1,0,0,0,0,0,0,0,0,0,0,1,0,0
156726,hush,2016.0,0,0,0,0,0,0,0,0,0,0,0,0,0,0,0,0,0,1,0,0
156781,jimmy carr telling jokes,2009.0,0,0,0,0,0,1,0,0,0,0,0,0,0,0,0,0,0,0,0,0
156783,jimmy carr making people laugh,2010.0,0,0,0,0,0,1,0,0,0,0,0,0,0,0,0,0,0,0,0,0
157108,texas  doc snyder hält die welt in atem,1993.0,0,0,0,0,0,1,0,0,0,0,0,0,0,0,0,0,0,0,0,1
157110,00 schneider  jagd auf nihil baxter,1994.0,0,0,0,0,0,1,1,0,0,0,0,0,0,0,0,0,0,0,0,0
157122,the man who knew infinity,2016.0,0,0,0,0,0,0,0,0,1,0,0,0,0,0,0,0,0,0,0,0
157130,despite the falling snow,2016.0,0,0,0,0,0,0,0,0,1,0,0,0,0,0,0,1,0,1,0,0
157172,wizards of the lost kingdom ii,1989.0,0,1,0,0,0,0,0,0,0,1,0,0,0,0,0,0,0,0,0,0
157200,money monster,2016.0,0,0,0,0,0,0,0,0,1,0,0,0,0,0,0,0,0,1,0,0
157270,barbershop the next cut,2016.0,0,0,0,0,0,1,0,0,0,0,0,0,0,0,0,0,0,0,0,0
157296,finding dory,2016.0,0,0,1,1,0,1,0,0,0,0,0,0,0,0,0,0,0,0,0,0
157312,the boss,2016.0,0,0,0,0,0,1,0,0,0,0,0,0,0,0,0,0,0,0,0,0
157340,the angry birds movie,2016.0,0,0,0,1,0,1,0,0,0,0,0,0,0,0,0,0,0,0,0,0
157369,bakuman,2015.0,0,0,0,0,0,1,0,0,1,0,0,0,0,0,0,0,0,0,0,0
157407,i am wrath,2016.0,0,1,0,0,0,0,1,0,1,0,0,0,0,0,0,0,0,1,0,0
157432,precious cargo,2016.0,0,1,0,0,0,0,1,0,0,0,0,0,0,0,0,0,0,0,0,0
157699,snowden,2016.0,0,0,0,0,0,0,0,0,1,0,0,0,0,0,0,0,0,1,0,0
157775,tenchi muyô in love,1996.0,0,0,0,1,0,1,0,0,0,0,0,0,0,0,0,0,0,0,0,0
157865,ratchet  clank,2016.0,0,1,1,1,1,1,0,0,0,0,0,0,0,0,0,0,1,0,0,0
158022,kicking off,2016.0,0,0,0,0,0,1,0,0,0,0,0,0,0,0,0,0,0,0,0,0
158027,sori voice from the heart,2016.0,0,0,0,0,0,0,0,0,1,0,0,0,0,0,0,0,1,0,0,0
158035,gintama the final chapter  be forever yorozuya,2013.0,0,1,0,1,0,1,0,0,0,0,0,0,0,0,0,0,0,0,0,0
158238,the nice guys,2016.0,0,0,0,0,0,0,1,0,0,0,0,0,0,0,1,0,0,1,0,0
158254,kindergarten cop 2,2016.0,0,1,0,0,0,1,0,0,0,0,0,0,0,0,0,0,0,0,0,0
158388,buck rogers in the 25th century,1979.0,0,0,0,0,0,0,0,0,0,0,0,0,0,0,0,0,1,0,0,0
158398,world of glory,1991.0,0,0,0,0,0,1,0,0,0,0,0,0,0,0,0,0,0,0,0,0
158402,the crew,2016.0,0,1,0,0,0,0,0,0,0,0,0,0,0,0,0,0,0,0,0,0
158528,the shallows,2016.0,0,0,0,0,0,0,0,0,1,0,0,0,0,0,0,0,0,1,0,0
158721,genx cops,1999.0,0,1,0,0,0,1,0,0,0,0,0,0,0,0,0,0,0,1,0,0
158783,the handmaiden,2016.0,0,0,0,0,0,0,0,0,1,0,0,0,0,0,0,1,0,1,0,0
158813,alice through the looking glass,2016.0,0,0,1,0,1,0,0,0,0,1,0,0,0,0,0,0,0,0,0,0
158830,the bfg,2016.0,0,0,0,0,1,0,0,0,0,1,0,0,0,0,0,0,0,0,0,0
158842,my scientology movie,2016.0,0,0,0,0,0,0,0,1,0,0,0,0,0,0,0,0,0,0,0,0
158872,sausage party,2016.0,0,0,0,1,0,1,0,0,0,0,0,0,0,0,0,0,0,0,0,0
158874,karate bullfighter,1975.0,0,1,0,0,0,0,0,0,1,0,0,0,0,0,0,0,0,0,0,0
158882,all yours,2016.0,0,0,0,0,0,1,0,0,1,0,0,0,0,0,0,1,0,0,0,0
158956,kill command,2016.0,0,1,0,0,0,0,0,0,0,0,0,1,0,0,0,0,1,0,0,0
158966,captain fantastic,2016.0,0,0,0,0,0,0,0,0,1,0,0,0,0,0,0,0,0,0,0,0
158972,toni erdmann,2016.0,0,0,0,0,0,0,0,0,1,0,0,0,0,0,0,0,0,0,0,0
159061,the wailing,2016.0,0,0,0,0,0,0,0,0,0,0,0,0,0,0,1,0,0,1,0,0
159069,comedy of the strict regime,1993.0,0,0,0,0,0,1,0,0,0,0,0,0,0,0,0,0,0,0,0,0
159077,the meddler,2016.0,0,0,0,0,0,1,0,0,1,0,0,0,0,0,0,0,0,0,0,0
159093,now you see me 2,2016.0,0,1,0,0,0,1,0,0,0,0,0,0,0,0,0,0,0,1,0,0
159161,ali wong baby cobra,2016.0,1,0,0,0,0,0,0,0,0,0,0,0,0,0,0,0,0,0,0,0
159193,café society,2016.0,0,0,0,0,0,1,0,0,1,0,0,0,0,0,0,1,0,0,0,0
159403,neo tokyo,1987.0,0,0,1,1,0,0,0,0,0,1,0,1,0,0,0,0,1,0,0,0
159415,swiss army man,2016.0,0,0,0,0,0,1,0,0,1,0,0,0,0,0,0,1,0,0,0,0
159441,the doover,2016.0,0,0,0,0,0,1,0,0,0,0,0,0,0,0,0,0,0,0,0,0
159510,death smiles on a murderer,1973.0,0,0,0,0,0,0,0,0,0,0,0,1,0,0,0,0,0,0,0,0
159690,teenage mutant ninja turtles out of the shadows,2016.0,0,1,1,0,0,1,0,0,0,0,0,0,0,0,0,0,0,0,0,0
159717,the fundamentals of caring,2016.0,0,0,0,0,0,0,0,0,1,0,0,0,0,0,0,0,0,0,0,0
159755,popstar never stop never stopping,2016.0,0,0,0,0,0,1,0,0,0,0,0,0,0,0,0,0,0,0,0,0
159779,a midsummer nights dream,2016.0,1,0,0,0,0,0,0,0,0,0,0,0,0,0,0,0,0,0,0,0
159811,the bremen town musicians,1969.0,0,0,0,1,0,0,0,0,1,1,0,0,0,0,0,0,0,0,0,0
159817,planet earth,2006.0,0,0,0,0,0,0,0,1,0,0,0,0,0,0,0,0,0,0,0,0
159849,bo burnham make happy,2016.0,0,0,0,0,0,1,0,0,0,0,0,0,0,0,0,0,0,0,0,0
159858,the conjuring 2,2016.0,0,0,0,0,0,0,0,0,0,0,0,1,0,0,0,0,0,0,0,0
159976,pelé birth of a legend,2016.0,0,0,0,0,0,0,0,0,1,0,0,0,0,0,0,0,0,0,0,0
160080,ghostbusters,2016.0,0,1,0,0,0,1,0,0,0,0,0,1,0,0,0,0,1,0,0,0
160271,central intelligence,2016.0,0,1,0,0,0,1,0,0,0,0,0,0,0,0,0,0,0,0,0,0
160289,oj made in america,2016.0,0,0,0,0,0,0,0,1,0,0,0,0,0,0,0,0,0,0,0,0
160341,bloodmoon,1997.0,0,1,0,0,0,0,0,0,0,0,0,0,0,0,0,0,0,1,0,0
160400,genius,2016.0,0,0,0,0,0,0,0,0,1,0,0,0,0,0,0,0,0,0,0,0
160422,the wooden horse,1950.0,0,0,0,0,0,0,0,0,1,0,0,0,0,0,0,0,0,0,1,0
160438,jason bourne,2016.0,0,1,0,0,0,0,0,0,0,0,0,0,0,0,0,0,0,0,0,0
160440,the maids room,2014.0,0,0,0,0,0,0,0,0,0,0,0,0,0,0,0,0,0,1,0,0
160527,sympathy for the underdog,1971.0,0,1,0,0,0,0,1,0,1,0,0,0,0,0,0,0,0,0,0,0
160563,the legend of tarzan,2016.0,0,1,1,0,0,0,0,0,0,0,0,0,0,0,0,0,0,0,0,0
160565,the purge election year,2016.0,0,1,0,0,0,0,0,0,0,0,0,1,0,0,0,0,1,0,0,0
160567,mike  dave need wedding dates,2016.0,0,0,0,0,0,1,0,0,0,0,0,0,0,0,0,0,0,0,0,0
160569,ice age collision course,2016.0,0,0,1,1,1,1,0,0,0,0,0,0,0,0,0,0,0,0,0,0
160571,lights out,2016.0,0,0,0,0,0,0,0,0,0,0,0,1,0,0,0,0,0,0,0,0
160573,petes dragon,2016.0,0,0,1,0,1,0,0,0,0,1,0,0,0,0,0,0,0,0,0,0
160644,indignation,2016.0,0,0,0,0,0,0,0,0,1,0,0,0,0,0,0,0,0,0,0,0
160646,goat,2016.0,0,0,0,0,0,0,0,0,1,0,0,0,0,0,0,0,0,0,0,0
160684,marauders,2016.0,0,1,0,0,0,0,0,0,0,0,0,0,0,0,0,0,0,0,0,0
160718,piper,2016.0,0,0,0,1,0,0,0,0,0,0,0,0,0,0,0,0,0,0,0,0
160730,the adderall diaries,2015.0,0,1,0,0,0,0,0,0,1,0,0,0,0,0,0,0,0,1,0,0
160836,hazard,2005.0,0,1,0,0,0,0,0,0,1,0,0,0,0,0,0,0,0,1,0,0
160848,the red turtle,2016.0,0,0,0,1,0,0,0,0,0,0,0,0,0,0,0,0,0,0,0,0
160872,satanic,2016.0,0,0,0,0,0,0,0,0,0,0,0,1,0,0,0,0,0,0,0,0
160954,nerve,2016.0,0,0,0,0,0,0,0,0,1,0,0,0,0,0,0,0,0,1,0,0
160978,hellevator,2004.0,0,0,0,0,0,0,0,0,0,0,0,1,0,0,0,0,1,0,0,0
160980,sully,2016.0,0,0,0,0,0,0,0,0,1,0,0,0,0,0,0,0,0,0,0,0
161008,the forbidden dance,1990.0,1,0,0,0,0,0,0,0,0,0,0,0,0,0,0,0,0,0,0,0
161024,jim jefferies freedumb,2016.0,0,0,0,0,0,1,0,0,0,0,0,0,0,0,0,0,0,0,0,0
161032,the grandmother,1970.0,0,1,0,0,0,0,0,0,1,0,0,0,0,0,0,0,0,0,0,0
161044,webmaster,1998.0,0,0,0,0,0,0,0,0,0,0,0,0,0,0,0,0,1,0,0,0
161127,the infiltrator,2016.0,0,0,0,0,0,0,1,0,1,0,0,0,0,0,0,0,0,0,0,0
161131,war dogs,2016.0,0,0,0,0,0,1,0,0,0,0,0,0,0,0,0,0,0,0,0,0
161290,vigilante diaries,2016.0,0,1,0,0,0,0,0,0,0,0,0,0,0,0,0,0,0,0,0,0
161354,batman the killing joke,2016.0,0,1,0,1,0,0,1,0,1,0,0,0,0,0,0,0,0,0,0,0
161580,bad moms,2016.0,0,0,0,0,0,1,0,0,0,0,0,0,0,0,0,0,0,0,0,0
161582,hell or high water,2016.0,0,0,0,0,0,0,1,0,1,0,0,0,0,0,0,0,0,0,0,0
161594,kingsglaive final fantasy xv,2016.0,0,1,1,1,0,0,0,0,1,1,0,0,0,0,0,0,1,0,0,0
161634,dont breathe,2016.0,0,0,0,0,0,0,0,0,0,0,0,0,0,0,0,0,0,1,0,0
161830,body,2015.0,0,0,0,0,0,0,0,0,1,0,0,1,0,0,0,0,0,1,0,0
161918,sharknado 4 the 4th awakens,2016.0,0,1,1,0,0,0,0,0,0,0,0,1,0,0,0,0,1,0,0,0
161922,the edge of seventeen,2016.0,0,0,0,0,0,1,0,0,0,0,0,0,0,0,0,0,0,0,0,0
161966,elle,2016.0,0,0,0,0,0,0,0,0,0,0,0,0,0,0,0,0,0,1,0,0
162082,train to busan,2016.0,0,1,0,0,0,0,0,0,0,0,0,0,0,0,0,0,0,1,0,0
162344,tom segura mostly stories,2016.0,0,0,0,0,0,1,0,0,0,0,0,0,0,0,0,0,0,0,0,0
162350,the magnificent seven,2016.0,0,1,0,0,0,0,0,0,0,0,0,0,0,0,0,0,0,0,0,1
162414,moonlight,,0,0,0,0,0,0,0,0,1,0,0,0,0,0,0,0,0,0,0,0
162478,masterminds,2016.0,0,1,0,0,0,1,1,0,0,0,0,0,0,0,0,0,0,0,0,0
162578,kubo and the two strings,2016.0,0,0,1,1,1,0,0,0,0,1,0,0,0,0,0,0,0,0,0,0
162590,bridget joness baby,2016.0,0,0,0,0,0,1,0,0,0,0,0,0,0,0,0,1,0,0,0,0
162598,deepwater horizon,2016.0,0,0,0,0,0,0,0,0,1,0,0,0,0,0,0,0,0,0,0,0
162600,miss peregrines home for peculiar children,2016.0,0,0,0,0,0,0,0,0,0,1,0,0,0,0,0,0,0,0,0,0
162602,the girl on the train,2016.0,0,0,0,0,0,0,0,0,0,0,0,0,0,0,0,0,0,1,0,0
162606,the accountant,2016.0,0,0,0,0,0,0,1,0,1,0,0,0,0,0,0,0,0,1,0,0
162828,imperium,2016.0,0,0,0,0,0,0,1,0,1,0,0,0,0,0,0,0,0,1,0,0
162968,kizumonogatari part 1 tekketsu,2016.0,0,1,0,1,0,0,0,0,0,0,0,0,0,0,1,0,0,0,0,0
162982,steinsgate the movie the burden of déjà vu,2013.0,0,0,0,1,0,0,0,0,1,0,0,0,0,0,0,0,1,0,0,0
163056,shin godzilla,2016.0,0,1,1,0,0,0,0,0,0,1,0,0,0,0,0,0,1,0,0,0
163072,winnie pooh,1969.0,0,0,0,1,1,0,0,0,0,0,0,0,0,0,0,0,0,0,0,0
163112,winnie the pooh goes visiting,1971.0,0,0,0,1,0,0,0,0,0,0,0,0,0,0,0,0,0,0,0,0
163134,your name,2016.0,0,0,0,1,0,0,0,0,1,1,0,0,0,0,0,1,0,0,0,0
163386,winnie the pooh and the day of concern,1972.0,0,0,0,1,0,0,0,0,0,0,0,0,0,0,0,0,0,0,0,0
163527,comedy central roast of david hasselhoff,2010.0,0,0,0,0,0,1,0,0,0,0,0,0,0,0,0,0,0,0,0,0
163639,dc super hero girls hero of the year,2016.0,0,0,0,1,0,0,0,0,0,0,0,0,0,0,0,0,0,0,0,0
163645,hacksaw ridge,2016.0,0,0,0,0,0,0,0,0,1,0,0,0,0,0,0,0,0,0,1,0
163653,david cross making america great again,2016.0,0,0,0,0,0,1,0,0,0,0,0,0,0,0,0,0,0,0,0,0
163809,over the garden wall,2013.0,0,0,1,1,0,0,0,0,1,0,0,0,0,0,0,0,0,0,0,0
163925,wings legs and tails,1986.0,0,0,0,1,0,1,0,0,0,0,0,0,0,0,0,0,0,0,0,0
163937,blair witch,2016.0,0,0,0,0,0,0,0,0,0,0,0,1,0,0,0,0,0,1,0,0
163981,31,2016.0,0,0,0,0,0,0,0,0,0,0,0,1,0,0,0,0,0,0,0,0
163985,arq,2016.0,0,0,0,0,0,0,0,0,0,0,0,0,0,0,0,0,1,1,0,0
164179,arrival,2016.0,0,0,0,0,0,0,0,0,0,0,0,0,0,0,0,0,1,0,0,0
164200,storks,2016.0,0,0,0,1,1,1,0,0,0,0,0,0,0,0,0,0,0,0,0,0
164226,maximum ride,2016.0,0,1,1,0,0,1,0,0,0,1,0,0,0,0,0,0,1,1,0,0
164280,endless poetry,2016.0,0,0,0,0,0,0,0,0,1,1,0,0,0,0,0,0,0,0,0,0
164367,the girl with all the gifts,2016.0,0,0,0,0,0,0,0,0,1,0,0,1,0,0,0,0,1,1,0,0
164375,all roads lead to rome,2016.0,0,0,0,0,0,1,0,0,0,0,0,0,0,0,0,0,0,0,0,0
164540,amanda knox,2016.0,0,0,0,0,0,0,0,1,0,0,0,0,0,0,0,0,0,0,0,0
164647,dirty 30,2016.0,0,0,0,0,0,1,0,0,0,0,0,0,0,0,0,1,0,0,0,0
164655,gimme danger,2016.0,0,0,0,0,0,0,0,1,0,0,0,0,0,0,0,0,0,0,0,0
164707,go figure,2005.0,0,0,0,0,1,1,0,0,1,0,0,0,0,0,0,0,0,0,0,0
164753,anything for love,2016.0,0,0,0,0,0,0,0,0,0,0,0,0,0,0,0,1,0,0,0,0
164881,night guards,2016.0,0,1,0,0,0,0,0,0,0,0,0,0,0,0,0,0,1,0,0,0
164909,la la land,2016.0,0,0,0,0,0,1,0,0,1,0,0,0,0,0,0,1,0,0,0,0
164917,13th,2016.0,0,0,0,0,0,0,0,1,0,0,0,0,0,0,0,0,0,0,0,0
165075,london town,2016.0,0,0,0,0,0,0,0,0,1,0,0,0,0,0,0,0,0,0,0,0
165101,inferno,2016.0,0,0,0,0,0,0,0,0,0,0,0,0,0,0,1,0,0,1,0,0
165103,keeping up with the joneses,2016.0,0,0,0,0,0,1,0,0,0,0,0,0,0,0,0,0,0,0,0,0
165139,wild oats,2016.0,0,0,0,0,0,1,0,0,0,0,0,0,0,0,0,0,0,0,0,0
165343,the rocky horror picture show lets do the time warp again,2016.0,0,0,0,0,0,1,0,0,0,0,0,1,0,0,0,0,1,1,0,0
165347,jack reacher never go back,2016.0,0,1,0,0,0,0,1,0,1,0,0,0,0,0,1,0,0,1,0,0
165483,joe rogan triggered,2016.0,0,0,0,0,0,1,0,0,0,0,0,0,0,0,0,0,0,0,0,0
165489,ethel  ernest,2016.0,1,0,0,0,0,0,0,0,0,0,0,0,0,0,0,0,0,0,0,0
165529,flowers for algernon,2000.0,0,0,0,0,0,0,0,0,1,0,0,0,0,0,0,0,0,0,0,0
165549,manchester by the sea,2016.0,0,0,0,0,0,0,0,0,1,0,0,0,0,0,0,0,0,0,0,0
165551,lion,2016.0,0,0,0,0,0,0,0,0,1,0,0,0,0,0,0,0,0,0,0,0
165635,the thinning,2016.0,0,0,0,0,0,0,0,0,0,0,0,0,0,0,0,0,0,1,0,0
165639,while you were fighting a thor mockumentary,2016.0,0,0,0,0,0,1,0,0,0,1,0,0,0,0,0,0,1,0,0,0
165645,bad santa 2,2016.0,0,0,0,0,0,1,0,0,0,0,0,0,0,0,0,0,0,0,0,0
165671,ice guardians,2016.0,0,0,0,0,0,0,0,1,0,0,0,0,0,0,0,0,0,0,0,0
165843,risk,2016.0,0,0,0,0,0,0,0,1,0,0,0,0,0,0,0,0,0,0,0,0
165947,the true memoirs of an international assassin,2016.0,0,1,0,0,0,1,0,0,0,0,0,0,0,0,0,0,0,0,0,0
165959,alesha popovich and tugarin the dragon,2004.0,0,0,0,1,0,1,0,0,1,0,0,0,0,0,0,0,0,0,0,0
165969,hypernormalisation,2016.0,0,0,0,0,0,0,0,1,0,0,0,0,0,0,0,0,0,0,0,0
166015,the african doctor,2016.0,0,0,0,0,0,1,0,0,1,0,0,0,0,0,0,0,0,0,0,0
166024,whiplash,2013.0,1,0,0,0,0,0,0,0,0,0,0,0,0,0,0,0,0,0,0,0
166183,junior and karlson,1968.0,0,0,1,1,1,0,0,0,0,0,0,0,0,0,0,0,0,0,0,0
166203,sapphire blue,2014.0,0,0,1,0,1,0,0,0,0,1,0,0,0,0,0,0,1,0,0,0
166291,a silent voice,2016.0,0,0,0,1,0,0,0,0,1,0,0,0,0,0,0,1,0,0,0,0
166461,moana,2016.0,0,0,1,1,1,1,0,0,0,1,0,0,0,0,0,0,0,0,0,0
166492,office christmas party,2016.0,0,0,0,0,0,1,0,0,0,0,0,0,0,0,0,0,0,0,0,0
166526,the space between us,2016.0,0,0,1,0,0,0,0,0,0,0,0,0,0,0,0,0,1,0,0,0
166528,rogue one a star wars story,2016.0,0,1,1,0,0,0,0,0,0,1,0,0,0,0,0,0,1,0,0,0
166534,split,2017.0,0,0,0,0,0,0,0,0,1,0,0,1,0,0,0,0,0,1,0,0
166558,underworld blood wars,2016.0,0,1,0,0,0,0,0,0,0,0,0,1,0,0,0,0,0,0,0,0
166568,miss sloane,2016.0,0,0,0,0,0,0,0,0,0,0,0,0,0,0,0,0,0,1,0,0
166635,passengers,2016.0,0,0,1,0,0,0,0,0,1,0,0,0,0,0,0,1,1,0,0,0
166643,hidden figures,2016.0,0,0,0,0,0,0,0,0,1,0,0,0,0,0,0,0,0,0,0,0
166705,fences,2016.0,0,0,0,0,0,0,0,0,1,0,0,0,0,0,0,0,0,0,0,0
166946,the founder,2016.0,0,0,0,0,0,0,0,0,1,0,0,0,0,0,0,0,0,0,0,0
167018,why him,2016.0,0,0,0,0,0,1,0,0,0,0,0,0,0,0,0,0,0,0,0,0
167036,sing,2016.0,0,0,0,1,1,1,0,0,0,0,0,0,0,0,0,0,0,0,0,0
167064,i am not your negro,2017.0,0,0,0,0,0,0,0,1,0,0,0,0,0,0,0,0,0,0,0,0
167296,iron man,1931.0,0,0,0,0,0,0,0,0,1,0,0,0,0,0,0,0,0,0,0,0
167370,assassins creed,2016.0,0,1,1,0,0,0,0,0,0,0,0,0,0,0,0,0,1,0,0,0
167380,a dogs purpose,2017.0,0,0,0,0,0,1,0,0,1,0,0,0,0,0,0,0,0,0,0,0
167538,microwave massacre,1983.0,0,0,0,0,0,0,0,0,0,0,0,1,0,0,0,0,0,0,0,0
167570,the oa,,1,0,0,0,0,0,0,0,0,0,0,0,0,0,0,0,0,0,0,0
167634,fist fight,2017.0,0,0,0,0,0,1,0,0,0,0,0,0,0,0,0,0,0,0,0,0
167706,shakespeare behind bars,2005.0,0,0,0,0,0,0,0,1,0,0,0,0,0,0,0,0,0,0,0,0
167732,a street cat named bob,2016.0,0,0,0,0,0,1,0,0,1,0,0,0,0,0,0,0,0,0,0,0
167746,the lego batman movie,2017.0,0,1,0,1,0,1,0,0,0,0,0,0,0,0,0,0,0,0,0,0
167772,the spirit of christmas,1995.0,0,0,0,1,0,1,0,0,0,0,0,0,0,0,0,0,0,0,0,0
167790,the good boy,2016.0,0,0,0,0,1,1,0,0,1,0,0,0,0,0,0,0,0,0,0,0
167854,dana carvey straight white male 60,2016.0,0,0,0,0,0,1,0,0,0,0,0,0,0,0,0,0,0,0,0,0
168026,marvel oneshot agent carter,2013.0,0,1,1,0,0,0,0,0,0,1,0,0,0,0,0,0,1,0,0,0
168090,kizumonogatari ii passionate blood,2016.0,0,0,0,1,0,0,0,0,0,1,0,0,0,0,1,0,0,0,0,0
168144,joe rogan live,2006.0,0,0,0,0,0,1,0,0,0,0,0,0,0,0,0,0,0,0,0,0
168174,jim gaffigan cinco,2017.0,0,0,0,0,0,1,0,0,0,0,0,0,0,0,0,0,0,0,0,0
168218,kizumonogatari iii cold blood,2017.0,0,0,0,1,0,0,0,0,0,1,0,0,0,0,1,0,0,0,0,0
168248,john wick chapter two,2017.0,0,1,0,0,0,0,1,0,0,0,0,0,0,0,0,0,0,1,0,0
168250,get out,2017.0,0,0,0,0,0,0,0,0,0,0,0,1,0,0,0,0,0,0,0,0
168252,logan,2017.0,0,1,0,0,0,0,0,0,0,0,0,0,0,0,0,0,1,0,0,0
168254,kong skull island,2017.0,0,1,1,0,0,0,0,0,0,1,0,0,0,0,0,0,0,0,0,0
168266,t2 trainspotting,2017.0,0,0,0,0,0,0,1,0,1,0,0,0,0,0,0,0,0,0,0,0
168326,the big sick,2017.0,0,0,0,0,0,1,0,0,0,0,0,0,0,0,0,1,0,0,0,0
168350,100 streets,2016.0,0,0,0,0,0,0,0,0,1,0,0,0,0,0,0,0,0,0,0,0
168358,saturn 3,1980.0,0,0,0,0,0,0,0,0,0,0,0,0,0,0,0,0,1,1,0,0
168366,beauty and the beast,2017.0,0,0,0,0,0,0,0,0,0,1,0,0,0,0,0,1,0,0,0,0
168418,the boss baby,2017.0,0,0,0,1,1,1,0,0,0,0,0,0,0,0,0,0,0,0,0,0
168456,mercury plains,2016.0,0,1,1,0,0,0,0,0,1,0,0,0,0,0,0,0,0,0,0,0
168492,call me by your name,2017.0,0,0,0,0,0,0,0,0,1,0,0,0,0,0,0,1,0,0,0,0
168608,mudbound,2017.0,0,0,0,0,0,0,0,0,1,0,0,0,0,0,0,0,0,0,0,0
168612,ghost in the shell,2017.0,0,1,0,0,0,0,0,0,1,0,0,0,0,0,0,0,1,0,0,0
168632,bill burr walk your way out,2017.0,0,0,0,0,0,1,0,0,0,0,0,0,0,0,0,0,0,0,0,0
168712,fifty shades darker,2017.0,0,0,0,0,0,0,0,0,1,0,0,0,0,0,0,1,0,0,0,0
168846,neal brennan 3 mics,2017.0,0,0,0,0,0,1,0,0,0,0,0,0,0,0,0,0,0,0,0,0
169034,lemonade,2016.0,1,0,0,0,0,0,0,0,0,0,0,0,0,0,0,0,0,0,0,0
169180,american fable,2017.0,0,0,0,0,0,0,0,0,0,0,0,0,0,0,0,0,0,1,0,0
169670,the void,2016.0,0,0,0,0,0,0,0,0,0,0,0,1,0,0,0,0,0,0,0,0
169904,guyver dark hero,1994.0,0,0,0,0,0,0,0,0,0,0,0,0,0,0,0,0,1,0,0,0
169912,denis leary no cure for cancer,1993.0,0,0,0,0,0,1,0,0,0,0,0,0,0,0,0,0,0,0,0,0
169958,busters mal heart,2017.0,0,0,0,0,0,0,0,0,1,0,0,0,0,0,1,0,0,0,0,0
169982,power rangers,2017.0,0,1,1,0,0,0,0,0,0,0,0,0,0,0,0,0,1,0,0,0
169984,alien covenant,2017.0,0,1,0,0,0,0,0,0,0,0,0,1,0,0,0,0,1,1,0,0
169992,free fire,2017.0,0,1,0,0,0,0,1,0,1,0,0,0,0,0,0,0,0,0,0,0
170289,species iii,2004.0,0,1,0,0,0,0,0,0,0,0,0,1,0,0,0,0,1,0,0,0
170297,ultimate avengers 2,2006.0,0,1,0,1,0,0,0,0,0,0,0,0,0,0,0,0,1,0,0,0
170355,mulholland dr,1999.0,0,0,0,0,0,0,0,0,1,0,0,0,0,0,1,1,0,0,0,0
170357,dave chappelle the age of spin,2017.0,0,0,0,0,0,1,0,0,0,0,0,0,0,0,0,0,0,0,0,0
170399,chips,2017.0,0,1,0,0,0,1,0,0,1,0,0,0,0,0,0,0,0,0,0,0
170401,table 19,2017.0,0,0,0,0,0,1,0,0,1,0,0,0,0,0,0,0,0,0,0,0
170411,dave chappelle deep in the heart of texas,2017.0,0,0,0,0,0,1,0,0,0,0,0,0,0,0,0,0,0,0,0,0
170551,the quiet family,1998.0,0,0,0,0,0,1,0,0,0,0,0,0,0,0,0,0,0,0,0,0
170597,a plasticine crow,1981.0,0,0,0,1,0,0,0,0,0,0,0,0,0,0,0,0,0,0,0,0
170697,gifted,2017.0,0,0,0,0,0,0,0,0,1,0,0,0,0,0,0,0,0,0,0,0
170705,band of brothers,2001.0,0,1,0,0,0,0,0,0,1,0,0,0,0,0,0,0,0,0,1,0
170777,there once was a dog,1982.0,0,0,0,1,1,1,0,0,0,0,0,0,0,0,0,0,0,0,0,0
170813,baywatch,2017.0,0,1,0,0,0,1,0,0,0,0,0,0,0,0,0,0,0,0,0,0
170817,snatched,2017.0,0,1,0,0,0,1,0,0,0,0,0,0,0,0,0,0,0,0,0,0
170827,the mummy,2017.0,0,1,1,0,0,0,0,0,0,1,0,1,0,0,0,0,0,1,0,0
170837,lifesize,2000.0,0,0,0,0,1,1,0,0,0,1,0,0,0,0,0,0,0,0,0,0
170875,the fate of the furious,2017.0,0,1,0,0,0,0,1,0,1,0,0,0,0,0,0,0,0,1,0,0
170897,sandy wexler,2017.0,0,0,0,0,0,1,0,0,0,0,0,0,0,0,0,0,0,0,0,0
170907,betting on zero,2016.0,0,0,0,0,0,0,0,1,0,0,0,0,0,0,0,0,0,0,0,0
170937,win it all,2017.0,0,0,0,0,0,1,0,0,0,0,0,0,0,0,0,0,0,0,0,0
170939,captain underpants the first epic movie,2017.0,0,1,0,1,1,1,0,0,0,0,0,0,0,0,0,0,0,0,0,0
170945,it comes at night,2017.0,0,0,0,0,0,0,0,0,0,0,0,1,0,0,1,0,0,1,0,0
170957,cars 3,2017.0,0,0,1,1,0,1,0,0,0,0,0,0,0,0,0,0,0,0,0,0
170993,minis first time,2006.0,0,0,0,0,0,1,1,0,1,0,0,0,0,0,0,0,0,0,0,0
171011,planet earth ii,2016.0,0,0,0,0,0,0,0,1,0,0,0,0,0,0,0,0,0,0,0,0
171023,the hero,2017.0,0,0,0,0,0,0,0,0,1,0,0,0,0,0,0,0,0,0,0,0
171251,nobody speak hulk hogan gawker and trials of a free press,2017.0,0,0,0,0,0,0,0,1,0,0,0,0,0,0,0,0,0,0,0,0
171495,cosmos,,1,0,0,0,0,0,0,0,0,0,0,0,0,0,0,0,0,0,0,0
171631,maria bamford old baby,,1,0,0,0,0,0,0,0,0,0,0,0,0,0,0,0,0,0,0,0
171695,robin williams live on broadway,2002.0,0,0,0,0,0,1,0,0,0,0,0,0,0,0,0,0,0,0,0,0
171701,the death of louis xiv,2016.0,0,0,0,0,0,0,0,0,1,0,0,0,0,0,0,0,0,0,0,0
171749,death note desu nôto 20062007,,1,0,0,0,0,0,0,0,0,0,0,0,0,0,0,0,0,0,0,0
171751,munna bhai mbbs,2003.0,0,0,0,0,0,1,0,0,0,0,0,0,0,0,0,0,0,0,0,0
171759,the beguiled,2017.0,0,0,0,0,0,0,0,0,1,0,0,0,0,0,0,0,0,1,0,1
171763,baby driver,2017.0,0,1,0,0,0,0,1,0,0,0,0,0,0,0,0,0,0,1,0,0
171765,okja,2017.0,0,1,1,0,0,0,0,0,1,0,0,0,0,0,0,0,1,0,0,0
171811,embassy,2013.0,0,0,0,0,0,1,0,0,0,0,0,0,0,0,0,0,1,0,1,0
171867,rough night,2017.0,0,0,0,0,0,1,0,0,1,0,0,0,0,0,0,0,0,0,0,0
171891,generation iron 2,,1,0,0,0,0,0,0,0,0,0,0,0,0,0,0,0,0,0,0,0
171917,mystère à la tour eiffel,2015.0,0,0,0,0,0,0,0,0,1,0,0,0,0,0,1,0,0,1,0,0
172013,stefan zweig farewell to europe,2016.0,0,0,0,0,0,0,0,0,1,0,0,0,0,0,0,0,0,0,0,0
172215,saved by the bell hawaiian style,1992.0,0,0,0,0,0,1,0,0,0,0,0,0,0,0,0,0,0,0,0,0
172229,plain clothes,1988.0,0,0,0,0,0,1,0,0,0,0,0,0,0,0,1,1,0,1,0,0
172233,the prime gig,2000.0,0,0,0,0,0,0,0,0,1,0,0,0,0,0,0,1,0,0,0,0
172253,the night before,1988.0,0,0,0,0,0,1,0,0,0,0,0,0,0,0,0,0,0,0,0,0
172321,late night with conan obrien the best of triumph the insult comic dog,2004.0,0,0,0,0,0,1,0,0,0,0,0,0,0,0,0,0,0,0,0,0
172461,get me roger stone,2017.0,0,0,0,0,0,0,0,1,0,0,0,0,0,0,0,0,0,0,0,0
172497,t2 3d battle across time,1996.0,1,0,0,0,0,0,0,0,0,0,0,0,0,0,0,0,0,0,0,0
172547,despicable me 3,2017.0,0,0,1,1,1,1,0,0,0,0,0,0,0,0,0,0,0,0,0,0
172577,last years snow was falling,1983.0,0,0,0,1,1,1,0,0,0,1,0,0,0,0,0,0,0,0,0,0
172583,investigation held by kolobki,1986.0,0,0,0,1,0,0,0,0,0,0,0,0,0,0,0,0,0,0,0,0
172585,karlson returns,1970.0,0,0,1,1,1,0,0,0,0,0,0,0,0,0,0,0,0,0,0,0
172587,vacations in prostokvashino,1980.0,0,0,0,1,0,0,0,0,0,0,0,0,0,0,0,0,0,0,0,0
172589,winter in prostokvashino,1984.0,0,0,0,1,0,0,0,0,0,0,0,0,0,0,0,0,0,0,0,0
172591,the godfather trilogy 19721990,1992.0,1,0,0,0,0,0,0,0,0,0,0,0,0,0,0,0,0,0,0,0
172637,priklyucheniya kapitana vrungelya,1979.0,0,1,1,1,0,1,0,0,0,0,0,0,0,0,0,0,0,0,0,0
172705,tickling giants,2017.0,0,0,0,0,0,0,0,1,0,0,0,0,0,0,0,0,0,0,0,0
172793,vovka in the kingdom of far far away,1965.0,0,0,1,1,1,0,0,0,0,1,0,0,0,0,0,0,0,0,0,0
172825,adventures of mowgli the kidnapping,1968.0,0,0,1,1,1,0,0,0,0,0,0,0,0,0,0,0,0,0,0,0
172875,a detective story,2003.0,0,0,0,1,0,0,0,0,0,0,0,0,0,0,0,0,1,0,0,0
172881,final flight of the osiris,2003.0,0,1,0,1,0,0,0,0,0,0,0,0,0,0,0,0,1,0,0,0
172887,kids story,2003.0,0,0,0,1,0,0,0,0,0,0,0,0,0,0,0,0,1,0,0,0
172909,cheburashka,1971.0,0,0,0,1,0,0,0,0,0,0,0,0,0,0,0,0,0,0,0,0
173145,war for the planet of the apes,2017.0,0,1,1,0,0,0,0,0,1,0,0,0,0,0,0,0,1,0,0,0
173197,the square,2017.0,0,0,0,0,0,0,0,0,1,0,0,0,0,0,0,0,0,0,0,0
173205,the meyerowitz stories,2017.0,0,0,0,0,0,1,0,0,0,0,0,0,0,0,0,0,0,0,0,0
173209,war machine,2017.0,0,0,0,0,0,1,0,0,1,0,0,0,0,0,0,0,0,0,1,0
173235,tokyo idols,2017.0,0,0,0,0,0,0,0,1,0,0,0,0,0,0,0,0,0,0,0,0
173253,vir das abroad understanding,2017.0,0,0,0,0,0,1,0,0,0,0,0,0,0,0,0,0,0,0,0,0
173255,norm macdonald hitlers dog gossip  trickery,2017.0,0,0,0,0,0,1,0,0,0,0,0,0,0,0,0,0,0,0,0,0
173291,valerian and the city of a thousand planets,2017.0,0,1,1,0,0,0,0,0,0,0,0,0,0,0,0,0,1,0,0,0
173307,the gracefield incident,2015.0,0,1,0,0,0,0,0,0,0,0,0,1,0,0,0,0,1,0,0,0
173317,shadow world,2016.0,0,0,0,0,0,0,0,1,0,0,0,0,0,0,0,0,0,0,0,0
173351,wow a talking fish,1983.0,0,0,0,1,1,1,0,0,0,1,0,0,0,0,0,0,0,0,0,0
173355,travels of an ant,1983.0,0,0,0,1,0,0,0,0,0,0,0,0,0,0,0,0,0,0,0,0
173535,the adventures of sherlock holmes and doctor watson the hunt for the tiger,1980.0,1,0,0,0,0,0,0,0,0,0,0,0,0,0,0,0,0,0,0,0
173619,fugitives,1986.0,0,0,0,0,0,1,1,0,0,0,0,0,0,0,0,0,0,0,0,0
173751,tiger raid,2016.0,0,0,0,0,0,0,0,0,0,0,0,0,0,0,0,0,0,1,0,0
173873,gullivers travels,1996.0,0,0,1,0,1,0,0,0,0,1,0,0,0,0,0,0,0,0,0,0
173925,seven sisters,2017.0,0,0,0,0,0,0,0,0,0,0,0,0,0,0,0,0,1,1,0,0
173941,atomic blonde,2017.0,0,0,0,0,0,0,0,0,0,0,0,0,0,0,0,0,0,1,0,0
173963,empties,2007.0,0,0,0,0,0,1,0,0,0,0,0,0,0,0,0,0,0,0,0,0
174045,goon last of the enforcers,2017.0,0,0,0,0,0,1,0,0,0,0,0,0,0,0,0,0,0,0,0,0
174053,black mirror white christmas,2014.0,0,0,0,0,0,0,0,0,1,0,0,1,0,0,1,0,1,1,0,0
174055,dunkirk,2017.0,0,1,0,0,0,0,0,0,1,0,0,0,0,0,0,0,0,1,1,0
174141,belladonna of sadness,1973.0,0,0,0,1,0,0,0,0,1,1,0,0,0,0,0,0,0,0,0,0
174403,the putin interviews,2017.0,1,0,0,0,0,0,0,0,0,0,0,0,0,0,0,0,0,0,0,0
174479,unedited footage of a bear,2014.0,0,0,0,0,0,0,0,0,0,0,0,1,0,0,0,0,0,1,0,0
174551,obsession,1965.0,0,0,0,0,0,1,0,0,0,0,0,0,0,0,0,0,0,0,0,0
174681,oh hello on broadway,2017.0,0,0,0,0,0,1,0,0,0,0,0,0,0,0,0,0,0,0,0,0
174727,good time,2017.0,0,0,0,0,0,0,1,0,1,0,0,0,0,0,0,0,0,0,0,0
174737,don camillo in moscow,1965.0,0,0,0,0,0,1,0,0,0,0,0,0,0,0,0,0,0,0,0,0
174815,the house,2017.0,0,0,0,0,0,1,0,0,0,0,0,0,0,0,0,0,0,0,0,0
174909,logan lucky,2017.0,0,0,0,0,0,1,0,0,0,0,0,0,0,0,0,0,0,0,0,0
175197,the dark tower,2017.0,0,0,0,0,0,0,0,0,0,1,0,1,0,0,0,0,1,0,0,1
175199,annabelle creation,2017.0,0,0,0,0,0,0,0,0,0,0,0,1,0,0,0,0,0,0,0,0
175293,gena the crocodile,1969.0,0,0,0,1,1,0,0,0,0,0,0,0,0,0,0,0,0,0,0,0
175303,it,2017.0,0,0,0,0,0,0,0,0,0,0,0,1,0,0,0,0,0,0,0,0
175387,on the trail of the bremen town musicians,1973.0,0,0,1,1,1,0,0,0,0,0,0,0,0,0,0,0,0,0,0,0
175397,in the blue sea in the white foam,1984.0,0,0,0,1,1,0,0,0,0,1,0,0,0,0,0,0,0,0,0,0
175401,wolf and calf,1984.0,0,0,0,1,0,0,0,0,0,0,0,0,0,0,0,0,0,0,0,0
175431,bobik visiting barbos,1977.0,0,0,0,1,0,1,0,0,0,0,0,0,0,0,0,0,0,0,0,0
175435,the magic ring,1982.0,0,0,0,1,0,0,0,0,0,1,0,0,0,0,0,0,0,0,0,0
175475,the emoji movie,2017.0,0,0,0,1,1,1,0,0,0,0,0,0,0,0,0,0,0,0,0,0
175485,death note,2017.0,0,0,0,0,0,0,0,0,0,0,0,1,0,0,0,0,0,1,0,0
175569,wind river,2017.0,0,1,0,0,0,0,1,0,0,0,0,0,0,0,1,0,0,1,0,0
175577,rory scovel tries standup for the first time,2017.0,0,0,0,0,0,1,0,0,0,0,0,0,0,0,0,0,0,0,0,0
175585,shot caller,2017.0,0,1,0,0,0,0,1,0,1,0,0,0,0,0,0,0,0,1,0,0
175661,the hitmans bodyguard,2017.0,0,1,0,0,0,1,0,0,0,0,0,0,0,0,0,0,0,0,0,0
175693,rick and morty state of georgia vs denver fenton allen,2016.0,0,0,0,0,0,1,1,0,0,0,0,0,0,0,0,0,0,0,0,0
175705,themroc,1973.0,0,0,0,0,0,1,0,0,0,0,0,1,0,0,0,0,0,0,0,0
175707,a german life,2016.0,0,0,0,0,0,0,0,1,0,0,0,0,0,0,0,0,0,0,0,0
175743,selfcriticism of a bourgeois dog,2017.0,0,0,0,0,0,1,0,0,0,0,0,0,0,0,0,0,0,0,0,0
175781,der herr karl,1961.0,0,0,0,0,0,1,0,0,0,0,0,0,0,0,0,0,0,0,0,0
176051,lego dc super hero girls brain drain,2017.0,0,0,0,1,0,0,0,0,0,0,0,0,0,0,0,0,0,0,0,0
176101,kingsman the golden circle,2017.0,0,1,1,0,0,1,0,0,0,0,0,0,0,0,0,0,0,0,0,0
176329,ari shaffir double negative,2017.0,0,0,0,0,0,1,0,0,0,0,0,0,0,0,0,0,0,0,0,0
176371,blade runner 2049,2017.0,0,0,0,0,0,0,0,0,0,0,0,0,0,0,0,0,1,0,0,0
176389,the nut job 2 nutty by nature,2017.0,0,0,1,1,1,1,0,0,0,0,0,0,0,0,0,0,0,0,0,0
176413,bliss,2012.0,0,0,0,0,0,0,0,0,1,0,0,0,0,0,0,0,0,0,0,0
176415,alles inklusive,2014.0,0,0,0,0,0,1,0,0,1,0,0,0,0,0,0,0,0,0,0,0
176419,mother,2017.0,0,0,0,0,0,0,0,0,1,0,0,1,0,0,1,0,0,1,0,0
176423,icarus,2017.0,0,0,0,0,0,0,0,1,0,0,0,0,0,0,0,0,0,0,0,0
176579,cage dive,2017.0,0,0,0,0,0,0,0,0,1,0,0,1,0,0,0,0,0,1,0,0
176601,black mirror,,1,0,0,0,0,0,0,0,0,0,0,0,0,0,0,0,0,0,0,0
176621,bonifaces holiday,1965.0,0,0,0,1,1,1,0,0,0,0,0,0,0,0,0,1,0,0,0,0
176751,american made,2017.0,0,0,0,0,0,0,1,0,0,0,0,0,0,0,0,0,0,1,0,0
176805,little boxes,2017.0,0,0,0,0,0,1,0,0,1,0,0,0,0,0,0,0,0,0,0,0
176935,geostorm,2017.0,0,1,0,0,0,0,0,0,0,0,0,0,0,0,0,0,0,0,0,0
177185,maz jobrani immigrant,2017.0,0,0,0,0,0,1,0,0,0,0,0,0,0,0,0,0,0,0,0,0
177285,sword art online the movie ordinal scale,2017.0,0,1,1,1,0,0,0,0,0,1,0,0,0,0,0,0,1,0,0,0
177593,three billboards outside ebbing missouri,2017.0,0,0,0,0,0,0,1,0,1,0,0,0,0,0,0,0,0,0,0,0
177615,lady bird,2017.0,0,0,0,0,0,1,0,0,0,0,0,0,0,0,0,0,0,0,0,0
177763,murder on the orient express,2017.0,0,0,0,0,0,0,1,0,1,0,0,0,0,0,1,0,0,0,0,0
177765,coco,2017.0,0,0,1,1,1,0,0,0,0,0,0,0,0,0,0,0,0,0,0,0
177939,the night is short walk on girl,2017.0,0,0,0,1,0,0,0,0,0,0,0,0,0,0,0,1,0,0,0,0
178061,i tonya,2017.0,0,0,0,0,0,0,0,0,1,0,0,0,0,0,0,0,0,0,0,0
178111,fireworks should we see it from the side or the bottom,2017.0,0,0,0,1,0,0,0,0,0,0,0,0,0,0,0,0,0,0,0,0
178129,adventures in plymptoons,2011.0,0,0,0,0,0,0,0,1,0,0,0,0,0,0,0,0,0,0,0,0
178323,gaga five foot two,2017.0,0,0,0,0,0,0,0,1,0,0,0,0,0,0,0,0,0,0,0,0
178613,dave chappelle killin them softly,2000.0,0,0,0,0,0,1,0,0,0,0,0,0,0,0,0,0,0,0,0,0
178615,front cover,2016.0,0,0,0,0,0,1,0,0,1,0,0,0,0,0,0,1,0,0,0,0
178827,paddington 2,2017.0,0,0,1,1,1,1,0,0,0,0,0,0,0,0,0,0,0,0,0,0
179053,2048 nowhere to run,2017.0,0,0,0,0,0,0,0,0,0,0,0,0,0,0,0,0,1,1,0,0
179073,male hunt,1964.0,0,0,0,0,0,1,0,0,0,0,0,0,0,0,0,0,0,0,0,0
179119,the death of stalin,2017.0,0,0,0,0,0,1,0,0,0,0,0,0,0,0,0,0,0,0,0,0
179133,loving vincent,2017.0,0,0,0,1,0,0,1,0,1,0,0,0,0,0,0,0,0,0,0,0
179135,blue planet ii,2017.0,0,0,0,0,0,0,0,1,0,0,0,0,0,0,0,0,0,0,0,0
179211,christina p mother inferior,2017.0,0,0,0,0,0,1,0,0,0,0,0,0,0,0,0,0,0,0,0,0
179401,jumanji welcome to the jungle,2017.0,0,1,1,0,1,0,0,0,0,0,0,0,0,0,0,0,0,0,0,0
179427,dane cook troublemaker,2014.0,0,0,0,0,0,1,0,0,0,0,0,0,0,0,0,0,0,0,0,0
179491,mayhem,2017.0,0,1,0,0,0,0,0,0,0,0,0,1,0,0,0,0,0,0,0,0
179511,emerald green,2016.0,0,0,1,0,0,0,0,0,1,1,0,0,0,0,0,1,0,0,0,0
179709,wonder wheel,2017.0,0,0,0,0,0,0,0,0,1,0,0,0,0,0,0,0,0,0,0,0
179749,creep 2,2017.0,0,0,0,0,0,1,0,0,0,0,0,1,0,0,0,0,0,0,0,0
179813,lbj,2017.0,0,0,0,0,0,0,0,0,1,0,0,0,0,0,0,0,0,0,0,0
179815,roman j israel esq,2017.0,0,0,0,0,0,0,0,0,1,0,0,0,0,0,0,0,0,1,0,0
179817,darkest hour,2017.0,0,0,0,0,0,0,0,0,1,0,0,0,0,0,0,0,0,0,1,0
179819,star wars the last jedi,2017.0,0,1,1,0,0,0,0,0,0,1,0,0,0,0,0,0,1,0,0,0
179953,a bad moms christmas,2017.0,0,0,0,0,0,1,0,0,0,0,0,0,0,0,0,0,0,0,0,0
180031,the shape of water,2017.0,0,0,1,0,0,0,0,0,1,1,0,0,0,0,0,0,0,0,0,0
180045,mollys game,2017.0,0,0,0,0,0,0,0,0,1,0,0,0,0,0,0,0,0,0,0,0
180095,wonder,2017.0,0,0,0,0,0,0,0,0,1,0,0,0,0,0,0,0,0,0,0,0
180231,daddys home 2,2017.0,0,0,0,0,0,1,0,0,1,0,0,0,0,0,0,0,0,0,0,0
180263,the shining,1997.0,0,0,0,0,0,0,0,0,1,0,0,1,0,0,0,0,0,1,0,0
180265,jim  andy the great beyond,2017.0,0,0,0,0,0,0,0,1,0,0,0,0,0,0,0,0,0,0,0,0
180297,the disaster artist,2017.0,0,0,0,0,0,1,0,0,1,0,0,0,0,0,0,0,0,0,0,0
180497,the post,2017.0,0,0,0,0,0,0,0,0,1,0,0,0,0,0,0,0,0,1,0,0
180777,die frauen von ravensbrück,2005.0,0,0,0,0,0,0,0,1,0,0,0,0,0,0,0,0,0,0,0,0
180985,the greatest showman,2017.0,0,0,0,0,0,0,0,0,1,0,0,0,0,0,0,0,0,0,0,0
180987,ferdinand,2017.0,0,0,0,1,1,1,0,0,0,0,0,0,0,0,0,0,0,0,0,0
181065,jack whitehall at large,2017.0,0,0,0,0,0,1,0,0,0,0,0,0,0,0,0,0,0,0,0,0
181139,lynne koplitz hormonal beast,2017.0,0,0,0,0,0,1,0,0,0,0,0,0,0,0,0,0,0,0,0,0
181315,phantom thread,2017.0,0,0,0,0,0,0,0,0,1,0,0,0,0,0,0,1,0,0,0,0
181413,too funny to fail the life and death of the dana carvey show,2017.0,1,0,0,0,0,0,0,0,0,0,0,0,0,0,0,0,0,0,0,0
181659,craig ferguson tickle fight,2017.0,0,0,0,0,0,1,0,0,0,0,0,0,0,0,0,0,0,0,0,0
181719,serving in silence the margarethe cammermeyer story,1995.0,1,0,0,0,0,0,0,0,0,0,0,0,0,0,0,0,0,0,0,0
182293,hareum scareum,1939.0,0,0,0,1,1,1,0,0,0,0,0,0,0,0,0,0,0,0,0,0
182297,porky in wackyland,1938.0,0,0,0,1,0,1,0,0,0,1,0,0,0,0,0,0,0,0,0,0
182299,porkys hare hunt,1938.0,0,0,0,1,1,1,0,0,0,0,0,0,0,0,0,0,0,0,0,0
182639,the second renaissance part ii,2003.0,0,0,0,1,0,0,0,0,0,0,0,0,0,0,0,0,1,0,0,0
182715,annihilation,2018.0,0,0,1,0,0,0,0,0,0,0,0,0,0,0,1,0,1,1,0,0
182727,a christmas story live,2017.0,1,0,0,0,0,0,0,0,0,0,0,0,0,0,0,0,0,0,0,0
182731,pixel perfect,2004.0,0,0,0,0,1,1,0,0,0,0,0,0,0,0,0,0,1,0,0,0
182749,judd apatow the return,2017.0,0,0,0,0,0,1,0,0,0,0,0,0,0,0,0,0,0,0,0,0
182793,the purple sea,2009.0,0,0,0,0,0,0,0,0,1,0,0,0,0,0,0,0,0,0,0,0
182823,bright,2017.0,0,1,0,0,0,0,1,0,0,1,0,0,0,0,0,0,0,0,0,0
183011,the commuter,2018.0,0,0,0,0,0,0,1,0,1,0,0,0,0,0,1,0,0,1,0,0
183197,dave chappelle equanimity,2017.0,0,0,0,0,0,1,0,0,0,0,0,0,0,0,0,0,0,0,0,0
183199,quest,2017.0,0,0,0,0,0,0,0,1,0,0,0,0,0,0,0,0,0,0,0,0
183227,dave chappelle the bird revelation,2017.0,0,0,0,0,0,1,0,0,0,0,0,0,0,0,0,0,0,0,0,0
183295,insidious the last key,2018.0,0,0,0,0,0,0,0,0,0,0,0,1,0,0,1,0,0,1,0,0
183301,the tale of the bunny picnic,1986.0,0,0,0,0,1,0,0,0,0,0,0,0,0,0,0,0,0,0,0,0
183317,patti rocks,1988.0,0,0,0,0,0,1,0,0,1,0,0,0,0,0,0,0,0,0,0,0
183611,game night,2018.0,0,1,0,0,0,1,1,0,0,0,0,1,0,0,0,0,0,0,0,0
183635,maze runner the death cure,2018.0,0,1,0,0,0,0,0,0,0,0,0,0,0,0,1,0,1,1,0,0
183897,isle of dogs,2018.0,0,0,0,1,0,1,0,0,0,0,0,0,0,0,0,0,0,0,0,0
183911,the clapper,2018.0,0,0,0,0,0,1,0,0,0,0,0,0,0,0,0,0,0,0,0,0
183959,tom segura disgraceful,2018.0,0,0,0,0,0,1,0,0,0,0,0,0,0,0,0,0,0,0,0,0
184015,when we first met,2018.0,0,0,0,0,0,1,0,0,0,0,0,0,0,0,0,0,0,0,0,0
184053,battle planet,2008.0,0,1,0,0,0,0,0,0,0,0,0,0,0,0,0,0,1,0,0,0
184245,de platte jungle,1978.0,0,0,0,0,0,0,0,1,0,0,0,0,0,0,0,0,0,0,0,0
184253,the cloverfield paradox,2018.0,0,0,0,0,0,0,0,0,0,0,0,1,0,0,1,0,1,1,0,0
184257,making a murderer,2015.0,0,0,0,0,0,0,1,1,0,0,0,0,0,0,0,0,0,0,0,0
184349,elsa  fred,2005.0,0,0,0,0,0,1,0,0,1,0,0,0,0,0,0,1,0,0,0,0
184471,tomb raider,2018.0,0,1,1,0,0,0,0,0,0,1,0,0,0,0,0,0,0,0,0,0
184641,fullmetal alchemist 2018,2017.0,0,1,1,0,0,0,0,0,0,1,0,0,0,0,0,0,0,0,0,0
184721,first reformed,2017.0,0,0,0,0,0,0,0,0,1,0,0,0,0,0,0,0,0,1,0,0
184791,fred armisen standup for drummers,2018.0,0,0,0,0,0,1,0,0,0,0,0,0,0,0,0,0,0,0,0,0
184931,death wish,2018.0,0,1,0,0,0,0,1,0,1,0,0,0,0,0,0,0,0,1,0,0
184987,a wrinkle in time,2018.0,0,0,1,0,1,0,0,0,0,1,0,0,0,0,0,0,1,0,0,0
184997,love simon,2018.0,0,0,0,0,0,1,0,0,1,0,0,0,0,0,0,0,0,0,0,0
185029,a quiet place,2018.0,0,0,0,0,0,0,0,0,1,0,0,1,0,0,0,0,0,1,0,0
185031,alpha,2018.0,0,0,1,0,0,0,0,0,0,0,0,0,0,0,0,0,0,1,0,0
185033,i kill giants,2018.0,0,0,0,0,0,0,0,0,1,1,0,0,0,0,0,0,0,1,0,0
185135,sherlock  a study in pink,2010.0,0,0,0,0,0,0,1,0,0,0,0,0,0,0,0,0,0,0,0,0
185435,game over man,2018.0,0,1,0,0,0,1,0,0,0,0,0,0,0,0,0,0,0,0,0,0
185473,blockers,2018.0,0,0,0,0,0,1,0,0,0,0,0,0,0,0,0,0,0,0,0,0
185585,pacific rim uprising,2018.0,0,1,0,0,0,0,0,0,0,1,0,0,0,0,0,0,1,0,0,0
186587,rampage,2018.0,0,1,1,0,0,0,0,0,0,0,0,0,0,0,0,0,1,0,0,0
187031,jurassic world fallen kingdom,2018.0,0,1,1,0,0,0,0,0,1,0,0,0,0,0,0,0,1,1,0,0
187541,incredibles 2,2018.0,0,1,1,1,1,0,0,0,0,0,0,0,0,0,0,0,0,0,0,0
187593,deadpool 2,2018.0,0,1,0,0,0,1,0,0,0,0,0,0,0,0,0,0,1,0,0,0
187595,solo a star wars story,2018.0,0,1,1,0,1,0,0,0,0,0,0,0,0,0,0,0,1,0,0,0
187717,wont you be my neighbor,2018.0,0,0,0,0,0,0,0,1,0,0,0,0,0,0,0,0,0,0,0,0
188189,sorry to bother you,2018.0,0,0,0,0,0,1,0,0,0,1,0,0,0,0,0,0,1,0,0,0
188301,antman and the wasp,2018.0,0,1,1,0,0,1,0,0,0,1,0,0,0,0,0,0,1,0,0,0
188675,dogman,2018.0,0,0,0,0,0,0,1,0,1,0,0,0,0,0,0,0,0,0,0,0
188751,mamma mia here we go again,2018.0,0,0,0,0,0,1,0,0,0,0,0,0,0,0,0,1,0,0,0,0
188797,tag,2018.0,0,0,0,0,0,1,0,0,0,0,0,0,0,0,0,0,0,0,0,0
188833,the man who killed don quixote,2018.0,0,0,1,0,0,1,0,0,0,1,0,0,0,0,0,0,0,0,0,0
189043,boundaries,2018.0,0,0,0,0,0,1,0,0,1,0,0,0,0,0,0,0,0,0,0,0
189111,spiral,2018.0,0,0,0,0,0,0,0,1,0,0,0,0,0,0,0,0,0,0,0,0
189333,mission impossible  fallout,2018.0,0,1,1,0,0,0,0,0,0,0,0,0,0,0,0,0,0,1,0,0
189381,superfly,2018.0,0,1,0,0,0,0,1,0,0,0,0,0,0,0,0,0,0,1,0,0
189547,iron soldier,2010.0,0,1,0,0,0,0,0,0,0,0,0,0,0,0,0,0,1,0,0,0
189713,blackkklansman,2018.0,0,0,0,0,0,1,1,0,1,0,0,0,0,0,0,0,0,0,0,0
190183,the darkest minds,2018.0,0,0,0,0,0,0,0,0,0,0,0,0,0,0,0,0,1,1,0,0
190207,tilt,2011.0,0,0,0,0,0,0,0,0,1,0,0,0,0,0,0,1,0,0,0,0
190209,jeff ross roasts the border,2017.0,0,0,0,0,0,1,0,0,0,0,0,0,0,0,0,0,0,0,0,0
190213,john from,2015.0,0,0,0,0,0,0,0,0,1,0,0,0,0,0,0,0,0,0,0,0
190215,liquid truth,2017.0,0,0,0,0,0,0,0,0,1,0,0,0,0,0,0,0,0,0,0,0
190219,bunny,1998.0,0,0,0,1,0,0,0,0,0,0,0,0,0,0,0,0,0,0,0,0
190221,hommage à zgougou et salut à sabine mamou,2002.0,0,0,0,0,0,0,0,1,0,0,0,0,0,0,0,0,0,0,0,0
191005,gintama,2017.0,0,1,1,0,0,1,0,0,0,0,0,0,0,0,0,0,1,0,0,0
193565,gintama the movie,2010.0,0,1,0,1,0,1,0,0,0,0,0,0,0,0,0,0,1,0,0,0
193567,anohana the flower we saw that day  the movie,2013.0,0,0,0,1,0,0,0,0,1,0,0,0,0,0,0,0,0,0,0,0
193571,silver spoon,2014.0,0,0,0,0,0,1,0,0,1,0,0,0,0,0,0,0,0,0,0,0
193573,love live the school idol movie,2015.0,0,0,0,1,0,0,0,0,0,0,0,0,0,0,0,0,0,0,0,0
193579,jon stewart has left the building,2015.0,0,0,0,0,0,0,0,1,0,0,0,0,0,0,0,0,0,0,0,0
193581,black butler book of the atlantic,2017.0,0,1,0,1,0,1,0,0,0,1,0,0,0,0,0,0,0,0,0,0
193583,no game no life zero,2017.0,0,0,0,1,0,1,0,0,0,1,0,0,0,0,0,0,0,0,0,0
193585,flint,2017.0,0,0,0,0,0,0,0,0,1,0,0,0,0,0,0,0,0,0,0,0
193587,bungo stray dogs dead apple,2018.0,0,1,0,1,0,0,0,0,0,0,0,0,0,0,0,0,0,0,0,0
193609,andrew dice clay dice rules,1991.0,0,0,0,0,0,1,0,0,0,0,0,0,0,0,0,0,0,0,0,0
